CREATE TABLE AwardShow( ShowName VARCHAR(100) PRIMARY KEY, Description VARCHAR(2000), Year INT, Type VARCHAR(100), Criteria VARCHAR(2000), VotingPanel VARCHAR(2000));
INSERT INTO AwardShow (ShowName, Description, Year, Type, Criteria, VotingPanel) VALUES ('Oscars', 'The Academy Awards or The Oscars is an annual American awards ceremony honoring cinematic achievements in the film industry.', 1929, 'Movies', 'https://web.archive.org/web/20131110071910/http://www.oscars.org/awards/academyawards/rules/rule02.html | http://www.oscars.org/oscars/rules-eligibility', 'The Academy of Motion Picture Arts and Sciences (AMPAS)');
INSERT INTO AwardShow (ShowName, Description, Year, Type, Criteria, VotingPanel) VALUES ('Emmys', 'An Emmy Award, or simply Emmy, recognizes excellence in the television industry, and corresponds to the Academy Award, the Tony Award, and the Grammy Award.', 1949, 'Television', 'http://www.emmys.com/sites/default/files/Downloads/pte14_rulesandproced_v4.pdf', 'Television Academy');
INSERT INTO AwardShow (ShowName, Description, Year, Type, Criteria, VotingPanel) VALUES ('Tonys', 'The Antoinette Perry Award for Excellence in Theatre, more commonly known informally as the Tony Award, recognizes achievement in live Broadway theatre.', 1947, 'Stage', 'http://www.tonyawards.com/pdf/2014_Tony_Rules_Regulations_April_25.pdf', 'Representatives of any of the many groups: http://www.tonyawards.com/en_US/about/rules.html');
INSERT INTO AwardShow (ShowName, Description, Year, Type, Criteria, VotingPanel) VALUES ('Grammys', 'A Grammy Award, or Grammy, is an accolade by the National Academy of Recording Arts and Sciences of the United States to recognize outstanding achievement in the music industry.', 1959, 'Music', 'http://www.grammy.org/recording-academy/awards/grammy-awards-voting-process', 'Recording Academy');
CREATE TABLE Countries(Country VARCHAR(200), MinLat REAL, MaxLat REAL, MinLong REAL, MaxLong REAL);
INSERT INTO Countries (Country, MinLat, MaxLat, MinLong, MaxLong) VALUES ('Mexico', 17.34019461, 28.56526502, -106.5957527, -98.15825275);
INSERT INTO Countries (Country, MinLat, MaxLat, MinLong, MaxLong) VALUES ('America', 30.1451274, 47.04018231, -120.9375004, -79.01367225);
INSERT INTO Countries (Country, MinLat, MaxLat, MinLong, MaxLong) VALUES ('England', 50.95155147, 54.02717575, -2.866214231, 52.20765081);
INSERT INTO Countries (Country, MinLat, MaxLat, MinLong, MaxLong) VALUES ('Australia', -31.9054424, -14.89159199, 115.1423235, 151.353261);
INSERT INTO Countries (Country, MinLat, MaxLat, MinLong, MaxLong) VALUES ('Ireland', 51.79853224, 54.99347306, -9.078850937, -6.222405625);
INSERT INTO Countries (Country, MinLat, MaxLat, MinLong, MaxLong) VALUES ('United Kingdom', 50.76307988, 57.34923144, -4.4906605, 0.782777);
INSERT INTO Countries (Country, MinLat, MaxLat, MinLong, MaxLong) VALUES ('Scotland', 55.89160641, 58.2901176, -5.806649706, -2.26905205);
INSERT INTO Countries (Country, MinLat, MaxLat, MinLong, MaxLong) VALUES ('Canada', 48.87569647, 66.34420481, -139.393646, -59.940521);
INSERT INTO Countries (Country, MinLat, MaxLat, MinLong, MaxLong) VALUES ('Sweden', 55.87260444, 68.30012091, 12.57904788, 17.32514163);
INSERT INTO Countries (Country, MinLat, MaxLat, MinLong, MaxLong) VALUES ('Norway', 58.33003444, 64.22339485, 5.284126, 12.05170413);
INSERT INTO Countries (Country, MinLat, MaxLat, MinLong, MaxLong) VALUES ('Germany', 47.70989503, 53.91739785, 6.628283813, 13.48375256);
INSERT INTO Countries (Country, MinLat, MaxLat, MinLong, MaxLong) VALUES ('New Zealand', -46.45632492, -41.23188189, 168.4699554, 172.073471);
INSERT INTO Countries (Country, MinLat, MaxLat, MinLong, MaxLong) VALUES ('France', 42.6524449, 50.43152999, -1.609493187, 6.036991188);
INSERT INTO Countries (Country, MinLat, MaxLat, MinLong, MaxLong) VALUES ('Argentina', -51.7858086, -22.7624391, -70.73581263, -62.29831262);
INSERT INTO Countries (Country, MinLat, MaxLat, MinLong, MaxLong) VALUES ('Japan', 34.70141889, 37.1388526, 136.1874943, 140.4941349);
INSERT INTO Countries (Country, MinLat, MaxLat, MinLong, MaxLong) VALUES ('Poland', 49.62733013, 19.43078053, 14.99230397, 23.14415944);
INSERT INTO Countries (Country, MinLat, MaxLat, MinLong, MaxLong) VALUES ('Russia', 52.59137632, 70.67179396, 33.600006, 135.553131);
INSERT INTO Countries (Country, MinLat, MaxLat, MinLong, MaxLong) VALUES ('Georgia', 41.36795165, 42.38229117, 41.77277646, 45.90363584);
INSERT INTO Countries (Country, MinLat, MaxLat, MinLong, MaxLong) VALUES ('Mauritania', 15.67094317, 25.72596457, -16.08243656, -6.062905312);
INSERT INTO Countries (Country, MinLat, MaxLat, MinLong, MaxLong) VALUES ('Iceland', 63.48236776, 65.71477777, -21.19612797, -14.47249516);
CREATE TABLE GenreOf(WorkID VARCHAR(200), GenreName VARCHAR(500));
INSERT INTO GenreOf (WorkID, GenreName) VALUES ('M1', 'Black');
INSERT INTO GenreOf (WorkID, GenreName) VALUES ('M1', 'Comedy');
INSERT INTO GenreOf (WorkID, GenreName) VALUES ('M1', 'Drama');
INSERT INTO GenreOf (WorkID, GenreName) VALUES ('M2', 'Biographical');
INSERT INTO GenreOf (WorkID, GenreName) VALUES ('M2', 'Drama');
INSERT INTO GenreOf (WorkID, GenreName) VALUES ('M3', 'Coming of Age');
INSERT INTO GenreOf (WorkID, GenreName) VALUES ('M3', 'Drama');
INSERT INTO GenreOf (WorkID, GenreName) VALUES ('M4', 'Comedy');
INSERT INTO GenreOf (WorkID, GenreName) VALUES ('M5', 'Historical');
INSERT INTO GenreOf (WorkID, GenreName) VALUES ('M5', 'Thriller');
INSERT INTO GenreOf (WorkID, GenreName) VALUES ('M6', 'Historical');
INSERT INTO GenreOf (WorkID, GenreName) VALUES ('M6', 'Drama');
INSERT INTO GenreOf (WorkID, GenreName) VALUES ('M7', 'Biographical');
INSERT INTO GenreOf (WorkID, GenreName) VALUES ('M7', 'Coming of Age');
INSERT INTO GenreOf (WorkID, GenreName) VALUES ('M7', 'Romantic');
INSERT INTO GenreOf (WorkID, GenreName) VALUES ('M7', 'Drama');
INSERT INTO GenreOf (WorkID, GenreName) VALUES ('M8', 'Drama');
INSERT INTO GenreOf (WorkID, GenreName) VALUES ('M9', 'Biographical');
INSERT INTO GenreOf (WorkID, GenreName) VALUES ('M9', 'True Crime');
INSERT INTO GenreOf (WorkID, GenreName) VALUES ('M9', 'Drama');
INSERT INTO GenreOf (WorkID, GenreName) VALUES ('M10', 'Drama');
INSERT INTO GenreOf (WorkID, GenreName) VALUES ('M11', 'Drama');
INSERT INTO GenreOf (WorkID, GenreName) VALUES ('M12', 'Psychological');
INSERT INTO GenreOf (WorkID, GenreName) VALUES ('M12', 'Thriller');
INSERT INTO GenreOf (WorkID, GenreName) VALUES ('M13', 'Biographical');
INSERT INTO GenreOf (WorkID, GenreName) VALUES ('M13', 'Drama');
INSERT INTO GenreOf (WorkID, GenreName) VALUES ('M14', 'Drama');
INSERT INTO GenreOf (WorkID, GenreName) VALUES ('M15', 'Musical');
INSERT INTO GenreOf (WorkID, GenreName) VALUES ('M15', 'Fantasy');
INSERT INTO GenreOf (WorkID, GenreName) VALUES ('M15', 'Drama');
INSERT INTO GenreOf (WorkID, GenreName) VALUES ('M16', 'Neo-noir');
INSERT INTO GenreOf (WorkID, GenreName) VALUES ('M16', 'Crime');
INSERT INTO GenreOf (WorkID, GenreName) VALUES ('M16', 'Thriller');
INSERT INTO GenreOf (WorkID, GenreName) VALUES ('M17', 'Crime');
INSERT INTO GenreOf (WorkID, GenreName) VALUES ('M17', 'Comedy');
INSERT INTO GenreOf (WorkID, GenreName) VALUES ('M17', 'Drama');
INSERT INTO GenreOf (WorkID, GenreName) VALUES ('M18', '3D');
INSERT INTO GenreOf (WorkID, GenreName) VALUES ('M18', 'Animated');
INSERT INTO GenreOf (WorkID, GenreName) VALUES ('M18', 'Superhero');
INSERT INTO GenreOf (WorkID, GenreName) VALUES ('M18', 'Action');
INSERT INTO GenreOf (WorkID, GenreName) VALUES ('M18', 'Comedy');
INSERT INTO GenreOf (WorkID, GenreName) VALUES ('M19', 'Stop Motion');
INSERT INTO GenreOf (WorkID, GenreName) VALUES ('M19', 'Animated');
INSERT INTO GenreOf (WorkID, GenreName) VALUES ('M19', 'Fantasy');
INSERT INTO GenreOf (WorkID, GenreName) VALUES ('M19', 'Comedy');
INSERT INTO GenreOf (WorkID, GenreName) VALUES ('M20', 'Animated');
INSERT INTO GenreOf (WorkID, GenreName) VALUES ('M20', '3D');
INSERT INTO GenreOf (WorkID, GenreName) VALUES ('M19', '3D');
INSERT INTO GenreOf (WorkID, GenreName) VALUES ('M20', 'Action');
INSERT INTO GenreOf (WorkID, GenreName) VALUES ('M20', 'Fantasy');
INSERT INTO GenreOf (WorkID, GenreName) VALUES ('M21', 'Animated');
INSERT INTO GenreOf (WorkID, GenreName) VALUES ('M21', 'Fantasy');
INSERT INTO GenreOf (WorkID, GenreName) VALUES ('M22', 'Animated');
INSERT INTO GenreOf (WorkID, GenreName) VALUES ('M22', 'Fantasy');
INSERT INTO GenreOf (WorkID, GenreName) VALUES ('M22', 'Drama');
INSERT INTO GenreOf (WorkID, GenreName) VALUES ('M23', 'Drama');
INSERT INTO GenreOf (WorkID, GenreName) VALUES ('M24', 'Drama');
INSERT INTO GenreOf (WorkID, GenreName) VALUES ('M25', 'Drama');
INSERT INTO GenreOf (WorkID, GenreName) VALUES ('M26', 'Drama');
INSERT INTO GenreOf (WorkID, GenreName) VALUES ('M27', 'Black');
INSERT INTO GenreOf (WorkID, GenreName) VALUES ('M27', 'Comedy');
INSERT INTO GenreOf (WorkID, GenreName) VALUES ('M27', 'Drama');
INSERT INTO GenreOf (WorkID, GenreName) VALUES ('M28', 'Documentary');
INSERT INTO GenreOf (WorkID, GenreName) VALUES ('M29', 'Documentary');
INSERT INTO GenreOf (WorkID, GenreName) VALUES ('M30', 'Documentary');
INSERT INTO GenreOf (WorkID, GenreName) VALUES ('M31', 'Documentary');
INSERT INTO GenreOf (WorkID, GenreName) VALUES ('M32', 'Documentary');
INSERT INTO GenreOf (WorkID, GenreName) VALUES ('M33', 'Documentary');
INSERT INTO GenreOf (WorkID, GenreName) VALUES ('M33', 'Short Film');
INSERT INTO GenreOf (WorkID, GenreName) VALUES ('M34', 'Documentary');
INSERT INTO GenreOf (WorkID, GenreName) VALUES ('M34', 'Short Film');
INSERT INTO GenreOf (WorkID, GenreName) VALUES ('M35', 'Documentary');
INSERT INTO GenreOf (WorkID, GenreName) VALUES ('M35', 'Short Film');
INSERT INTO GenreOf (WorkID, GenreName) VALUES ('M36', 'Documentary');
INSERT INTO GenreOf (WorkID, GenreName) VALUES ('M36', 'Short Film');
INSERT INTO GenreOf (WorkID, GenreName) VALUES ('M37', 'Documentary');
INSERT INTO GenreOf (WorkID, GenreName) VALUES ('M37', 'Short Film');
INSERT INTO GenreOf (WorkID, GenreName) VALUES ('M38', 'Short Film');
INSERT INTO GenreOf (WorkID, GenreName) VALUES ('M39', 'Short Film');
INSERT INTO GenreOf (WorkID, GenreName) VALUES ('M40', 'Short Film');
INSERT INTO GenreOf (WorkID, GenreName) VALUES ('M41', 'Short Film');
INSERT INTO GenreOf (WorkID, GenreName) VALUES ('M42', 'Short Film');
INSERT INTO GenreOf (WorkID, GenreName) VALUES ('M43', 'Animated');
INSERT INTO GenreOf (WorkID, GenreName) VALUES ('M43', 'Short Film');
INSERT INTO GenreOf (WorkID, GenreName) VALUES ('M44', 'Animated');
INSERT INTO GenreOf (WorkID, GenreName) VALUES ('M44', 'Short Film');
INSERT INTO GenreOf (WorkID, GenreName) VALUES ('M45', 'Period');
INSERT INTO GenreOf (WorkID, GenreName) VALUES ('M45', 'Drama');
INSERT INTO GenreOf (WorkID, GenreName) VALUES ('M46', 'Crime');
INSERT INTO GenreOf (WorkID, GenreName) VALUES ('M46', 'Comedy');
INSERT INTO GenreOf (WorkID, GenreName) VALUES ('M46', 'Drama');
INSERT INTO GenreOf (WorkID, GenreName) VALUES ('M47', 'Thriller');
INSERT INTO GenreOf (WorkID, GenreName) VALUES ('M48', 'Biographical');
INSERT INTO GenreOf (WorkID, GenreName) VALUES ('M48', 'Drama');
INSERT INTO GenreOf (WorkID, GenreName) VALUES ('M49', 'Science Fiction');
INSERT INTO GenreOf (WorkID, GenreName) VALUES ('M49', 'Thriller');
INSERT INTO GenreOf (WorkID, GenreName) VALUES ('M50', 'Romantic');
INSERT INTO GenreOf (WorkID, GenreName) VALUES ('M50', 'Comedy');
INSERT INTO GenreOf (WorkID, GenreName) VALUES ('M50', 'Drama');
INSERT INTO GenreOf (WorkID, GenreName) VALUES ('M51', 'Black and White');
INSERT INTO GenreOf (WorkID, GenreName) VALUES ('M51', 'Road');
INSERT INTO GenreOf (WorkID, GenreName) VALUES ('M51', 'Comedy');
INSERT INTO GenreOf (WorkID, GenreName) VALUES ('M51', 'Drama');
INSERT INTO GenreOf (WorkID, GenreName) VALUES ('M52', 'Drama');
INSERT INTO GenreOf (WorkID, GenreName) VALUES ('M53', 'Biographical');
INSERT INTO GenreOf (WorkID, GenreName) VALUES ('M53', 'Black');
INSERT INTO GenreOf (WorkID, GenreName) VALUES ('M53', 'Comedy');
INSERT INTO GenreOf (WorkID, GenreName) VALUES ('M53', 'Drama');
INSERT INTO GenreOf (WorkID, GenreName) VALUES ('M54', 'Dark');
INSERT INTO GenreOf (WorkID, GenreName) VALUES ('M54', 'Comedy');
INSERT INTO GenreOf (WorkID, GenreName) VALUES ('M54', 'Drama');
INSERT INTO GenreOf (WorkID, GenreName) VALUES ('M55', 'Drama');
INSERT INTO GenreOf (WorkID, GenreName) VALUES ('M56', 'Romantic');
INSERT INTO GenreOf (WorkID, GenreName) VALUES ('M56', 'Drama');
INSERT INTO GenreOf (WorkID, GenreName) VALUES ('M57', '3D');
INSERT INTO GenreOf (WorkID, GenreName) VALUES ('M57', 'Animated');
INSERT INTO GenreOf (WorkID, GenreName) VALUES ('M57', 'Musical');
INSERT INTO GenreOf (WorkID, GenreName) VALUES ('M57', 'Fantasy');
INSERT INTO GenreOf (WorkID, GenreName) VALUES ('M57', 'Comedy');
INSERT INTO GenreOf (WorkID, GenreName) VALUES ('M58', '3D');
INSERT INTO GenreOf (WorkID, GenreName) VALUES ('M58', 'Animated');
INSERT INTO GenreOf (WorkID, GenreName) VALUES ('M58', 'Adventure');
INSERT INTO GenreOf (WorkID, GenreName) VALUES ('M58', 'Comedy');
INSERT INTO GenreOf (WorkID, GenreName) VALUES ('M59', '3D');
INSERT INTO GenreOf (WorkID, GenreName) VALUES ('M59', 'Animated');
INSERT INTO GenreOf (WorkID, GenreName) VALUES ('M59', 'Comedy');
INSERT INTO GenreOf (WorkID, GenreName) VALUES ('M60', 'Animated');
INSERT INTO GenreOf (WorkID, GenreName) VALUES ('M60', 'Comedy');
INSERT INTO GenreOf (WorkID, GenreName) VALUES ('M60', 'Drama');
INSERT INTO GenreOf (WorkID, GenreName) VALUES ('M61', 'Animated');
INSERT INTO GenreOf (WorkID, GenreName) VALUES ('M61', 'Historical');
INSERT INTO GenreOf (WorkID, GenreName) VALUES ('M61', 'Drama');
INSERT INTO GenreOf (WorkID, GenreName) VALUES ('M62', 'Period');
INSERT INTO GenreOf (WorkID, GenreName) VALUES ('M62', 'Drama');
INSERT INTO GenreOf (WorkID, GenreName) VALUES ('M63', 'Biographical');
INSERT INTO GenreOf (WorkID, GenreName) VALUES ('M63', 'Drama');
INSERT INTO GenreOf (WorkID, GenreName) VALUES ('M64', 'Survival');
INSERT INTO GenreOf (WorkID, GenreName) VALUES ('M64', 'Drama');
INSERT INTO GenreOf (WorkID, GenreName) VALUES ('M65', 'Epic');
INSERT INTO GenreOf (WorkID, GenreName) VALUES ('M65', 'Fantasy');
INSERT INTO GenreOf (WorkID, GenreName) VALUES ('M65', 'Adventure');
INSERT INTO GenreOf (WorkID, GenreName) VALUES ('M66', 'War');
INSERT INTO GenreOf (WorkID, GenreName) VALUES ('M67', 'Comedy');
INSERT INTO GenreOf (WorkID, GenreName) VALUES ('M67', 'Drama');
INSERT INTO GenreOf (WorkID, GenreName) VALUES ('M68', '3D');
INSERT INTO GenreOf (WorkID, GenreName) VALUES ('M68', 'Drama');
INSERT INTO GenreOf (WorkID, GenreName) VALUES ('M69', 'Animated');
INSERT INTO GenreOf (WorkID, GenreName) VALUES ('M69', 'Short Film');
INSERT INTO GenreOf (WorkID, GenreName) VALUES ('M70', 'Animated');
INSERT INTO GenreOf (WorkID, GenreName) VALUES ('M70', 'Short Film');
INSERT INTO GenreOf (WorkID, GenreName) VALUES ('M71', 'Animated');
INSERT INTO GenreOf (WorkID, GenreName) VALUES ('M71', 'Short Film');
INSERT INTO GenreOf (WorkID, GenreName) VALUES ('M72', 'Science Fiction');
INSERT INTO GenreOf (WorkID, GenreName) VALUES ('M72', 'Epic');
INSERT INTO GenreOf (WorkID, GenreName) VALUES ('M73', 'Biographical');
INSERT INTO GenreOf (WorkID, GenreName) VALUES ('M73', 'Drama');
INSERT INTO GenreOf (WorkID, GenreName) VALUES ('M74', 'Animated');
INSERT INTO GenreOf (WorkID, GenreName) VALUES ('M74', 'Adventure');
INSERT INTO GenreOf (WorkID, GenreName) VALUES ('M74', 'Comedy');
INSERT INTO GenreOf (WorkID, GenreName) VALUES ('M75', 'Romantic');
INSERT INTO GenreOf (WorkID, GenreName) VALUES ('M75', 'Drama');
INSERT INTO GenreOf (WorkID, GenreName) VALUES ('M76', 'Documentary');
INSERT INTO GenreOf (WorkID, GenreName) VALUES ('M77', 'Musical');
INSERT INTO GenreOf (WorkID, GenreName) VALUES ('M77', 'Comedy');
INSERT INTO GenreOf (WorkID, GenreName) VALUES ('M77', 'Drama');
INSERT INTO GenreOf (WorkID, GenreName) VALUES ('M78', 'Epic');
INSERT INTO GenreOf (WorkID, GenreName) VALUES ('M78', 'Fantasy');
INSERT INTO GenreOf (WorkID, GenreName) VALUES ('M78', 'Adventure');
INSERT INTO GenreOf (WorkID, GenreName) VALUES ('M79', 'Biographical');
INSERT INTO GenreOf (WorkID, GenreName) VALUES ('M79', 'War');
INSERT INTO GenreOf (WorkID, GenreName) VALUES ('M79', 'Drama');
INSERT INTO GenreOf (WorkID, GenreName) VALUES ('M80', 'Superhero');
INSERT INTO GenreOf (WorkID, GenreName) VALUES ('M81', '3D');
INSERT INTO GenreOf (WorkID, GenreName) VALUES ('M81', 'Dark');
INSERT INTO GenreOf (WorkID, GenreName) VALUES ('M81', 'Fantasy');
INSERT INTO GenreOf (WorkID, GenreName) VALUES ('M82', 'Superhero');
INSERT INTO GenreOf (WorkID, GenreName) VALUES ('M83', 'Science Fiction');
INSERT INTO GenreOf (WorkID, GenreName) VALUES ('M84', 'Superhero');
INSERT INTO GenreOf (WorkID, GenreName) VALUES ('S1', 'Autobiography');
INSERT INTO GenreOf (WorkID, GenreName) VALUES ('S2', 'Drama');
INSERT INTO GenreOf (WorkID, GenreName) VALUES ('S4', 'Drama');
INSERT INTO GenreOf (WorkID, GenreName) VALUES ('S5', 'Romantic');
INSERT INTO GenreOf (WorkID, GenreName) VALUES ('S5', 'Comedy');
INSERT INTO GenreOf (WorkID, GenreName) VALUES ('S6', 'Comedy');
INSERT INTO GenreOf (WorkID, GenreName) VALUES ('S9', 'Autobiography');
INSERT INTO GenreOf (WorkID, GenreName) VALUES ('S10', 'Tragedy');
INSERT INTO GenreOf (WorkID, GenreName) VALUES ('S11', 'Black');
INSERT INTO GenreOf (WorkID, GenreName) VALUES ('S11', 'Comedy');
INSERT INTO GenreOf (WorkID, GenreName) VALUES ('S12', 'Drama');
INSERT INTO GenreOf (WorkID, GenreName) VALUES ('S13', 'Comedy');
INSERT INTO GenreOf (WorkID, GenreName) VALUES ('S15', 'Drama');
INSERT INTO GenreOf (WorkID, GenreName) VALUES ('S16', 'Drama');
INSERT INTO GenreOf (WorkID, GenreName) VALUES ('S17', 'Drama');
INSERT INTO GenreOf (WorkID, GenreName) VALUES ('S18', 'Historical');
INSERT INTO GenreOf (WorkID, GenreName) VALUES ('S19', 'Historical');
INSERT INTO GenreOf (WorkID, GenreName) VALUES ('S20', 'Comedy');
INSERT INTO GenreOf (WorkID, GenreName) VALUES ('S21', 'Drama');
INSERT INTO GenreOf (WorkID, GenreName) VALUES ('S25', 'Drama');
INSERT INTO GenreOf (WorkID, GenreName) VALUES ('S26', 'Comedy');
INSERT INTO GenreOf (WorkID, GenreName) VALUES ('T1', 'Situation');
INSERT INTO GenreOf (WorkID, GenreName) VALUES ('T1', 'Comedy');
INSERT INTO GenreOf (WorkID, GenreName) VALUES ('T2', 'Situation');
INSERT INTO GenreOf (WorkID, GenreName) VALUES ('T2', 'Comedy');
INSERT INTO GenreOf (WorkID, GenreName) VALUES ('T3', 'Comedy');
INSERT INTO GenreOf (WorkID, GenreName) VALUES ('T3', 'Drama');
INSERT INTO GenreOf (WorkID, GenreName) VALUES ('T4', 'Comedy');
INSERT INTO GenreOf (WorkID, GenreName) VALUES ('T4', 'Drama');
INSERT INTO GenreOf (WorkID, GenreName) VALUES ('T5', 'Situation');
INSERT INTO GenreOf (WorkID, GenreName) VALUES ('T5', 'Comedy');
INSERT INTO GenreOf (WorkID, GenreName) VALUES ('T6', 'Comedy');
INSERT INTO GenreOf (WorkID, GenreName) VALUES ('T6', 'Political');
INSERT INTO GenreOf (WorkID, GenreName) VALUES ('T7', 'Crime');
INSERT INTO GenreOf (WorkID, GenreName) VALUES ('T7', 'Drama');
INSERT INTO GenreOf (WorkID, GenreName) VALUES ('T8', 'Period');
INSERT INTO GenreOf (WorkID, GenreName) VALUES ('T8', 'Drama');
INSERT INTO GenreOf (WorkID, GenreName) VALUES ('T9', 'Fantasy');
INSERT INTO GenreOf (WorkID, GenreName) VALUES ('T9', 'Drama');
INSERT INTO GenreOf (WorkID, GenreName) VALUES ('T10', 'Political');
INSERT INTO GenreOf (WorkID, GenreName) VALUES ('T10', 'Drama');
INSERT INTO GenreOf (WorkID, GenreName) VALUES ('T11', 'Period');
INSERT INTO GenreOf (WorkID, GenreName) VALUES ('T11', 'Drama');
INSERT INTO GenreOf (WorkID, GenreName) VALUES ('T12', 'Crime');
INSERT INTO GenreOf (WorkID, GenreName) VALUES ('T12', 'Drama');
INSERT INTO GenreOf (WorkID, GenreName) VALUES ('T13', 'Late-Night');
INSERT INTO GenreOf (WorkID, GenreName) VALUES ('T13', 'Talk');
INSERT INTO GenreOf (WorkID, GenreName) VALUES ('T13', 'News');
INSERT INTO GenreOf (WorkID, GenreName) VALUES ('T13', 'Satire');
INSERT INTO GenreOf (WorkID, GenreName) VALUES ('T14', 'Late-Night');
INSERT INTO GenreOf (WorkID, GenreName) VALUES ('T14', 'Talk');
INSERT INTO GenreOf (WorkID, GenreName) VALUES ('T14', 'News');
INSERT INTO GenreOf (WorkID, GenreName) VALUES ('T14', 'Satire');
INSERT INTO GenreOf (WorkID, GenreName) VALUES ('T15', 'Late-Night');
INSERT INTO GenreOf (WorkID, GenreName) VALUES ('T15', 'Talk');
INSERT INTO GenreOf (WorkID, GenreName) VALUES ('T16', 'Talk');
INSERT INTO GenreOf (WorkID, GenreName) VALUES ('T17', 'Live');
INSERT INTO GenreOf (WorkID, GenreName) VALUES ('T17', 'Sketch');
INSERT INTO GenreOf (WorkID, GenreName) VALUES ('T17', 'Comedy');
INSERT INTO GenreOf (WorkID, GenreName) VALUES ('T17', 'Variety');
INSERT INTO GenreOf (WorkID, GenreName) VALUES ('T18', 'Late-Night');
INSERT INTO GenreOf (WorkID, GenreName) VALUES ('T18', 'Talk');
INSERT INTO GenreOf (WorkID, GenreName) VALUES ('T19', 'Dark');
INSERT INTO GenreOf (WorkID, GenreName) VALUES ('T19', 'Comedy');
INSERT INTO GenreOf (WorkID, GenreName) VALUES ('T19', 'Crime');
INSERT INTO GenreOf (WorkID, GenreName) VALUES ('T19', 'Drama');
INSERT INTO GenreOf (WorkID, GenreName) VALUES ('T20', 'Horror');
INSERT INTO GenreOf (WorkID, GenreName) VALUES ('T21', 'Biographical');
INSERT INTO GenreOf (WorkID, GenreName) VALUES ('T21', 'Crime');
INSERT INTO GenreOf (WorkID, GenreName) VALUES ('T21', 'Drama');
INSERT INTO GenreOf (WorkID, GenreName) VALUES ('T22', 'Psychological');
INSERT INTO GenreOf (WorkID, GenreName) VALUES ('T22', 'Crime');
INSERT INTO GenreOf (WorkID, GenreName) VALUES ('T22', 'Drama');
INSERT INTO GenreOf (WorkID, GenreName) VALUES ('T23', 'Drama');
INSERT INTO GenreOf (WorkID, GenreName) VALUES ('T24', 'Historical');
INSERT INTO GenreOf (WorkID, GenreName) VALUES ('T24', 'Drama');
INSERT INTO GenreOf (WorkID, GenreName) VALUES ('T25', 'HIstorical');
INSERT INTO GenreOf (WorkID, GenreName) VALUES ('T25', 'Drama');
INSERT INTO GenreOf (WorkID, GenreName) VALUES ('T26', 'HIstorical');
INSERT INTO GenreOf (WorkID, GenreName) VALUES ('T26', 'Drama');
INSERT INTO GenreOf (WorkID, GenreName) VALUES ('T27', 'HIstorical');
INSERT INTO GenreOf (WorkID, GenreName) VALUES ('T27', 'Drama');
INSERT INTO GenreOf (WorkID, GenreName) VALUES ('T28', 'Crime');
INSERT INTO GenreOf (WorkID, GenreName) VALUES ('T28', 'Drama');
INSERT INTO GenreOf (WorkID, GenreName) VALUES ('T29', 'Drama');
INSERT INTO GenreOf (WorkID, GenreName) VALUES ('T30', 'Reality');
INSERT INTO GenreOf (WorkID, GenreName) VALUES ('T30', 'Competition');
INSERT INTO GenreOf (WorkID, GenreName) VALUES ('T31', 'Reality');
INSERT INTO GenreOf (WorkID, GenreName) VALUES ('T31', 'Competition');
INSERT INTO GenreOf (WorkID, GenreName) VALUES ('T31', 'Dance');
INSERT INTO GenreOf (WorkID, GenreName) VALUES ('T32', 'Reality');
INSERT INTO GenreOf (WorkID, GenreName) VALUES ('T32', 'Competition');
INSERT INTO GenreOf (WorkID, GenreName) VALUES ('T33', 'Reality');
INSERT INTO GenreOf (WorkID, GenreName) VALUES ('T33', 'Dance');
INSERT INTO GenreOf (WorkID, GenreName) VALUES ('T33', 'Competition');
INSERT INTO GenreOf (WorkID, GenreName) VALUES ('T34', 'Reality');
INSERT INTO GenreOf (WorkID, GenreName) VALUES ('T34', 'Competition');
INSERT INTO GenreOf (WorkID, GenreName) VALUES ('T35', 'Reality');
INSERT INTO GenreOf (WorkID, GenreName) VALUES ('T35', 'Singing');
INSERT INTO GenreOf (WorkID, GenreName) VALUES ('T35', 'Competition');
INSERT INTO GenreOf (WorkID, GenreName) VALUES ('T36', 'Comedy');
INSERT INTO GenreOf (WorkID, GenreName) VALUES ('T36', 'Drama');
INSERT INTO GenreOf (WorkID, GenreName) VALUES ('T37', 'Comedy');
INSERT INTO GenreOf (WorkID, GenreName) VALUES ('T37', 'Drama');
INSERT INTO GenreOf (WorkID, GenreName) VALUES ('T38', 'Situation');
INSERT INTO GenreOf (WorkID, GenreName) VALUES ('T38', 'Comedy');
INSERT INTO GenreOf (WorkID, GenreName) VALUES ('T39', 'Comedy');
INSERT INTO GenreOf (WorkID, GenreName) VALUES ('T39', 'Drama');
INSERT INTO GenreOf (WorkID, GenreName) VALUES ('T40', 'Comedy');
INSERT INTO GenreOf (WorkID, GenreName) VALUES ('T40', 'Drama');
INSERT INTO GenreOf (WorkID, GenreName) VALUES ('T41', 'Medical');
INSERT INTO GenreOf (WorkID, GenreName) VALUES ('T41', 'Dark');
INSERT INTO GenreOf (WorkID, GenreName) VALUES ('T41', 'Comedy');
INSERT INTO GenreOf (WorkID, GenreName) VALUES ('T41', 'Drama');
INSERT INTO GenreOf (WorkID, GenreName) VALUES ('T41', 'Satire');
INSERT INTO GenreOf (WorkID, GenreName) VALUES ('T42', 'Situation');
INSERT INTO GenreOf (WorkID, GenreName) VALUES ('T42', 'Comedy');
INSERT INTO GenreOf (WorkID, GenreName) VALUES ('T43', 'Situation');
INSERT INTO GenreOf (WorkID, GenreName) VALUES ('T43', 'Comedy');
INSERT INTO GenreOf (WorkID, GenreName) VALUES ('T43', 'Satire');
INSERT INTO GenreOf (WorkID, GenreName) VALUES ('T43', 'Mockumentary');
INSERT INTO GenreOf (WorkID, GenreName) VALUES ('T43', 'Political');
INSERT INTO GenreOf (WorkID, GenreName) VALUES ('T44', 'Political');
INSERT INTO GenreOf (WorkID, GenreName) VALUES ('T44', 'Drama');
INSERT INTO GenreOf (WorkID, GenreName) VALUES ('T45', 'Legal');
INSERT INTO GenreOf (WorkID, GenreName) VALUES ('T45', 'Political');
INSERT INTO GenreOf (WorkID, GenreName) VALUES ('T45', 'Drama');
INSERT INTO GenreOf (WorkID, GenreName) VALUES ('T47', 'Period');
INSERT INTO GenreOf (WorkID, GenreName) VALUES ('T47', 'Drama');
INSERT INTO GenreOf (WorkID, GenreName) VALUES ('T48', 'Political');
INSERT INTO GenreOf (WorkID, GenreName) VALUES ('T48', 'Serial');
INSERT INTO GenreOf (WorkID, GenreName) VALUES ('T48', 'Psychological');
INSERT INTO GenreOf (WorkID, GenreName) VALUES ('T48', 'Espionage');
INSERT INTO GenreOf (WorkID, GenreName) VALUES ('T48', 'Thriller');
INSERT INTO GenreOf (WorkID, GenreName) VALUES ('T48', 'Drama');
INSERT INTO GenreOf (WorkID, GenreName) VALUES ('T49', 'Political');
INSERT INTO GenreOf (WorkID, GenreName) VALUES ('T49', 'Thriller');
INSERT INTO GenreOf (WorkID, GenreName) VALUES ('T49', 'Drama');
INSERT INTO GenreOf (WorkID, GenreName) VALUES ('T50', 'Period');
INSERT INTO GenreOf (WorkID, GenreName) VALUES ('T50', 'Drama');
INSERT INTO GenreOf (WorkID, GenreName) VALUES ('T51', 'Biographical');
INSERT INTO GenreOf (WorkID, GenreName) VALUES ('T51', 'Drama');
INSERT INTO GenreOf (WorkID, GenreName) VALUES ('T52', 'Drama');
INSERT INTO GenreOf (WorkID, GenreName) VALUES ('T53', 'Comedy');
INSERT INTO GenreOf (WorkID, GenreName) VALUES ('T54', 'Satire');
INSERT INTO GenreOf (WorkID, GenreName) VALUES ('T54', 'Sketch');
INSERT INTO GenreOf (WorkID, GenreName) VALUES ('T54', 'Comedy');
INSERT INTO GenreOf (WorkID, GenreName) VALUES ('T55', 'Situation');
INSERT INTO GenreOf (WorkID, GenreName) VALUES ('T55', 'Comedy');
INSERT INTO GenreOf (WorkID, GenreName) VALUES ('T56', 'Situation');
INSERT INTO GenreOf (WorkID, GenreName) VALUES ('T56', 'Comedy');
INSERT INTO GenreOf (WorkID, GenreName) VALUES ('T57', 'Crime');
INSERT INTO GenreOf (WorkID, GenreName) VALUES ('T57', 'Drama');
INSERT INTO GenreOf (WorkID, GenreName) VALUES ('U1', 'Pop');
INSERT INTO GenreOf (WorkID, GenreName) VALUES ('U2', 'Pop');
INSERT INTO GenreOf (WorkID, GenreName) VALUES ('U3', 'Pop');
INSERT INTO GenreOf (WorkID, GenreName) VALUES ('U4', 'Pop');
INSERT INTO GenreOf (WorkID, GenreName) VALUES ('U5', 'Pop');
INSERT INTO GenreOf (WorkID, GenreName) VALUES ('U6', 'Rock');
INSERT INTO GenreOf (WorkID, GenreName) VALUES ('U7', 'R&B');
INSERT INTO GenreOf (WorkID, GenreName) VALUES ('U8', 'Pop');
INSERT INTO GenreOf (WorkID, GenreName) VALUES ('U9', 'Pop');
INSERT INTO GenreOf (WorkID, GenreName) VALUES ('U10', 'R&B');
INSERT INTO GenreOf (WorkID, GenreName) VALUES ('U11', 'Rock');
INSERT INTO GenreOf (WorkID, GenreName) VALUES ('U12', 'Pop');
INSERT INTO GenreOf (WorkID, GenreName) VALUES ('U13', 'R&B');
INSERT INTO GenreOf (WorkID, GenreName) VALUES ('U14', 'Pop');
INSERT INTO GenreOf (WorkID, GenreName) VALUES ('U15', 'Pop');
INSERT INTO GenreOf (WorkID, GenreName) VALUES ('U16', 'Pop');
INSERT INTO GenreOf (WorkID, GenreName) VALUES ('U17', 'Pop');
INSERT INTO GenreOf (WorkID, GenreName) VALUES ('U18', 'Pop');
INSERT INTO GenreOf (WorkID, GenreName) VALUES ('U19', 'Pop');
INSERT INTO GenreOf (WorkID, GenreName) VALUES ('U20', 'Pop');
INSERT INTO GenreOf (WorkID, GenreName) VALUES ('U21', 'Pop');
INSERT INTO GenreOf (WorkID, GenreName) VALUES ('U22', 'Pop');
INSERT INTO GenreOf (WorkID, GenreName) VALUES ('U23', 'Pop');
INSERT INTO GenreOf (WorkID, GenreName) VALUES ('U24', 'Pop');
INSERT INTO GenreOf (WorkID, GenreName) VALUES ('U25', 'Pop');
INSERT INTO GenreOf (WorkID, GenreName) VALUES ('U26', 'Pop');
INSERT INTO GenreOf (WorkID, GenreName) VALUES ('U27', 'Dance/Electronica');
INSERT INTO GenreOf (WorkID, GenreName) VALUES ('U28', 'Dance/Electronica');
INSERT INTO GenreOf (WorkID, GenreName) VALUES ('U29', 'Dance/Electronica');
INSERT INTO GenreOf (WorkID, GenreName) VALUES ('U30', 'Dance/Electronica');
INSERT INTO GenreOf (WorkID, GenreName) VALUES ('U31', 'Dance/Electronica');
INSERT INTO GenreOf (WorkID, GenreName) VALUES ('U32', 'Dance/Electronica');
INSERT INTO GenreOf (WorkID, GenreName) VALUES ('U33', 'Dance/Electronica');
INSERT INTO GenreOf (WorkID, GenreName) VALUES ('U34', 'Dance/Electronica');
INSERT INTO GenreOf (WorkID, GenreName) VALUES ('U35', 'Dance/Electronica');
INSERT INTO GenreOf (WorkID, GenreName) VALUES ('U36', 'Dance/Electronica');
INSERT INTO GenreOf (WorkID, GenreName) VALUES ('U37', 'Contemporary Instrumental');
INSERT INTO GenreOf (WorkID, GenreName) VALUES ('U38', 'Contemporary Instrumental');
INSERT INTO GenreOf (WorkID, GenreName) VALUES ('U39', 'Contemporary Instrumental');
INSERT INTO GenreOf (WorkID, GenreName) VALUES ('U40', 'Contemporary Instrumental');
INSERT INTO GenreOf (WorkID, GenreName) VALUES ('U41', 'Contemporary Instrumental');
INSERT INTO GenreOf (WorkID, GenreName) VALUES ('U42', 'Rock');
INSERT INTO GenreOf (WorkID, GenreName) VALUES ('U42', 'Alternative');
INSERT INTO GenreOf (WorkID, GenreName) VALUES ('U43', 'Rock');
INSERT INTO GenreOf (WorkID, GenreName) VALUES ('U44', 'Rock');
INSERT INTO GenreOf (WorkID, GenreName) VALUES ('U45', 'Rock');
INSERT INTO GenreOf (WorkID, GenreName) VALUES ('U46', 'Rock');
INSERT INTO GenreOf (WorkID, GenreName) VALUES ('U47', 'Rock');
INSERT INTO GenreOf (WorkID, GenreName) VALUES ('U48', 'Rock');
INSERT INTO GenreOf (WorkID, GenreName) VALUES ('U49', 'Rock');
INSERT INTO GenreOf (WorkID, GenreName) VALUES ('U50', 'Rock');
INSERT INTO GenreOf (WorkID, GenreName) VALUES ('U51', 'Rock');
INSERT INTO GenreOf (WorkID, GenreName) VALUES ('U52', 'Rock');
INSERT INTO GenreOf (WorkID, GenreName) VALUES ('U53', 'Rock');
INSERT INTO GenreOf (WorkID, GenreName) VALUES ('U54', 'Rock');
INSERT INTO GenreOf (WorkID, GenreName) VALUES ('U55', 'Rock');
INSERT INTO GenreOf (WorkID, GenreName) VALUES ('U56', 'Rock');
INSERT INTO GenreOf (WorkID, GenreName) VALUES ('U57', 'Rock');
INSERT INTO GenreOf (WorkID, GenreName) VALUES ('U58', 'Alternative');
INSERT INTO GenreOf (WorkID, GenreName) VALUES ('U59', 'Alternative');
INSERT INTO GenreOf (WorkID, GenreName) VALUES ('U60', 'Alternative');
INSERT INTO GenreOf (WorkID, GenreName) VALUES ('U61', 'Alternative');
INSERT INTO GenreOf (WorkID, GenreName) VALUES ('U62', 'R&B');
INSERT INTO GenreOf (WorkID, GenreName) VALUES ('U63', 'R&B');
INSERT INTO GenreOf (WorkID, GenreName) VALUES ('U64', 'R&B');
INSERT INTO GenreOf (WorkID, GenreName) VALUES ('U65', 'R&B');
INSERT INTO GenreOf (WorkID, GenreName) VALUES ('U66', 'R&B');
INSERT INTO GenreOf (WorkID, GenreName) VALUES ('U67', 'R&B');
INSERT INTO GenreOf (WorkID, GenreName) VALUES ('U68', 'R&B');
INSERT INTO GenreOf (WorkID, GenreName) VALUES ('U69', 'R&B');
INSERT INTO GenreOf (WorkID, GenreName) VALUES ('U70', 'R&B');
INSERT INTO GenreOf (WorkID, GenreName) VALUES ('U71', 'R&B');
INSERT INTO GenreOf (WorkID, GenreName) VALUES ('U72', 'R&B');
INSERT INTO GenreOf (WorkID, GenreName) VALUES ('U73', 'R&B');
INSERT INTO GenreOf (WorkID, GenreName) VALUES ('U74', 'Rap');
INSERT INTO GenreOf (WorkID, GenreName) VALUES ('U75', 'Rap');
INSERT INTO GenreOf (WorkID, GenreName) VALUES ('U76', 'Rap');
INSERT INTO GenreOf (WorkID, GenreName) VALUES ('U77', 'Rap');
INSERT INTO GenreOf (WorkID, GenreName) VALUES ('U78', 'Rap');
INSERT INTO GenreOf (WorkID, GenreName) VALUES ('U79', 'Rap');
INSERT INTO GenreOf (WorkID, GenreName) VALUES ('U80', 'Rap');
INSERT INTO GenreOf (WorkID, GenreName) VALUES ('U81', 'Rap');
INSERT INTO GenreOf (WorkID, GenreName) VALUES ('U82', 'Rap');
INSERT INTO GenreOf (WorkID, GenreName) VALUES ('U83', 'Rap');
INSERT INTO GenreOf (WorkID, GenreName) VALUES ('U84', 'Rap');
INSERT INTO GenreOf (WorkID, GenreName) VALUES ('U85', 'Country');
INSERT INTO GenreOf (WorkID, GenreName) VALUES ('U86', 'Country');
INSERT INTO GenreOf (WorkID, GenreName) VALUES ('U87', 'Country');
INSERT INTO GenreOf (WorkID, GenreName) VALUES ('U88', 'Country');
INSERT INTO GenreOf (WorkID, GenreName) VALUES ('U89', 'Country');
INSERT INTO GenreOf (WorkID, GenreName) VALUES ('U90', 'Country');
INSERT INTO GenreOf (WorkID, GenreName) VALUES ('U91', 'Country');
INSERT INTO GenreOf (WorkID, GenreName) VALUES ('U92', 'Country');
INSERT INTO GenreOf (WorkID, GenreName) VALUES ('U93', 'Country');
INSERT INTO GenreOf (WorkID, GenreName) VALUES ('U94', 'Country');
CREATE TABLE Honor(AwardID VARCHAR(200) PRIMARY KEY, AwardName VARCHAR(1000) NULL, YearGiven INT NULL, NominatedWon VARCHAR(50) NULL, ShowName VARCHAR(50) NULL, WorkID VARCHAR(50) NULL, PersonName VARCHAR(100) NULL);
INSERT INTO Honor (AwardID, AwardName, YearGiven, NominatedWon, ShowName, WorkID, PersonName) VALUES ('E1', 'Outstanding Comedy Series', 2014, 'Won', 'Emmys', 'T1', NULL);
INSERT INTO Honor (AwardID, AwardName, YearGiven, NominatedWon, ShowName, WorkID, PersonName) VALUES ('E2', 'Outstanding Comedy Series', 2014, 'Nominated', 'Emmys', 'T2', NULL);
INSERT INTO Honor (AwardID, AwardName, YearGiven, NominatedWon, ShowName, WorkID, PersonName) VALUES ('E3', 'Outstanding Comedy Series', 2014, 'Nominated', 'Emmys', 'T3', NULL);
INSERT INTO Honor (AwardID, AwardName, YearGiven, NominatedWon, ShowName, WorkID, PersonName) VALUES ('E4', 'Outstanding Comedy Series', 2014, 'Nominated', 'Emmys', 'T4', NULL);
INSERT INTO Honor (AwardID, AwardName, YearGiven, NominatedWon, ShowName, WorkID, PersonName) VALUES ('E5', 'Outstanding Comedy Series', 2014, 'Nominated', 'Emmys', 'T5', NULL);
INSERT INTO Honor (AwardID, AwardName, YearGiven, NominatedWon, ShowName, WorkID, PersonName) VALUES ('E6', 'Outstanding Comedy Series', 2014, 'Nominated', 'Emmys', 'T6', NULL);
INSERT INTO Honor (AwardID, AwardName, YearGiven, NominatedWon, ShowName, WorkID, PersonName) VALUES ('E7', 'Outstanding Drama Series', 2014, 'Won', 'Emmys', 'T7', NULL);
INSERT INTO Honor (AwardID, AwardName, YearGiven, NominatedWon, ShowName, WorkID, PersonName) VALUES ('E8', 'Outstanding Drama Series', 2014, 'Nominated', 'Emmys', 'T8', NULL);
INSERT INTO Honor (AwardID, AwardName, YearGiven, NominatedWon, ShowName, WorkID, PersonName) VALUES ('E9', 'Outstanding Drama Series', 2014, 'Nominated', 'Emmys', 'T9', NULL);
INSERT INTO Honor (AwardID, AwardName, YearGiven, NominatedWon, ShowName, WorkID, PersonName) VALUES ('E10', 'Outstanding Drama Series', 2014, 'Nominated', 'Emmys', 'T10', NULL);
INSERT INTO Honor (AwardID, AwardName, YearGiven, NominatedWon, ShowName, WorkID, PersonName) VALUES ('E11', 'Outstanding Drama Series', 2014, 'Nominated', 'Emmys', 'T11', NULL);
INSERT INTO Honor (AwardID, AwardName, YearGiven, NominatedWon, ShowName, WorkID, PersonName) VALUES ('E12', 'Outstanding Drama Series', 2014, 'Nominated', 'Emmys', 'T12', NULL);
INSERT INTO Honor (AwardID, AwardName, YearGiven, NominatedWon, ShowName, WorkID, PersonName) VALUES ('E13', 'Outstanding Variety Series', 2014, 'Won', 'Emmys', 'T13', NULL);
INSERT INTO Honor (AwardID, AwardName, YearGiven, NominatedWon, ShowName, WorkID, PersonName) VALUES ('E14', 'Outstanding Variety Series', 2014, 'Nominated', 'Emmys', 'T14', NULL);
INSERT INTO Honor (AwardID, AwardName, YearGiven, NominatedWon, ShowName, WorkID, PersonName) VALUES ('E15', 'Outstanding Variety Series', 2014, 'Nominated', 'Emmys', 'T15', NULL);
INSERT INTO Honor (AwardID, AwardName, YearGiven, NominatedWon, ShowName, WorkID, PersonName) VALUES ('E16', 'Outstanding Variety Series', 2014, 'Nominated', 'Emmys', 'T16', NULL);
INSERT INTO Honor (AwardID, AwardName, YearGiven, NominatedWon, ShowName, WorkID, PersonName) VALUES ('E17', 'Outstanding Variety Series', 2014, 'Nominated', 'Emmys', 'T17', NULL);
INSERT INTO Honor (AwardID, AwardName, YearGiven, NominatedWon, ShowName, WorkID, PersonName) VALUES ('E18', 'Outstanding Variety Series', 2014, 'Nominated', 'Emmys', 'T18', NULL);
INSERT INTO Honor (AwardID, AwardName, YearGiven, NominatedWon, ShowName, WorkID, PersonName) VALUES ('E19', 'Outstanding Miniseries', 2014, 'Won', 'Emmys', 'T19', NULL);
INSERT INTO Honor (AwardID, AwardName, YearGiven, NominatedWon, ShowName, WorkID, PersonName) VALUES ('E20', 'Outstanding Miniseries', 2014, 'Nominated', 'Emmys', 'T20', NULL);
INSERT INTO Honor (AwardID, AwardName, YearGiven, NominatedWon, ShowName, WorkID, PersonName) VALUES ('E21', 'Outstanding Miniseries', 2014, 'Nominated', 'Emmys', 'T21', NULL);
INSERT INTO Honor (AwardID, AwardName, YearGiven, NominatedWon, ShowName, WorkID, PersonName) VALUES ('E22', 'Outstanding Miniseries', 2014, 'Nominated', 'Emmys', 'T22', NULL);
INSERT INTO Honor (AwardID, AwardName, YearGiven, NominatedWon, ShowName, WorkID, PersonName) VALUES ('E23', 'Outstanding Miniseries', 2014, 'Nominated', 'Emmys', 'T23', NULL);
INSERT INTO Honor (AwardID, AwardName, YearGiven, NominatedWon, ShowName, WorkID, PersonName) VALUES ('E24', 'Outstanding Miniseries', 2014, 'Nominated', 'Emmys', 'T24', NULL);
INSERT INTO Honor (AwardID, AwardName, YearGiven, NominatedWon, ShowName, WorkID, PersonName) VALUES ('E25', 'Outstanding Television Movie', 2014, 'Won', 'Emmys', 'T25', NULL);
INSERT INTO Honor (AwardID, AwardName, YearGiven, NominatedWon, ShowName, WorkID, PersonName) VALUES ('E26', 'Outstanding Television Movie', 2014, 'Nominated', 'Emmys', 'T26', NULL);
INSERT INTO Honor (AwardID, AwardName, YearGiven, NominatedWon, ShowName, WorkID, PersonName) VALUES ('E27', 'Outstanding Television Movie', 2014, 'Nominated', 'Emmys', 'T27', NULL);
INSERT INTO Honor (AwardID, AwardName, YearGiven, NominatedWon, ShowName, WorkID, PersonName) VALUES ('E28', 'Outstanding Television Movie', 2014, 'Nominated', 'Emmys', 'T28', NULL);
INSERT INTO Honor (AwardID, AwardName, YearGiven, NominatedWon, ShowName, WorkID, PersonName) VALUES ('E29', 'Outstanding Television Movie', 2014, 'Nominated', 'Emmys', 'T29', NULL);
INSERT INTO Honor (AwardID, AwardName, YearGiven, NominatedWon, ShowName, WorkID, PersonName) VALUES ('E30', 'Outstanding Reality - Competition Program', 2014, 'Won', 'Emmys', 'T30', NULL);
INSERT INTO Honor (AwardID, AwardName, YearGiven, NominatedWon, ShowName, WorkID, PersonName) VALUES ('E31', 'Outstanding Reality - Competition Program', 2014, 'Nominated', 'Emmys', 'T31', NULL);
INSERT INTO Honor (AwardID, AwardName, YearGiven, NominatedWon, ShowName, WorkID, PersonName) VALUES ('E32', 'Outstanding Reality - Competition Program', 2014, 'Nominated', 'Emmys', 'T32', NULL);
INSERT INTO Honor (AwardID, AwardName, YearGiven, NominatedWon, ShowName, WorkID, PersonName) VALUES ('E33', 'Outstanding Reality - Competition Program', 2014, 'Nominated', 'Emmys', 'T33', NULL);
INSERT INTO Honor (AwardID, AwardName, YearGiven, NominatedWon, ShowName, WorkID, PersonName) VALUES ('E34', 'Outstanding Reality - Competition Program', 2014, 'Nominated', 'Emmys', 'T34', NULL);
INSERT INTO Honor (AwardID, AwardName, YearGiven, NominatedWon, ShowName, WorkID, PersonName) VALUES ('E35', 'Outstanding Reality - Competition Program', 2014, 'Nominated', 'Emmys', 'T35', NULL);
INSERT INTO Honor (AwardID, AwardName, YearGiven, NominatedWon, ShowName, WorkID, PersonName) VALUES ('E36', 'Outstanding Lead Actor in a Comedy Series', 2014, 'Won', 'Emmys', 'T2', 'Jim Parsons');
INSERT INTO Honor (AwardID, AwardName, YearGiven, NominatedWon, ShowName, WorkID, PersonName) VALUES ('E37', 'Outstanding Lead Actor in a Comedy Series', 2014, 'Nominated', 'Emmys', 'T3', 'Louis C.K.');
INSERT INTO Honor (AwardID, AwardName, YearGiven, NominatedWon, ShowName, WorkID, PersonName) VALUES ('E38', 'Outstanding Lead Actor in a Comedy Series', 2014, 'Nominated', 'Emmys', 'T36', 'Don Cheadle');
INSERT INTO Honor (AwardID, AwardName, YearGiven, NominatedWon, ShowName, WorkID, PersonName) VALUES ('E39', 'Outstanding Lead Actor in a Comedy Series', 2014, 'Nominated', 'Emmys', 'T37', 'Ricky Gervais');
INSERT INTO Honor (AwardID, AwardName, YearGiven, NominatedWon, ShowName, WorkID, PersonName) VALUES ('E40', 'Outstanding Lead Actor in a Comedy Series', 2014, 'Nominated', 'Emmys', 'T38', 'Matt LeBlanc');
INSERT INTO Honor (AwardID, AwardName, YearGiven, NominatedWon, ShowName, WorkID, PersonName) VALUES ('E41', 'Outstanding Lead Actor in a Comedy Series', 2014, 'Nominated', 'Emmys', 'T39', 'William H. Macy');
INSERT INTO Honor (AwardID, AwardName, YearGiven, NominatedWon, ShowName, WorkID, PersonName) VALUES ('E42', 'Outstanding Lead Actress in a Comedy Series', 2014, 'Won', 'Emmys', 'T6', 'Julia Louis-Dreyfus');
INSERT INTO Honor (AwardID, AwardName, YearGiven, NominatedWon, ShowName, WorkID, PersonName) VALUES ('E43', 'Outstanding Lead Actress in a Comedy Series', 2014, 'Nominated', 'Emmys', 'T40', 'Lena Dunham');
INSERT INTO Honor (AwardID, AwardName, YearGiven, NominatedWon, ShowName, WorkID, PersonName) VALUES ('E44', 'Outstanding Lead Actress in a Comedy Series', 2014, 'Nominated', 'Emmys', 'T41', 'Edie Falco');
INSERT INTO Honor (AwardID, AwardName, YearGiven, NominatedWon, ShowName, WorkID, PersonName) VALUES ('E45', 'Outstanding Lead Actress in a Comedy Series', 2014, 'Nominated', 'Emmys', 'T42', 'Melissa McCarthy');
INSERT INTO Honor (AwardID, AwardName, YearGiven, NominatedWon, ShowName, WorkID, PersonName) VALUES ('E46', 'Outstanding Lead Actress in a Comedy Series', 2014, 'Nominated', 'Emmys', 'T43', 'Amy Poehler');
INSERT INTO Honor (AwardID, AwardName, YearGiven, NominatedWon, ShowName, WorkID, PersonName) VALUES ('E47', 'Outstanding Lead Actress in a Comedy Series', 2014, 'Nominated', 'Emmys', 'T4', 'Taylor Schilling');
INSERT INTO Honor (AwardID, AwardName, YearGiven, NominatedWon, ShowName, WorkID, PersonName) VALUES ('E48', 'Outstanding Lead Actor in a Drama Series', 2014, 'Won', 'Emmys', 'T7', 'Bryan Cranston');
INSERT INTO Honor (AwardID, AwardName, YearGiven, NominatedWon, ShowName, WorkID, PersonName) VALUES ('E49', 'Outstanding Lead Actor in a Drama Series', 2014, 'Nominated', 'Emmys', 'T44', 'Jeff Daniels');
INSERT INTO Honor (AwardID, AwardName, YearGiven, NominatedWon, ShowName, WorkID, PersonName) VALUES ('E50', 'Outstanding Lead Actor in a Drama Series', 2014, 'Nominated', 'Emmys', 'T11', 'Jon Ham');
INSERT INTO Honor (AwardID, AwardName, YearGiven, NominatedWon, ShowName, WorkID, PersonName) VALUES ('E51', 'Outstanding Lead Actor in a Drama Series', 2014, 'Nominated', 'Emmys', 'T12', 'Woody Harrelson');
INSERT INTO Honor (AwardID, AwardName, YearGiven, NominatedWon, ShowName, WorkID, PersonName) VALUES ('E52', 'Outstanding Lead Actor in a Drama Series', 2014, 'Nominated', 'Emmys', 'T12', 'Matthew McConaughey');
INSERT INTO Honor (AwardID, AwardName, YearGiven, NominatedWon, ShowName, WorkID, PersonName) VALUES ('E53', 'Outstanding Lead Actor in a Drama Series', 2014, 'Nominated', 'Emmys', 'T10', 'Kevin Spacey');
INSERT INTO Honor (AwardID, AwardName, YearGiven, NominatedWon, ShowName, WorkID, PersonName) VALUES ('E54', 'Outstanding Lead Actress in a Drama Series', 2014, 'Won', 'Emmys', 'T45', 'Julianna Margulies');
INSERT INTO Honor (AwardID, AwardName, YearGiven, NominatedWon, ShowName, WorkID, PersonName) VALUES ('E55', 'Outstanding Lead Actress in a Drama Series', 2014, 'Nominated', 'Emmys', 'T47', 'Lizzy Caplan');
INSERT INTO Honor (AwardID, AwardName, YearGiven, NominatedWon, ShowName, WorkID, PersonName) VALUES ('E56', 'Outstanding Lead Actress in a Drama Series', 2014, 'Nominated', 'Emmys', 'T8', 'Michelle Dockery');
INSERT INTO Honor (AwardID, AwardName, YearGiven, NominatedWon, ShowName, WorkID, PersonName) VALUES ('E57', 'Outstanding Lead Actress in a Drama Series', 2014, 'Nominated', 'Emmys', 'T49', 'Kerry Washington');
INSERT INTO Honor (AwardID, AwardName, YearGiven, NominatedWon, ShowName, WorkID, PersonName) VALUES ('E58', 'Outstanding Lead Actress in a Drama Series', 2014, 'Nominated', 'Emmys', 'T10', 'Robin Wright');
INSERT INTO Honor (AwardID, AwardName, YearGiven, NominatedWon, ShowName, WorkID, PersonName) VALUES ('E59', 'Outstanding Lead Actress in a Drama Series', 2014, 'Nominated', 'Emmys', 'T48', 'Claire Danes');
INSERT INTO Honor (AwardID, AwardName, YearGiven, NominatedWon, ShowName, WorkID, PersonName) VALUES ('E60', 'Outstanding Lead Actor in a Miniseries or Movie', 2014, 'Won', 'Emmys', 'T28', 'Benedict Cumberbatch');
INSERT INTO Honor (AwardID, AwardName, YearGiven, NominatedWon, ShowName, WorkID, PersonName) VALUES ('E61', 'Outstanding Lead Actor in a Miniseries or Movie', 2014, 'Nominated', 'Emmys', 'T50', 'Chiwetel Ejiofor');
INSERT INTO Honor (AwardID, AwardName, YearGiven, NominatedWon, ShowName, WorkID, PersonName) VALUES ('E62', 'Outstanding Lead Actor in a Miniseries or Movie', 2014, 'Nominated', 'Emmys', 'T22', 'Idris Elba');
INSERT INTO Honor (AwardID, AwardName, YearGiven, NominatedWon, ShowName, WorkID, PersonName) VALUES ('E63', 'Outstanding Lead Actor in a Miniseries or Movie', 2014, 'Nominated', 'Emmys', 'T19', 'Martin Freeman');
INSERT INTO Honor (AwardID, AwardName, YearGiven, NominatedWon, ShowName, WorkID, PersonName) VALUES ('E64', 'Outstanding Lead Actor in a Miniseries or Movie', 2014, 'Nominated', 'Emmys', 'T25', 'Mark Ruffalo');
INSERT INTO Honor (AwardID, AwardName, YearGiven, NominatedWon, ShowName, WorkID, PersonName) VALUES ('E65', 'Outstanding Lead Actor in a Miniseries or Movie', 2014, 'Nominated', 'Emmys', 'T19', 'Billy Bob Thornton');
INSERT INTO Honor (AwardID, AwardName, YearGiven, NominatedWon, ShowName, WorkID, PersonName) VALUES ('E66', 'Outstanding Lead Actress in a Miniseries or Movie', 2014, 'Won', 'Emmys', 'T20', 'Jessica Lange');
INSERT INTO Honor (AwardID, AwardName, YearGiven, NominatedWon, ShowName, WorkID, PersonName) VALUES ('E67', 'Outstanding Lead Actress in a Miniseries or Movie', 2014, 'Nominated', 'Emmys', 'T51', 'Helena Bonham Carter');
INSERT INTO Honor (AwardID, AwardName, YearGiven, NominatedWon, ShowName, WorkID, PersonName) VALUES ('E68', 'Outstanding Lead Actress in a Miniseries or Movie', 2014, 'Nominated', 'Emmys', 'T52', 'Minnie Driver');
INSERT INTO Honor (AwardID, AwardName, YearGiven, NominatedWon, ShowName, WorkID, PersonName) VALUES ('E69', 'Outstanding Lead Actress in a Miniseries or Movie', 2014, 'Nominated', 'Emmys', 'T20', 'Sarah Paulson');
INSERT INTO Honor (AwardID, AwardName, YearGiven, NominatedWon, ShowName, WorkID, PersonName) VALUES ('E70', 'Outstanding Lead Actress in a Miniseries or Movie', 2014, 'Nominated', 'Emmys', 'T29', 'Cecily Tyson');
INSERT INTO Honor (AwardID, AwardName, YearGiven, NominatedWon, ShowName, WorkID, PersonName) VALUES ('E71', 'Outstanding Lead Actress in a Miniseries or Movie', 2014, 'Nominated', 'Emmys', 'T53', 'Kristen Wiig');
INSERT INTO Honor (AwardID, AwardName, YearGiven, NominatedWon, ShowName, WorkID, PersonName) VALUES ('E72', 'Outstanding Supporting Actor in a Comedy Series', 2014, 'Won', 'Emmys', 'T1', 'Ty Burrell');
INSERT INTO Honor (AwardID, AwardName, YearGiven, NominatedWon, ShowName, WorkID, PersonName) VALUES ('E73', 'Outstanding Supporting Actor in a Comedy Series', 2014, 'Nominated', 'Emmys', 'T54', 'Fred Armisen');
INSERT INTO Honor (AwardID, AwardName, YearGiven, NominatedWon, ShowName, WorkID, PersonName) VALUES ('E74', 'Outstanding Supporting Actor in a Comedy Series', 2014, 'Nominated', 'Emmys', 'T55', 'Andre Braugher');
INSERT INTO Honor (AwardID, AwardName, YearGiven, NominatedWon, ShowName, WorkID, PersonName) VALUES ('E75', 'Outstanding Supporting Actor in a Comedy Series', 2014, 'Nominated', 'Emmys', 'T40', 'Adam Driver');
INSERT INTO Honor (AwardID, AwardName, YearGiven, NominatedWon, ShowName, WorkID, PersonName) VALUES ('E76', 'Outstanding Supporting Actor in a Comedy Series', 2014, 'Nominated', 'Emmys', 'T1', 'Jesse Tyler Ferguson');
INSERT INTO Honor (AwardID, AwardName, YearGiven, NominatedWon, ShowName, WorkID, PersonName) VALUES ('E77', 'Outstanding Supporting Actor in a Comedy Series', 2014, 'Nominated', 'Emmys', 'T6', 'Tony Hale');
INSERT INTO Honor (AwardID, AwardName, YearGiven, NominatedWon, ShowName, WorkID, PersonName) VALUES ('E78', 'Outstanding Supporting Actress in a Comedy Series', 2014, 'Won', 'Emmys', 'T56', 'Allison Janney');
INSERT INTO Honor (AwardID, AwardName, YearGiven, NominatedWon, ShowName, WorkID, PersonName) VALUES ('E79', 'Outstanding Supporting Actress in a Comedy Series', 2014, 'Nominated', 'Emmys', 'T2', 'Mayim Bialik');
INSERT INTO Honor (AwardID, AwardName, YearGiven, NominatedWon, ShowName, WorkID, PersonName) VALUES ('E80', 'Outstanding Supporting Actress in a Comedy Series', 2014, 'Nominated', 'Emmys', 'T1', 'Julie Bowen');
INSERT INTO Honor (AwardID, AwardName, YearGiven, NominatedWon, ShowName, WorkID, PersonName) VALUES ('E81', 'Outstanding Supporting Actress in a Comedy Series', 2014, 'Nominated', 'Emmys', 'T6', 'Anna Chlumsky');
INSERT INTO Honor (AwardID, AwardName, YearGiven, NominatedWon, ShowName, WorkID, PersonName) VALUES ('E82', 'Outstanding Supporting Actress in a Comedy Series', 2014, 'Nominated', 'Emmys', 'T17', 'Kate McKinnon');
INSERT INTO Honor (AwardID, AwardName, YearGiven, NominatedWon, ShowName, WorkID, PersonName) VALUES ('E83', 'Outstanding Supporting Actress in a Comedy Series', 2014, 'Nominated', 'Emmys', 'T4', 'Kate Mulgrew');
INSERT INTO Honor (AwardID, AwardName, YearGiven, NominatedWon, ShowName, WorkID, PersonName) VALUES ('E84', 'Outstanding Supporting Actor in a Drama Series', 2014, 'Won', 'Emmys', 'T7', 'Aaron Paul');
INSERT INTO Honor (AwardID, AwardName, YearGiven, NominatedWon, ShowName, WorkID, PersonName) VALUES ('E85', 'Outstanding Supporting Actor in a Drama Series', 2014, 'Nominated', 'Emmys', 'T8', 'Jim Carter');
INSERT INTO Honor (AwardID, AwardName, YearGiven, NominatedWon, ShowName, WorkID, PersonName) VALUES ('E86', 'Outstanding Supporting Actor in a Drama Series', 2014, 'Nominated', 'Emmys', 'T45', 'Josh Charles');
INSERT INTO Honor (AwardID, AwardName, YearGiven, NominatedWon, ShowName, WorkID, PersonName) VALUES ('E87', 'Outstanding Supporting Actor in a Drama Series', 2014, 'Nominated', 'Emmys', 'T9', 'Peter Dinklage');
INSERT INTO Honor (AwardID, AwardName, YearGiven, NominatedWon, ShowName, WorkID, PersonName) VALUES ('E88', 'Outstanding Supporting Actor in a Drama Series', 2014, 'Nominated', 'Emmys', 'T48', 'Mandy Patinkin');
INSERT INTO Honor (AwardID, AwardName, YearGiven, NominatedWon, ShowName, WorkID, PersonName) VALUES ('E89', 'Outstanding Supporting Actor in a Drama Series', 2014, 'Nominated', 'Emmys', 'T57', 'Jon Voight');
INSERT INTO Honor (AwardID, AwardName, YearGiven, NominatedWon, ShowName, WorkID, PersonName) VALUES ('E90', 'Outstanding Supporting Actress in a Drama Series', 2014, 'Won', 'Emmys', 'T7', 'Anna Gunn');
INSERT INTO Honor (AwardID, AwardName, YearGiven, NominatedWon, ShowName, WorkID, PersonName) VALUES ('E91', 'Outstanding Supporting Actress in a Drama Series', 2014, 'Nominated', 'Emmys', 'T45', 'Christine Baranski');
INSERT INTO Honor (AwardID, AwardName, YearGiven, NominatedWon, ShowName, WorkID, PersonName) VALUES ('E92', 'Outstanding Supporting Actress in a Drama Series', 2014, 'Nominated', 'Emmys', 'T8', 'Joanne Froggatt');
INSERT INTO Honor (AwardID, AwardName, YearGiven, NominatedWon, ShowName, WorkID, PersonName) VALUES ('E93', 'Outstanding Supporting Actress in a Drama Series', 2014, 'Nominated', 'Emmys', 'T9', 'Lena Headey');
INSERT INTO Honor (AwardID, AwardName, YearGiven, NominatedWon, ShowName, WorkID, PersonName) VALUES ('E94', 'Outstanding Supporting Actress in a Drama Series', 2014, 'Nominated', 'Emmys', 'T11', 'Christina Hendricks');
INSERT INTO Honor (AwardID, AwardName, YearGiven, NominatedWon, ShowName, WorkID, PersonName) VALUES ('E95', 'Outstanding Supporting Actress in a Drama Series', 2014, 'Nominated', 'Emmys', 'T8', 'Maggie Smith');
INSERT INTO Honor (AwardID, AwardName, YearGiven, NominatedWon, ShowName, WorkID, PersonName) VALUES ('E96', 'Outstanding Supporting Actor in a Miniseries or Movie', 2014, 'Won', 'Emmys', 'T28', 'Martin Freeman');
INSERT INTO Honor (AwardID, AwardName, YearGiven, NominatedWon, ShowName, WorkID, PersonName) VALUES ('E97', 'Outstanding Supporting Actor in a Miniseries or Movie', 2014, 'Nominated', 'Emmys', 'T25', 'Matt Bomer');
INSERT INTO Honor (AwardID, AwardName, YearGiven, NominatedWon, ShowName, WorkID, PersonName) VALUES ('E98', 'Outstanding Supporting Actor in a Miniseries or Movie', 2014, 'Nominated', 'Emmys', 'T28', 'Colin Hanks');
INSERT INTO Honor (AwardID, AwardName, YearGiven, NominatedWon, ShowName, WorkID, PersonName) VALUES ('E99', 'Outstanding Supporting Actor in a Miniseries or Movie', 2014, 'Nominated', 'Emmys', 'T25', 'Joe Mantello');
INSERT INTO Honor (AwardID, AwardName, YearGiven, NominatedWon, ShowName, WorkID, PersonName) VALUES ('E100', 'Outstanding Supporting Actor in a Miniseries or Movie', 2014, 'Nominated', 'Emmys', 'T25', 'Alfred Molina');
INSERT INTO Honor (AwardID, AwardName, YearGiven, NominatedWon, ShowName, WorkID, PersonName) VALUES ('E101', 'Outstanding Supporting Actor in a Miniseries or Movie', 2014, 'Nominated', 'Emmys', 'T25', 'Jim Parsons');
INSERT INTO Honor (AwardID, AwardName, YearGiven, NominatedWon, ShowName, WorkID, PersonName) VALUES ('E102', 'Outstanding Supporting Actress in a Miniseries or Movie', 2014, 'Won', 'Emmys', 'T20', 'Kathy Bates');
INSERT INTO Honor (AwardID, AwardName, YearGiven, NominatedWon, ShowName, WorkID, PersonName) VALUES ('E103', 'Outstanding Supporting Actress in a Miniseries or Movie', 2014, 'Nominated', 'Emmys', 'T20', 'Angela Bassett');
INSERT INTO Honor (AwardID, AwardName, YearGiven, NominatedWon, ShowName, WorkID, PersonName) VALUES ('E104', 'Outstanding Supporting Actress in a Miniseries or Movie', 2014, 'Nominated', 'Emmys', 'T58', 'Ellen Burstyn');
INSERT INTO Honor (AwardID, AwardName, YearGiven, NominatedWon, ShowName, WorkID, PersonName) VALUES ('E105', 'Outstanding Supporting Actress in a Miniseries or Movie', 2014, 'Nominated', 'Emmys', 'T20', 'Frances Conroy');
INSERT INTO Honor (AwardID, AwardName, YearGiven, NominatedWon, ShowName, WorkID, PersonName) VALUES ('E106', 'Outstanding Supporting Actress in a Miniseries or Movie', 2014, 'Nominated', 'Emmys', 'T25', 'Julia Roberts');
INSERT INTO Honor (AwardID, AwardName, YearGiven, NominatedWon, ShowName, WorkID, PersonName) VALUES ('E107', 'Outstanding Supporting Actress in a Miniseries or Movie', 2014, 'Nominated', 'Emmys', 'T28', 'Allison Tolman');
INSERT INTO Honor (AwardID, AwardName, YearGiven, NominatedWon, ShowName, WorkID, PersonName) VALUES ('N1', 'Best Play', 2014, 'Won', 'Tonys', 'S2', NULL);
INSERT INTO Honor (AwardID, AwardName, YearGiven, NominatedWon, ShowName, WorkID, PersonName) VALUES ('N2', 'Best Play', 2014, 'Nominated', 'Tonys', 'S1', NULL);
INSERT INTO Honor (AwardID, AwardName, YearGiven, NominatedWon, ShowName, WorkID, PersonName) VALUES ('N3', 'Best Play', 2014, 'Nominated', 'Tonys', 'S3', NULL);
INSERT INTO Honor (AwardID, AwardName, YearGiven, NominatedWon, ShowName, WorkID, PersonName) VALUES ('N4', 'Best Play', 2014, 'Nominated', 'Tonys', 'S4', NULL);
INSERT INTO Honor (AwardID, AwardName, YearGiven, NominatedWon, ShowName, WorkID, PersonName) VALUES ('N5', 'Best Play', 2014, 'Nominated', 'Tonys', 'S5', NULL);
INSERT INTO Honor (AwardID, AwardName, YearGiven, NominatedWon, ShowName, WorkID, PersonName) VALUES ('N6', 'Best Musical', 2014, 'Won', 'Tonys', 'S6', NULL);
INSERT INTO Honor (AwardID, AwardName, YearGiven, NominatedWon, ShowName, WorkID, PersonName) VALUES ('N7', 'Best Musical', 2014, 'Nominated', 'Tonys', 'S7', NULL);
INSERT INTO Honor (AwardID, AwardName, YearGiven, NominatedWon, ShowName, WorkID, PersonName) VALUES ('N8', 'Best Musical', 2014, 'Nominated', 'Tonys', 'S8', NULL);
INSERT INTO Honor (AwardID, AwardName, YearGiven, NominatedWon, ShowName, WorkID, PersonName) VALUES ('N9', 'Best Musical', 2014, 'Nominated', 'Tonys', 'S9', NULL);
INSERT INTO Honor (AwardID, AwardName, YearGiven, NominatedWon, ShowName, WorkID, PersonName) VALUES ('N10', 'Best Revival of a Play', 2014, 'Won', 'Tonys', 'S10', NULL);
INSERT INTO Honor (AwardID, AwardName, YearGiven, NominatedWon, ShowName, WorkID, PersonName) VALUES ('N11', 'Best Revival of a Play', 2014, 'Nominated', 'Tonys', 'S11', NULL);
INSERT INTO Honor (AwardID, AwardName, YearGiven, NominatedWon, ShowName, WorkID, PersonName) VALUES ('N12', 'Best Revival of a Play', 2014, 'Nominated', 'Tonys', 'S12', NULL);
INSERT INTO Honor (AwardID, AwardName, YearGiven, NominatedWon, ShowName, WorkID, PersonName) VALUES ('N13', 'Best Revival of a Play', 2014, 'Nominated', 'Tonys', 'S13', NULL);
INSERT INTO Honor (AwardID, AwardName, YearGiven, NominatedWon, ShowName, WorkID, PersonName) VALUES ('N14', 'Best Revival of a Musical', 2014, 'Won', 'Tonys', 'S14', NULL);
INSERT INTO Honor (AwardID, AwardName, YearGiven, NominatedWon, ShowName, WorkID, PersonName) VALUES ('N15', 'Best Revival of a Musical', 2014, 'Nominated', 'Tonys', 'S15', NULL);
INSERT INTO Honor (AwardID, AwardName, YearGiven, NominatedWon, ShowName, WorkID, PersonName) VALUES ('N16', 'Best Revival of a Musical', 2014, 'Nominated', 'Tonys', 'S16', NULL);
INSERT INTO Honor (AwardID, AwardName, YearGiven, NominatedWon, ShowName, WorkID, PersonName) VALUES ('N17', 'Best Performance by a Leading Actor in a Play', 2014, 'Won', 'Tonys', 'S2', 'Bryan Cranston');
INSERT INTO Honor (AwardID, AwardName, YearGiven, NominatedWon, ShowName, WorkID, PersonName) VALUES ('N18', 'Best Performance by a Leading Actor in a Play', 2014, 'Nominated', 'Tonys', 'S13', 'Samuel Barnett');
INSERT INTO Honor (AwardID, AwardName, YearGiven, NominatedWon, ShowName, WorkID, PersonName) VALUES ('N19', 'Best Performance by a Leading Actor in a Play', 2014, 'Nominated', 'Tonys', 'S17', 'Chris O''Dowd');
INSERT INTO Honor (AwardID, AwardName, YearGiven, NominatedWon, ShowName, WorkID, PersonName) VALUES ('N20', 'Best Performance by a Leading Actor in a Play', 2014, 'Nominated', 'Tonys', 'S18', 'Mark Rylance');
INSERT INTO Honor (AwardID, AwardName, YearGiven, NominatedWon, ShowName, WorkID, PersonName) VALUES ('N21', 'Best Performance by a Leading Actor in a Play', 2014, 'Nominated', 'Tonys', 'S1', 'Tony Shalhoub');
INSERT INTO Honor (AwardID, AwardName, YearGiven, NominatedWon, ShowName, WorkID, PersonName) VALUES ('N22', 'Best Performance by a Leading Actress in a Play', 2014, 'Won', 'Tonys', 'S19', 'Audra McDonald');
INSERT INTO Honor (AwardID, AwardName, YearGiven, NominatedWon, ShowName, WorkID, PersonName) VALUES ('N23', 'Best Performance by a Leading Actress in a Play', 2014, 'Nominated', 'Tonys', 'S4', 'Tyne Daly');
INSERT INTO Honor (AwardID, AwardName, YearGiven, NominatedWon, ShowName, WorkID, PersonName) VALUES ('N24', 'Best Performance by a Leading Actress in a Play', 2014, 'Nominated', 'Tonys', 'S10', 'LaTanya Richardson');
INSERT INTO Honor (AwardID, AwardName, YearGiven, NominatedWon, ShowName, WorkID, PersonName) VALUES ('N25', 'Best Performance by a Leading Actress in a Play', 2014, 'Nominated', 'Tonys', 'S12', 'Cherry Jones');
INSERT INTO Honor (AwardID, AwardName, YearGiven, NominatedWon, ShowName, WorkID, PersonName) VALUES ('N26', 'Best Performance by a Leading Actress in a Play', 2014, 'Nominated', 'Tonys', 'S20', 'Estelle Parsons');
INSERT INTO Honor (AwardID, AwardName, YearGiven, NominatedWon, ShowName, WorkID, PersonName) VALUES ('N27', 'Best Performance by a Leading Actor in a Musical', 2014, 'Won', 'Tonys', 'S14', 'Neil Patrick Harris');
INSERT INTO Honor (AwardID, AwardName, YearGiven, NominatedWon, ShowName, WorkID, PersonName) VALUES ('N28', 'Best Performance by a Leading Actor in a Musical', 2014, 'Nominated', 'Tonys', 'S15', 'Ramin Karimloo');
INSERT INTO Honor (AwardID, AwardName, YearGiven, NominatedWon, ShowName, WorkID, PersonName) VALUES ('N29', 'Best Performance by a Leading Actor in a Musical', 2014, 'Nominated', 'Tonys', 'S21', 'Andy Karl');
INSERT INTO Honor (AwardID, AwardName, YearGiven, NominatedWon, ShowName, WorkID, PersonName) VALUES ('N30', 'Best Performance by a Leading Actor in a Musical', 2014, 'Nominated', 'Tonys', 'S6', 'Jefferson Mays');
INSERT INTO Honor (AwardID, AwardName, YearGiven, NominatedWon, ShowName, WorkID, PersonName) VALUES ('N31', 'Best Performance by a Leading Actor in a Musical', 2014, 'Nominated', 'Tonys', 'S6', 'Bryce Pinkham');
INSERT INTO Honor (AwardID, AwardName, YearGiven, NominatedWon, ShowName, WorkID, PersonName) VALUES ('N32', 'Best Performance by a Leading Actress in a Musical', 2014, 'Won', 'Tonys', 'S9', 'Jessie Mueller');
INSERT INTO Honor (AwardID, AwardName, YearGiven, NominatedWon, ShowName, WorkID, PersonName) VALUES ('N33', 'Best Performance by a Leading Actress in a Musical', 2014, 'Nominated', 'Tonys', 'S22', 'Mary Bridget Davies');
INSERT INTO Honor (AwardID, AwardName, YearGiven, NominatedWon, ShowName, WorkID, PersonName) VALUES ('N34', 'Best Performance by a Leading Actress in a Musical', 2014, 'Nominated', 'Tonys', 'S16', 'Sutton Foster');
INSERT INTO Honor (AwardID, AwardName, YearGiven, NominatedWon, ShowName, WorkID, PersonName) VALUES ('N35', 'Best Performance by a Leading Actress in a Musical', 2014, 'Nominated', 'Tonys', 'S23', 'Idina Menzel');
INSERT INTO Honor (AwardID, AwardName, YearGiven, NominatedWon, ShowName, WorkID, PersonName) VALUES ('N36', 'Best Performance by a Leading Actress in a Musical', 2014, 'Nominated', 'Tonys', 'S24', 'Kelli O''Hara');
INSERT INTO Honor (AwardID, AwardName, YearGiven, NominatedWon, ShowName, WorkID, PersonName) VALUES ('N37', 'Best Performance by a Featured Actor in a Play', 2014, 'Won', 'Tonys', 'S13', 'Mark Rylance');
INSERT INTO Honor (AwardID, AwardName, YearGiven, NominatedWon, ShowName, WorkID, PersonName) VALUES ('N38', 'Best Performance by a Featured Actor in a Play', 2014, 'Nominated', 'Tonys', 'S3', 'Reed Birney');
INSERT INTO Honor (AwardID, AwardName, YearGiven, NominatedWon, ShowName, WorkID, PersonName) VALUES ('N39', 'Best Performance by a Featured Actor in a Play', 2014, 'Nominated', 'Tonys', 'S13', 'Paul Chahidi');
INSERT INTO Honor (AwardID, AwardName, YearGiven, NominatedWon, ShowName, WorkID, PersonName) VALUES ('N40', 'Best Performance by a Featured Actor in a Play', 2014, 'Nominated', 'Tonys', 'S13', 'Stephen Fry');
INSERT INTO Honor (AwardID, AwardName, YearGiven, NominatedWon, ShowName, WorkID, PersonName) VALUES ('N41', 'Best Performance by a Featured Actor in a Play', 2014, 'Nominated', 'Tonys', 'S12', 'Brian J. Smith');
INSERT INTO Honor (AwardID, AwardName, YearGiven, NominatedWon, ShowName, WorkID, PersonName) VALUES ('N42', 'Best Performance by a Featured Actress in a Play', 2014, 'Won', 'Tonys', 'S10', 'Sophie Okonedo');
INSERT INTO Honor (AwardID, AwardName, YearGiven, NominatedWon, ShowName, WorkID, PersonName) VALUES ('N43', 'Best Performance by a Featured Actress in a Play', 2014, 'Nominated', 'Tonys', 'S11', 'Sarah Greene');
INSERT INTO Honor (AwardID, AwardName, YearGiven, NominatedWon, ShowName, WorkID, PersonName) VALUES ('N44', 'Best Performance by a Featured Actress in a Play', 2014, 'Nominated', 'Tonys', 'S12', 'Celia Keenan-Bolger');
INSERT INTO Honor (AwardID, AwardName, YearGiven, NominatedWon, ShowName, WorkID, PersonName) VALUES ('N45', 'Best Performance by a Featured Actress in a Play', 2014, 'Nominated', 'Tonys', 'S10', 'Anika Noni Rose');
INSERT INTO Honor (AwardID, AwardName, YearGiven, NominatedWon, ShowName, WorkID, PersonName) VALUES ('N46', 'Best Performance by a Featured Actress in a Play', 2014, 'Nominated', 'Tonys', 'S3', 'Mare Winningham');
INSERT INTO Honor (AwardID, AwardName, YearGiven, NominatedWon, ShowName, WorkID, PersonName) VALUES ('N47', 'Best Performance by a Featured Actor in a Musical', 2014, 'Won', 'Tonys', 'S8', 'James Monroe Iglehart');
INSERT INTO Honor (AwardID, AwardName, YearGiven, NominatedWon, ShowName, WorkID, PersonName) VALUES ('N48', 'Best Performance by a Featured Actor in a Musical', 2014, 'Nominated', 'Tonys', 'S25', 'Danny Burstein');
INSERT INTO Honor (AwardID, AwardName, YearGiven, NominatedWon, ShowName, WorkID, PersonName) VALUES ('N49', 'Best Performance by a Featured Actor in a Musical', 2014, 'Nominated', 'Tonys', 'S26', 'Nick Cordero');
INSERT INTO Honor (AwardID, AwardName, YearGiven, NominatedWon, ShowName, WorkID, PersonName) VALUES ('N50', 'Best Performance by a Featured Actor in a Musical', 2014, 'Nominated', 'Tonys', 'S16', 'Joshua Henry');
INSERT INTO Honor (AwardID, AwardName, YearGiven, NominatedWon, ShowName, WorkID, PersonName) VALUES ('N51', 'Best Performance by a Featured Actor in a Musical', 2014, 'Nominated', 'Tonys', 'S9', 'Jarrod Spector');
INSERT INTO Honor (AwardID, AwardName, YearGiven, NominatedWon, ShowName, WorkID, PersonName) VALUES ('N52', 'Best Performance by a Featured Actress in a Musical', 2014, 'Won', 'Tonys', 'S14', 'Lena Hall');
INSERT INTO Honor (AwardID, AwardName, YearGiven, NominatedWon, ShowName, WorkID, PersonName) VALUES ('N53', 'Best Performance by a Featured Actress in a Musical', 2014, 'Nominated', 'Tonys', 'S25', 'Linda Emond');
INSERT INTO Honor (AwardID, AwardName, YearGiven, NominatedWon, ShowName, WorkID, PersonName) VALUES ('N54', 'Best Performance by a Featured Actress in a Musical', 2014, 'Nominated', 'Tonys', 'S9', 'Anika Larsen');
INSERT INTO Honor (AwardID, AwardName, YearGiven, NominatedWon, ShowName, WorkID, PersonName) VALUES ('N55', 'Best Performance by a Featured Actress in a Musical', 2014, 'Nominated', 'Tonys', 'S7', 'Adriane Lenox');
INSERT INTO Honor (AwardID, AwardName, YearGiven, NominatedWon, ShowName, WorkID, PersonName) VALUES ('N56', 'Best Performance by a Featured Actress in a Musical', 2014, 'Nominated', 'Tonys', 'S6', 'Lauren Worsham');
INSERT INTO Honor (AwardID, AwardName, YearGiven, NominatedWon, ShowName, WorkID, PersonName) VALUES ('N57', 'Best Book of a Musical', 2014, 'Won', 'Tonys', 'S6', 'Robert L. Freedman');
INSERT INTO Honor (AwardID, AwardName, YearGiven, NominatedWon, ShowName, WorkID, PersonName) VALUES ('N58', 'Best Book of a Musical', 2014, 'Nominated', 'Tonys', 'S8', 'Chad Beguelin');
INSERT INTO Honor (AwardID, AwardName, YearGiven, NominatedWon, ShowName, WorkID, PersonName) VALUES ('N59', 'Best Book of a Musical', 2014, 'Nominated', 'Tonys', 'S9', 'Douglas McGrath');
INSERT INTO Honor (AwardID, AwardName, YearGiven, NominatedWon, ShowName, WorkID, PersonName) VALUES ('N60', 'Best Book of a Musical', 2014, 'Nominated', 'Tonys', 'S26', 'Woody Allen');
INSERT INTO Honor (AwardID, AwardName, YearGiven, NominatedWon, ShowName, WorkID, PersonName) VALUES ('N61', 'Best Original Score', 2014, 'Won', 'Tonys', 'S24', 'Jason Robert Brown');
INSERT INTO Honor (AwardID, AwardName, YearGiven, NominatedWon, ShowName, WorkID, PersonName) VALUES ('N62', 'Best Original Score', 2014, 'Nominated', 'Tonys', 'S8', 'Alan Menken');
INSERT INTO Honor (AwardID, AwardName, YearGiven, NominatedWon, ShowName, WorkID, PersonName) VALUES ('N63', 'Best Original Score', 2014, 'Nominated', 'Tonys', 'S8', 'Howard Ashman');
INSERT INTO Honor (AwardID, AwardName, YearGiven, NominatedWon, ShowName, WorkID, PersonName) VALUES ('N64', 'Best Original Score', 2014, 'Nominated', 'Tonys', 'S8', 'Tim Rice');
INSERT INTO Honor (AwardID, AwardName, YearGiven, NominatedWon, ShowName, WorkID, PersonName) VALUES ('N65', 'Best Original Score', 2014, 'Nominated', 'Tonys', 'S8', 'Chad Beguelin');
INSERT INTO Honor (AwardID, AwardName, YearGiven, NominatedWon, ShowName, WorkID, PersonName) VALUES ('N66', 'Best Original Score', 2014, 'Nominated', 'Tonys', 'S6', 'Steven Lutvak');
INSERT INTO Honor (AwardID, AwardName, YearGiven, NominatedWon, ShowName, WorkID, PersonName) VALUES ('N67', 'Best Original Score', 2014, 'Nominated', 'Tonys', 'S6', 'Robert L. Freedman');
INSERT INTO Honor (AwardID, AwardName, YearGiven, NominatedWon, ShowName, WorkID, PersonName) VALUES ('N68', 'Best Original Score', 2014, 'Nominated', 'Tonys', 'S23', 'Tom Kitt');
INSERT INTO Honor (AwardID, AwardName, YearGiven, NominatedWon, ShowName, WorkID, PersonName) VALUES ('N69', 'Best Original Score', 2014, 'Nominated', 'Tonys', 'S23', 'Brian Yorkey');
INSERT INTO Honor (AwardID, AwardName, YearGiven, NominatedWon, ShowName, WorkID, PersonName) VALUES ('G1', 'Record of the Year', 2014, 'Won', 'Grammys', 'U1', NULL);
INSERT INTO Honor (AwardID, AwardName, YearGiven, NominatedWon, ShowName, WorkID, PersonName) VALUES ('G2', 'Record of the Year', 2014, 'Nominated', 'Grammys', 'U2', NULL);
INSERT INTO Honor (AwardID, AwardName, YearGiven, NominatedWon, ShowName, WorkID, PersonName) VALUES ('G3', 'Record of the Year', 2014, 'Nominated', 'Grammys', 'U3', NULL);
INSERT INTO Honor (AwardID, AwardName, YearGiven, NominatedWon, ShowName, WorkID, PersonName) VALUES ('G4', 'Record of the Year', 2014, 'Nominated', 'Grammys', 'U4', NULL);
INSERT INTO Honor (AwardID, AwardName, YearGiven, NominatedWon, ShowName, WorkID, PersonName) VALUES ('G5', 'Record of the Year', 2014, 'Nominated', 'Grammys', 'U5', NULL);
INSERT INTO Honor (AwardID, AwardName, YearGiven, NominatedWon, ShowName, WorkID, PersonName) VALUES ('G6', 'Album of the Year', 2014, 'Won', 'Grammys', 'U6', NULL);
INSERT INTO Honor (AwardID, AwardName, YearGiven, NominatedWon, ShowName, WorkID, PersonName) VALUES ('G7', 'Album of the Year', 2014, 'Nominated', 'Grammys', 'U7', NULL);
INSERT INTO Honor (AwardID, AwardName, YearGiven, NominatedWon, ShowName, WorkID, PersonName) VALUES ('G8', 'Album of the Year', 2014, 'Nominated', 'Grammys', 'U8', NULL);
INSERT INTO Honor (AwardID, AwardName, YearGiven, NominatedWon, ShowName, WorkID, PersonName) VALUES ('G9', 'Album of the Year', 2014, 'Nominated', 'Grammys', 'U9', NULL);
INSERT INTO Honor (AwardID, AwardName, YearGiven, NominatedWon, ShowName, WorkID, PersonName) VALUES ('G10', 'Album of the Year', 2014, 'Nominated', 'Grammys', 'U10', NULL);
INSERT INTO Honor (AwardID, AwardName, YearGiven, NominatedWon, ShowName, WorkID, PersonName) VALUES ('G11', 'Song of the Year', 2014, 'Won', 'Grammys', 'U1', NULL);
INSERT INTO Honor (AwardID, AwardName, YearGiven, NominatedWon, ShowName, WorkID, PersonName) VALUES ('G12', 'Song of the Year', 2014, 'Nominated', 'Grammys', 'U5', NULL);
INSERT INTO Honor (AwardID, AwardName, YearGiven, NominatedWon, ShowName, WorkID, PersonName) VALUES ('G13', 'Song of the Year', 2014, 'Nominated', 'Grammys', 'U3', NULL);
INSERT INTO Honor (AwardID, AwardName, YearGiven, NominatedWon, ShowName, WorkID, PersonName) VALUES ('G14', 'Song of the Year', 2014, 'Nominated', 'Grammys', 'U4', NULL);
INSERT INTO Honor (AwardID, AwardName, YearGiven, NominatedWon, ShowName, WorkID, PersonName) VALUES ('G15', 'Song of the Year', 2014, 'Nominated', 'Grammys', 'U11', NULL);
INSERT INTO Honor (AwardID, AwardName, YearGiven, NominatedWon, ShowName, WorkID, PersonName) VALUES ('G16', 'Best New Artist', 2014, 'Won', 'Grammys', 'P4', 'Sam Smith');
INSERT INTO Honor (AwardID, AwardName, YearGiven, NominatedWon, ShowName, WorkID, PersonName) VALUES ('G17', 'Best New Artist', 2014, 'Nominated', 'Grammys', 'P5', 'Iggy Azalea');
INSERT INTO Honor (AwardID, AwardName, YearGiven, NominatedWon, ShowName, WorkID, PersonName) VALUES ('G18', 'Best New Artist', 2014, 'Nominated', 'Grammys', 'P287', 'Bastille');
INSERT INTO Honor (AwardID, AwardName, YearGiven, NominatedWon, ShowName, WorkID, PersonName) VALUES ('G19', 'Best New Artist', 2014, 'Nominated', 'Grammys', 'P100', 'Brandy Clark');
INSERT INTO Honor (AwardID, AwardName, YearGiven, NominatedWon, ShowName, WorkID, PersonName) VALUES ('G20', 'Best New Artist', 2014, 'Nominated', 'Grammys', 'P288', 'HAIM');
INSERT INTO Honor (AwardID, AwardName, YearGiven, NominatedWon, ShowName, WorkID, PersonName) VALUES ('G21', 'Best Pop Solo Performance', 2014, 'Won', 'Grammys', 'U12', NULL);
INSERT INTO Honor (AwardID, AwardName, YearGiven, NominatedWon, ShowName, WorkID, PersonName) VALUES ('G22', 'Best Pop Solo Performance', 2014, 'Nominated', 'Grammys', 'U13', NULL);
INSERT INTO Honor (AwardID, AwardName, YearGiven, NominatedWon, ShowName, WorkID, PersonName) VALUES ('G23', 'Best Pop Solo Performance', 2014, 'Nominated', 'Grammys', 'U3', NULL);
INSERT INTO Honor (AwardID, AwardName, YearGiven, NominatedWon, ShowName, WorkID, PersonName) VALUES ('G24', 'Best Pop Solo Performance', 2014, 'Nominated', 'Grammys', 'U1', NULL);
INSERT INTO Honor (AwardID, AwardName, YearGiven, NominatedWon, ShowName, WorkID, PersonName) VALUES ('G25', 'Best Pop Solo Performance', 2014, 'Nominated', 'Grammys', 'U4', NULL);
INSERT INTO Honor (AwardID, AwardName, YearGiven, NominatedWon, ShowName, WorkID, PersonName) VALUES ('G26', 'Best Pop Duo/Group Performance', 2014, 'Won', 'Grammys', 'U14', NULL);
INSERT INTO Honor (AwardID, AwardName, YearGiven, NominatedWon, ShowName, WorkID, PersonName) VALUES ('G27', 'Best Pop Duo/Group Performance', 2014, 'Nominated', 'Grammys', 'U2', NULL);
INSERT INTO Honor (AwardID, AwardName, YearGiven, NominatedWon, ShowName, WorkID, PersonName) VALUES ('G28', 'Best Pop Duo/Group Performance', 2014, 'Nominated', 'Grammys', 'U15', NULL);
INSERT INTO Honor (AwardID, AwardName, YearGiven, NominatedWon, ShowName, WorkID, PersonName) VALUES ('G29', 'Best Pop Duo/Group Performance', 2014, 'Nominated', 'Grammys', 'U16', NULL);
INSERT INTO Honor (AwardID, AwardName, YearGiven, NominatedWon, ShowName, WorkID, PersonName) VALUES ('G30', 'Best Pop Duo/Group Performance', 2014, 'Nominated', 'Grammys', 'U17', NULL);
INSERT INTO Honor (AwardID, AwardName, YearGiven, NominatedWon, ShowName, WorkID, PersonName) VALUES ('G31', 'Best Pop Vocal Album', 2014, 'Won', 'Grammys', 'U9', NULL);
INSERT INTO Honor (AwardID, AwardName, YearGiven, NominatedWon, ShowName, WorkID, PersonName) VALUES ('G32', 'Best Pop Vocal Album', 2014, 'Nominated', 'Grammys', 'U18', NULL);
INSERT INTO Honor (AwardID, AwardName, YearGiven, NominatedWon, ShowName, WorkID, PersonName) VALUES ('G33', 'Best Pop Vocal Album', 2014, 'Nominated', 'Grammys', 'U19', NULL);
INSERT INTO Honor (AwardID, AwardName, YearGiven, NominatedWon, ShowName, WorkID, PersonName) VALUES ('G34', 'Best Pop Vocal Album', 2014, 'Nominated', 'Grammys', 'U20', NULL);
INSERT INTO Honor (AwardID, AwardName, YearGiven, NominatedWon, ShowName, WorkID, PersonName) VALUES ('G35', 'Best Pop Vocal Album', 2014, 'Nominated', 'Grammys', 'U21', NULL);
INSERT INTO Honor (AwardID, AwardName, YearGiven, NominatedWon, ShowName, WorkID, PersonName) VALUES ('G36', 'Best Pop Vocal Album', 2014, 'Nominated', 'Grammys', 'U8', NULL);
INSERT INTO Honor (AwardID, AwardName, YearGiven, NominatedWon, ShowName, WorkID, PersonName) VALUES ('G37', 'Best Traditional Pop Vocal Album', 2014, 'Won', 'Grammys', 'U22', NULL);
INSERT INTO Honor (AwardID, AwardName, YearGiven, NominatedWon, ShowName, WorkID, PersonName) VALUES ('G38', 'Best Traditional Pop Vocal Album', 2014, 'Nominated', 'Grammys', 'U23', NULL);
INSERT INTO Honor (AwardID, AwardName, YearGiven, NominatedWon, ShowName, WorkID, PersonName) VALUES ('G39', 'Best Traditional Pop Vocal Album', 2014, 'Nominated', 'Grammys', 'U24', NULL);
INSERT INTO Honor (AwardID, AwardName, YearGiven, NominatedWon, ShowName, WorkID, PersonName) VALUES ('G40', 'Best Traditional Pop Vocal Album', 2014, 'Nominated', 'Grammys', 'U25', NULL);
INSERT INTO Honor (AwardID, AwardName, YearGiven, NominatedWon, ShowName, WorkID, PersonName) VALUES ('G41', 'Best Traditional Pop Vocal Album', 2014, 'Nominated', 'Grammys', 'U26', NULL);
INSERT INTO Honor (AwardID, AwardName, YearGiven, NominatedWon, ShowName, WorkID, PersonName) VALUES ('G42', 'Best Dance Recording', 2014, 'Won', 'Grammys', 'U27', NULL);
INSERT INTO Honor (AwardID, AwardName, YearGiven, NominatedWon, ShowName, WorkID, PersonName) VALUES ('G43', 'Best Dance Recording', 2014, 'Nominated', 'Grammys', 'U28', NULL);
INSERT INTO Honor (AwardID, AwardName, YearGiven, NominatedWon, ShowName, WorkID, PersonName) VALUES ('G44', 'Best Dance Recording', 2014, 'Nominated', 'Grammys', 'U29', NULL);
INSERT INTO Honor (AwardID, AwardName, YearGiven, NominatedWon, ShowName, WorkID, PersonName) VALUES ('G45', 'Best Dance Recording', 2014, 'Nominated', 'Grammys', 'U30', NULL);
INSERT INTO Honor (AwardID, AwardName, YearGiven, NominatedWon, ShowName, WorkID, PersonName) VALUES ('G46', 'Best Dance Recording', 2014, 'Nominated', 'Grammys', 'U31', NULL);
INSERT INTO Honor (AwardID, AwardName, YearGiven, NominatedWon, ShowName, WorkID, PersonName) VALUES ('G47', 'Best Dance/Electric Album', 2014, 'Won', 'Grammys', 'U32', NULL);
INSERT INTO Honor (AwardID, AwardName, YearGiven, NominatedWon, ShowName, WorkID, PersonName) VALUES ('G48', 'Best Dance/Electric Album', 2014, 'Nominated', 'Grammys', 'U33', NULL);
INSERT INTO Honor (AwardID, AwardName, YearGiven, NominatedWon, ShowName, WorkID, PersonName) VALUES ('G49', 'Best Dance/Electric Album', 2014, 'Nominated', 'Grammys', 'U34', NULL);
INSERT INTO Honor (AwardID, AwardName, YearGiven, NominatedWon, ShowName, WorkID, PersonName) VALUES ('G50', 'Best Dance/Electric Album', 2014, 'Nominated', 'Grammys', 'U35', NULL);
INSERT INTO Honor (AwardID, AwardName, YearGiven, NominatedWon, ShowName, WorkID, PersonName) VALUES ('G51', 'Best Dance/Electric Album', 2014, 'Nominated', 'Grammys', 'U36', NULL);
INSERT INTO Honor (AwardID, AwardName, YearGiven, NominatedWon, ShowName, WorkID, PersonName) VALUES ('G52', 'Best Contemporary Instrumental Album', 2014, 'Won', 'Grammys', 'U37', NULL);
INSERT INTO Honor (AwardID, AwardName, YearGiven, NominatedWon, ShowName, WorkID, PersonName) VALUES ('G53', 'Best Contemporary Instrumental Album', 2014, 'Nominated', 'Grammys', 'U38', NULL);
INSERT INTO Honor (AwardID, AwardName, YearGiven, NominatedWon, ShowName, WorkID, PersonName) VALUES ('G54', 'Best Contemporary Instrumental Album', 2014, 'Nominated', 'Grammys', 'U39', NULL);
INSERT INTO Honor (AwardID, AwardName, YearGiven, NominatedWon, ShowName, WorkID, PersonName) VALUES ('G55', 'Best Contemporary Instrumental Album', 2014, 'Nominated', 'Grammys', 'U40', NULL);
INSERT INTO Honor (AwardID, AwardName, YearGiven, NominatedWon, ShowName, WorkID, PersonName) VALUES ('G56', 'Best Contemporary Instrumental Album', 2014, 'Nominated', 'Grammys', 'U41', NULL);
INSERT INTO Honor (AwardID, AwardName, YearGiven, NominatedWon, ShowName, WorkID, PersonName) VALUES ('G57', 'Best Rock Performance', 2014, 'Won', 'Grammys', 'U42', NULL);
INSERT INTO Honor (AwardID, AwardName, YearGiven, NominatedWon, ShowName, WorkID, PersonName) VALUES ('G58', 'Best Rock Performance', 2014, 'Nominated', 'Grammys', 'U43', NULL);
INSERT INTO Honor (AwardID, AwardName, YearGiven, NominatedWon, ShowName, WorkID, PersonName) VALUES ('G59', 'Best Rock Performance', 2014, 'Nominated', 'Grammys', 'U44', NULL);
INSERT INTO Honor (AwardID, AwardName, YearGiven, NominatedWon, ShowName, WorkID, PersonName) VALUES ('G60', 'Best Rock Performance', 2014, 'Nominated', 'Grammys', 'U45', NULL);
INSERT INTO Honor (AwardID, AwardName, YearGiven, NominatedWon, ShowName, WorkID, PersonName) VALUES ('G61', 'Best Rock Performance', 2014, 'Nominated', 'Grammys', 'U46', NULL);
INSERT INTO Honor (AwardID, AwardName, YearGiven, NominatedWon, ShowName, WorkID, PersonName) VALUES ('G62', 'Best Metal Performance', 2014, 'Won', 'Grammys', 'U47', NULL);
INSERT INTO Honor (AwardID, AwardName, YearGiven, NominatedWon, ShowName, WorkID, PersonName) VALUES ('G63', 'Best Metal Performance', 2014, 'Nominated', 'Grammys', 'U48', NULL);
INSERT INTO Honor (AwardID, AwardName, YearGiven, NominatedWon, ShowName, WorkID, PersonName) VALUES ('G64', 'Best Metal Performance', 2014, 'Nominated', 'Grammys', 'U49', NULL);
INSERT INTO Honor (AwardID, AwardName, YearGiven, NominatedWon, ShowName, WorkID, PersonName) VALUES ('G65', 'Best Metal Performance', 2014, 'Nominated', 'Grammys', 'U50', NULL);
INSERT INTO Honor (AwardID, AwardName, YearGiven, NominatedWon, ShowName, WorkID, PersonName) VALUES ('G66', 'Best Metal Performance', 2014, 'Nominated', 'Grammys', 'U51', NULL);
INSERT INTO Honor (AwardID, AwardName, YearGiven, NominatedWon, ShowName, WorkID, PersonName) VALUES ('G67', 'Best Rock Song', 2014, 'Won', 'Grammys', 'U52', NULL);
INSERT INTO Honor (AwardID, AwardName, YearGiven, NominatedWon, ShowName, WorkID, PersonName) VALUES ('G68', 'Best Rock Song', 2014, 'Nominated', 'Grammys', 'U45', NULL);
INSERT INTO Honor (AwardID, AwardName, YearGiven, NominatedWon, ShowName, WorkID, PersonName) VALUES ('G69', 'Best Rock Song', 2014, 'Nominated', 'Grammys', 'U53', NULL);
INSERT INTO Honor (AwardID, AwardName, YearGiven, NominatedWon, ShowName, WorkID, PersonName) VALUES ('G70', 'Best Rock Song', 2014, 'Nominated', 'Grammys', 'U43', NULL);
INSERT INTO Honor (AwardID, AwardName, YearGiven, NominatedWon, ShowName, WorkID, PersonName) VALUES ('G71', 'Best Rock Song', 2014, 'Nominated', 'Grammys', 'U42', NULL);
INSERT INTO Honor (AwardID, AwardName, YearGiven, NominatedWon, ShowName, WorkID, PersonName) VALUES ('G72', 'Best Rock Album', 2014, 'Won', 'Grammys', 'U6', NULL);
INSERT INTO Honor (AwardID, AwardName, YearGiven, NominatedWon, ShowName, WorkID, PersonName) VALUES ('G73', 'Best Rock Album', 2014, 'Nominated', 'Grammys', 'U54', NULL);
INSERT INTO Honor (AwardID, AwardName, YearGiven, NominatedWon, ShowName, WorkID, PersonName) VALUES ('G74', 'Best Rock Album', 2014, 'Nominated', 'Grammys', 'U55', NULL);
INSERT INTO Honor (AwardID, AwardName, YearGiven, NominatedWon, ShowName, WorkID, PersonName) VALUES ('G75', 'Best Rock Album', 2014, 'Nominated', 'Grammys', 'U56', NULL);
INSERT INTO Honor (AwardID, AwardName, YearGiven, NominatedWon, ShowName, WorkID, PersonName) VALUES ('G76', 'Best Rock Album', 2014, 'Nominated', 'Grammys', 'U57', NULL);
INSERT INTO Honor (AwardID, AwardName, YearGiven, NominatedWon, ShowName, WorkID, PersonName) VALUES ('G77', 'Best Alternative Music Album', 2014, 'Won', 'Grammys', 'U58', NULL);
INSERT INTO Honor (AwardID, AwardName, YearGiven, NominatedWon, ShowName, WorkID, PersonName) VALUES ('G78', 'Best Alternative Music Album', 2014, 'Nominated', 'Grammys', 'U59', NULL);
INSERT INTO Honor (AwardID, AwardName, YearGiven, NominatedWon, ShowName, WorkID, PersonName) VALUES ('G79', 'Best Alternative Music Album', 2014, 'Nominated', 'Grammys', 'U60', NULL);
INSERT INTO Honor (AwardID, AwardName, YearGiven, NominatedWon, ShowName, WorkID, PersonName) VALUES ('G80', 'Best Alternative Music Album', 2014, 'Nominated', 'Grammys', 'U61', NULL);
INSERT INTO Honor (AwardID, AwardName, YearGiven, NominatedWon, ShowName, WorkID, PersonName) VALUES ('G81', 'Best Alternative Music Album', 2014, 'Nominated', 'Grammys', 'U42', NULL);
INSERT INTO Honor (AwardID, AwardName, YearGiven, NominatedWon, ShowName, WorkID, PersonName) VALUES ('G82', 'Best R&B Performance', 2014, 'Won', 'Grammys', 'U62', NULL);
INSERT INTO Honor (AwardID, AwardName, YearGiven, NominatedWon, ShowName, WorkID, PersonName) VALUES ('G83', 'Best R&B Performance', 2014, 'Nominated', 'Grammys', 'U64', NULL);
INSERT INTO Honor (AwardID, AwardName, YearGiven, NominatedWon, ShowName, WorkID, PersonName) VALUES ('G84', 'Best R&B Performance', 2014, 'Nominated', 'Grammys', 'U95', NULL);
INSERT INTO Honor (AwardID, AwardName, YearGiven, NominatedWon, ShowName, WorkID, PersonName) VALUES ('G85', 'Best R&B Performance', 2014, 'Nominated', 'Grammys', 'U96', NULL);
INSERT INTO Honor (AwardID, AwardName, YearGiven, NominatedWon, ShowName, WorkID, PersonName) VALUES ('G86', 'Best R&B Performance', 2014, 'Nominated', 'Grammys', 'U63', NULL);
INSERT INTO Honor (AwardID, AwardName, YearGiven, NominatedWon, ShowName, WorkID, PersonName) VALUES ('G87', 'Best Traditional R&B Performance', 2014, 'Won', 'Grammys', 'U97', NULL);
INSERT INTO Honor (AwardID, AwardName, YearGiven, NominatedWon, ShowName, WorkID, PersonName) VALUES ('G88', 'Best Traditional R&B Performance', 2014, 'Nominated', 'Grammys', 'U98', NULL);
INSERT INTO Honor (AwardID, AwardName, YearGiven, NominatedWon, ShowName, WorkID, PersonName) VALUES ('G89', 'Best Traditional R&B Performance', 2014, 'Nominated', 'Grammys', 'U99', NULL);
INSERT INTO Honor (AwardID, AwardName, YearGiven, NominatedWon, ShowName, WorkID, PersonName) VALUES ('G90', 'Best Traditional R&B Performance', 2014, 'Nominated', 'Grammys', 'U100', NULL);
INSERT INTO Honor (AwardID, AwardName, YearGiven, NominatedWon, ShowName, WorkID, PersonName) VALUES ('G91', 'Best Traditional R&B Performance', 2014, 'Nominated', 'Grammys', 'U101', NULL);
INSERT INTO Honor (AwardID, AwardName, YearGiven, NominatedWon, ShowName, WorkID, PersonName) VALUES ('G92', 'Best R&B Song', 2014, 'Won', 'Grammys', 'U62', NULL);
INSERT INTO Honor (AwardID, AwardName, YearGiven, NominatedWon, ShowName, WorkID, PersonName) VALUES ('G93', 'Best R&B Song', 2014, 'Nominated', 'Grammys', 'U63', NULL);
INSERT INTO Honor (AwardID, AwardName, YearGiven, NominatedWon, ShowName, WorkID, PersonName) VALUES ('G94', 'Best R&B Song', 2014, 'Nominated', 'Grammys', 'U64', NULL);
INSERT INTO Honor (AwardID, AwardName, YearGiven, NominatedWon, ShowName, WorkID, PersonName) VALUES ('G95', 'Best R&B Song', 2014, 'Nominated', 'Grammys', 'U65', NULL);
INSERT INTO Honor (AwardID, AwardName, YearGiven, NominatedWon, ShowName, WorkID, PersonName) VALUES ('G96', 'Best R&B Song', 2014, 'Nominated', 'Grammys', 'U66', NULL);
INSERT INTO Honor (AwardID, AwardName, YearGiven, NominatedWon, ShowName, WorkID, PersonName) VALUES ('G97', 'Best Urban Contemporary Album', 2014, 'Won', 'Grammys', 'U10', NULL);
INSERT INTO Honor (AwardID, AwardName, YearGiven, NominatedWon, ShowName, WorkID, PersonName) VALUES ('G98', 'Best Urban Contemporary Album', 2014, 'Nominated', 'Grammys', 'U67', NULL);
INSERT INTO Honor (AwardID, AwardName, YearGiven, NominatedWon, ShowName, WorkID, PersonName) VALUES ('G99', 'Best Urban Contemporary Album', 2014, 'Nominated', 'Grammys', 'U7', NULL);
INSERT INTO Honor (AwardID, AwardName, YearGiven, NominatedWon, ShowName, WorkID, PersonName) VALUES ('G100', 'Best Urban Contemporary Album', 2014, 'Nominated', 'Grammys', 'U102', NULL);
INSERT INTO Honor (AwardID, AwardName, YearGiven, NominatedWon, ShowName, WorkID, PersonName) VALUES ('G101', 'Best Urban Contemporary Album', 2014, 'Nominated', 'Grammys', 'U68', NULL);
INSERT INTO Honor (AwardID, AwardName, YearGiven, NominatedWon, ShowName, WorkID, PersonName) VALUES ('G102', 'Best R&B Album', 2014, 'Won', 'Grammys', 'U69', NULL);
INSERT INTO Honor (AwardID, AwardName, YearGiven, NominatedWon, ShowName, WorkID, PersonName) VALUES ('G103', 'Best R&B Album', 2014, 'Nominated', 'Grammys', 'U70', NULL);
INSERT INTO Honor (AwardID, AwardName, YearGiven, NominatedWon, ShowName, WorkID, PersonName) VALUES ('G104', 'Best R&B Album', 2014, 'Nominated', 'Grammys', 'U71', NULL);
INSERT INTO Honor (AwardID, AwardName, YearGiven, NominatedWon, ShowName, WorkID, PersonName) VALUES ('G105', 'Best R&B Album', 2014, 'Nominated', 'Grammys', 'U72', NULL);
INSERT INTO Honor (AwardID, AwardName, YearGiven, NominatedWon, ShowName, WorkID, PersonName) VALUES ('G106', 'Best R&B Album', 2014, 'Nominated', 'Grammys', 'U73', NULL);
INSERT INTO Honor (AwardID, AwardName, YearGiven, NominatedWon, ShowName, WorkID, PersonName) VALUES ('G107', 'Best Rap Performance', 2014, 'Won', 'Grammys', 'U74', NULL);
INSERT INTO Honor (AwardID, AwardName, YearGiven, NominatedWon, ShowName, WorkID, PersonName) VALUES ('G108', 'Best Rap Performance', 2014, 'Nominated', 'Grammys', 'U103', NULL);
INSERT INTO Honor (AwardID, AwardName, YearGiven, NominatedWon, ShowName, WorkID, PersonName) VALUES ('G109', 'Best Rap Performance', 2014, 'Nominated', 'Grammys', 'U104', NULL);
INSERT INTO Honor (AwardID, AwardName, YearGiven, NominatedWon, ShowName, WorkID, PersonName) VALUES ('G110', 'Best Rap Performance', 2014, 'Nominated', 'Grammys', 'U105', NULL);
INSERT INTO Honor (AwardID, AwardName, YearGiven, NominatedWon, ShowName, WorkID, PersonName) VALUES ('G111', 'Best Rap Performance', 2014, 'Nominated', 'Grammys', 'U106', NULL);
INSERT INTO Honor (AwardID, AwardName, YearGiven, NominatedWon, ShowName, WorkID, PersonName) VALUES ('G112', 'Best Rap/Sung Collaboration', 2014, 'Won', 'Grammys', 'U107', NULL);
INSERT INTO Honor (AwardID, AwardName, YearGiven, NominatedWon, ShowName, WorkID, PersonName) VALUES ('G113', 'Best Rap/Sung Collaboration', 2014, 'Nominated', 'Grammys', 'U108', NULL);
INSERT INTO Honor (AwardID, AwardName, YearGiven, NominatedWon, ShowName, WorkID, PersonName) VALUES ('G114', 'Best Rap/Sung Collaboration', 2014, 'Nominated', 'Grammys', 'U109', NULL);
INSERT INTO Honor (AwardID, AwardName, YearGiven, NominatedWon, ShowName, WorkID, PersonName) VALUES ('G115', 'Best Rap/Sung Collaboration', 2014, 'Nominated', 'Grammys', 'U110', NULL);
INSERT INTO Honor (AwardID, AwardName, YearGiven, NominatedWon, ShowName, WorkID, PersonName) VALUES ('G116', 'Best Rap/Sung Collaboration', 2014, 'Nominated', 'Grammys', 'U76', NULL);
INSERT INTO Honor (AwardID, AwardName, YearGiven, NominatedWon, ShowName, WorkID, PersonName) VALUES ('G117', 'Best Rap Song', 2014, 'Won', 'Grammys', 'U74', NULL);
INSERT INTO Honor (AwardID, AwardName, YearGiven, NominatedWon, ShowName, WorkID, PersonName) VALUES ('G118', 'Best Rap Song', 2014, 'Nominated', 'Grammys', 'U75', NULL);
INSERT INTO Honor (AwardID, AwardName, YearGiven, NominatedWon, ShowName, WorkID, PersonName) VALUES ('G119', 'Best Rap Song', 2014, 'Nominated', 'Grammys', 'U76', NULL);
INSERT INTO Honor (AwardID, AwardName, YearGiven, NominatedWon, ShowName, WorkID, PersonName) VALUES ('G120', 'Best Rap Song', 2014, 'Nominated', 'Grammys', 'U77', NULL);
INSERT INTO Honor (AwardID, AwardName, YearGiven, NominatedWon, ShowName, WorkID, PersonName) VALUES ('G121', 'Best Rap Song', 2014, 'Nominated', 'Grammys', 'U78', NULL);
INSERT INTO Honor (AwardID, AwardName, YearGiven, NominatedWon, ShowName, WorkID, PersonName) VALUES ('G122', 'Best Rap Album', 2014, 'Won', 'Grammys', 'U79', NULL);
INSERT INTO Honor (AwardID, AwardName, YearGiven, NominatedWon, ShowName, WorkID, PersonName) VALUES ('G123', 'Best Rap Album', 2014, 'Nominated', 'Grammys', 'U80', NULL);
INSERT INTO Honor (AwardID, AwardName, YearGiven, NominatedWon, ShowName, WorkID, PersonName) VALUES ('G124', 'Best Rap Album', 2014, 'Nominated', 'Grammys', 'U81', NULL);
INSERT INTO Honor (AwardID, AwardName, YearGiven, NominatedWon, ShowName, WorkID, PersonName) VALUES ('G125', 'Best Rap Album', 2014, 'Nominated', 'Grammys', 'U82', NULL);
INSERT INTO Honor (AwardID, AwardName, YearGiven, NominatedWon, ShowName, WorkID, PersonName) VALUES ('G126', 'Best Rap Album', 2014, 'Nominated', 'Grammys', 'U83', NULL);
INSERT INTO Honor (AwardID, AwardName, YearGiven, NominatedWon, ShowName, WorkID, PersonName) VALUES ('G127', 'Best Rap Album', 2014, 'Nominated', 'Grammys', 'U84', NULL);
INSERT INTO Honor (AwardID, AwardName, YearGiven, NominatedWon, ShowName, WorkID, PersonName) VALUES ('G128', 'Best Country Solo Performance', 2014, 'Won', 'Grammys', 'U111', NULL);
INSERT INTO Honor (AwardID, AwardName, YearGiven, NominatedWon, ShowName, WorkID, PersonName) VALUES ('G129', 'Best Country Solo Performance', 2014, 'Nominated', 'Grammys', 'U88', NULL);
INSERT INTO Honor (AwardID, AwardName, YearGiven, NominatedWon, ShowName, WorkID, PersonName) VALUES ('G130', 'Best Country Solo Performance', 2014, 'Nominated', 'Grammys', 'U112', NULL);
INSERT INTO Honor (AwardID, AwardName, YearGiven, NominatedWon, ShowName, WorkID, PersonName) VALUES ('G131', 'Best Country Solo Performance', 2014, 'Nominated', 'Grammys', 'U87', NULL);
INSERT INTO Honor (AwardID, AwardName, YearGiven, NominatedWon, ShowName, WorkID, PersonName) VALUES ('G132', 'Best Country Solo Performance', 2014, 'Nominated', 'Grammys', 'U113', NULL);
INSERT INTO Honor (AwardID, AwardName, YearGiven, NominatedWon, ShowName, WorkID, PersonName) VALUES ('G133', 'Best Country Duo/Group Performance', 2014, 'Won', 'Grammys', 'U114', NULL);
INSERT INTO Honor (AwardID, AwardName, YearGiven, NominatedWon, ShowName, WorkID, PersonName) VALUES ('G134', 'Best Country Duo/Group Performance', 2014, 'Nominated', 'Grammys', 'U115', NULL);
INSERT INTO Honor (AwardID, AwardName, YearGiven, NominatedWon, ShowName, WorkID, PersonName) VALUES ('G135', 'Best Country Duo/Group Performance', 2014, 'Nominated', 'Grammys', 'U116', NULL);
INSERT INTO Honor (AwardID, AwardName, YearGiven, NominatedWon, ShowName, WorkID, PersonName) VALUES ('G136', 'Best Country Duo/Group Performance', 2014, 'Nominated', 'Grammys', 'U89', NULL);
INSERT INTO Honor (AwardID, AwardName, YearGiven, NominatedWon, ShowName, WorkID, PersonName) VALUES ('G137', 'Best Country Duo/Group Performance', 2014, 'Nominated', 'Grammys', 'U117', NULL);
INSERT INTO Honor (AwardID, AwardName, YearGiven, NominatedWon, ShowName, WorkID, PersonName) VALUES ('G138', 'Best Country Song', 2014, 'Won', 'Grammys', 'U85', NULL);
INSERT INTO Honor (AwardID, AwardName, YearGiven, NominatedWon, ShowName, WorkID, PersonName) VALUES ('G139', 'Best Country Song', 2014, 'Nominated', 'Grammys', 'U86', NULL);
INSERT INTO Honor (AwardID, AwardName, YearGiven, NominatedWon, ShowName, WorkID, PersonName) VALUES ('G140', 'Best Country Song', 2014, 'Nominated', 'Grammys', 'U87', NULL);
INSERT INTO Honor (AwardID, AwardName, YearGiven, NominatedWon, ShowName, WorkID, PersonName) VALUES ('G141', 'Best Country Song', 2014, 'Nominated', 'Grammys', 'U88', NULL);
INSERT INTO Honor (AwardID, AwardName, YearGiven, NominatedWon, ShowName, WorkID, PersonName) VALUES ('G142', 'Best Country Song', 2014, 'Nominated', 'Grammys', 'U89', NULL);
INSERT INTO Honor (AwardID, AwardName, YearGiven, NominatedWon, ShowName, WorkID, PersonName) VALUES ('G143', 'Best Country Album', 2014, 'Won', 'Grammys', 'U90', NULL);
INSERT INTO Honor (AwardID, AwardName, YearGiven, NominatedWon, ShowName, WorkID, PersonName) VALUES ('G144', 'Best Country Album', 2014, 'Nominated', 'Grammys', 'U91', NULL);
INSERT INTO Honor (AwardID, AwardName, YearGiven, NominatedWon, ShowName, WorkID, PersonName) VALUES ('G145', 'Best Country Album', 2014, 'Nominated', 'Grammys', 'U92', NULL);
INSERT INTO Honor (AwardID, AwardName, YearGiven, NominatedWon, ShowName, WorkID, PersonName) VALUES ('G146', 'Best Country Album', 2014, 'Nominated', 'Grammys', 'U93', NULL);
INSERT INTO Honor (AwardID, AwardName, YearGiven, NominatedWon, ShowName, WorkID, PersonName) VALUES ('G147', 'Best Country Album', 2014, 'Nominated', 'Grammys', 'U94', NULL);
INSERT INTO Honor (AwardID, AwardName, YearGiven, NominatedWon, ShowName, WorkID, PersonName) VALUES ('O1', 'Best Picture', 2015, 'Won', 'Oscars', 'M1', 'Alejandro G. Inarritu');
INSERT INTO Honor (AwardID, AwardName, YearGiven, NominatedWon, ShowName, WorkID, PersonName) VALUES ('O2', 'Best Picture', 2015, 'Won', 'Oscars', 'M1', 'John Lesher');
INSERT INTO Honor (AwardID, AwardName, YearGiven, NominatedWon, ShowName, WorkID, PersonName) VALUES ('O3', 'Best Picture', 2015, 'Won', 'Oscars', 'M1', 'James W. Skotchdopole');
INSERT INTO Honor (AwardID, AwardName, YearGiven, NominatedWon, ShowName, WorkID, PersonName) VALUES ('O4', 'Best Picture', 2015, 'Nominated', 'Oscars', 'M2', 'Clint Eastwood');
INSERT INTO Honor (AwardID, AwardName, YearGiven, NominatedWon, ShowName, WorkID, PersonName) VALUES ('O5', 'Best Picture', 2015, 'Nominated', 'Oscars', 'M2', 'Robert Lorenz');
INSERT INTO Honor (AwardID, AwardName, YearGiven, NominatedWon, ShowName, WorkID, PersonName) VALUES ('O6', 'Best Picture', 2015, 'Nominated', 'Oscars', 'M2', 'Andrew Lazar');
INSERT INTO Honor (AwardID, AwardName, YearGiven, NominatedWon, ShowName, WorkID, PersonName) VALUES ('O7', 'Best Picture', 2015, 'Nominated', 'Oscars', 'M2', 'Bradley Cooper');
INSERT INTO Honor (AwardID, AwardName, YearGiven, NominatedWon, ShowName, WorkID, PersonName) VALUES ('O8', 'Best Picture', 2015, 'Nominated', 'Oscars', 'M2', 'Peter Morgan');
INSERT INTO Honor (AwardID, AwardName, YearGiven, NominatedWon, ShowName, WorkID, PersonName) VALUES ('O9', 'Best Picture', 2015, 'Nominated', 'Oscars', 'M3', 'Richard Linklater');
INSERT INTO Honor (AwardID, AwardName, YearGiven, NominatedWon, ShowName, WorkID, PersonName) VALUES ('O10', 'Best Picture', 2015, 'Nominated', 'Oscars', 'M3', 'Cathleen Sutherland');
INSERT INTO Honor (AwardID, AwardName, YearGiven, NominatedWon, ShowName, WorkID, PersonName) VALUES ('O11', 'Best Picture', 2015, 'Nominated', 'Oscars', 'M4', 'Wes Anderson');
INSERT INTO Honor (AwardID, AwardName, YearGiven, NominatedWon, ShowName, WorkID, PersonName) VALUES ('O12', 'Best Picture', 2015, 'Nominated', 'Oscars', 'M4', 'Scott Rudin');
INSERT INTO Honor (AwardID, AwardName, YearGiven, NominatedWon, ShowName, WorkID, PersonName) VALUES ('O13', 'Best Picture', 2015, 'Nominated', 'Oscars', 'M4', 'Steven Rales');
INSERT INTO Honor (AwardID, AwardName, YearGiven, NominatedWon, ShowName, WorkID, PersonName) VALUES ('O14', 'Best Picture', 2015, 'Nominated', 'Oscars', 'M4', 'Jeremy Dawson');
INSERT INTO Honor (AwardID, AwardName, YearGiven, NominatedWon, ShowName, WorkID, PersonName) VALUES ('O15', 'Best Picture', 2015, 'Nominated', 'Oscars', 'M5', 'Nora Grossman');
INSERT INTO Honor (AwardID, AwardName, YearGiven, NominatedWon, ShowName, WorkID, PersonName) VALUES ('O16', 'Best Picture', 2015, 'Nominated', 'Oscars', 'M5', 'Ida Ostrowsky');
INSERT INTO Honor (AwardID, AwardName, YearGiven, NominatedWon, ShowName, WorkID, PersonName) VALUES ('O17', 'Best Picture', 2015, 'Nominated', 'Oscars', 'M5', 'Teddy Schwarzman');
INSERT INTO Honor (AwardID, AwardName, YearGiven, NominatedWon, ShowName, WorkID, PersonName) VALUES ('O18', 'Best Picture', 2015, 'Nominated', 'Oscars', 'M6', 'Christian Colson');
INSERT INTO Honor (AwardID, AwardName, YearGiven, NominatedWon, ShowName, WorkID, PersonName) VALUES ('O19', 'Best Picture', 2015, 'Nominated', 'Oscars', 'M6', 'Oprah Winfrey');
INSERT INTO Honor (AwardID, AwardName, YearGiven, NominatedWon, ShowName, WorkID, PersonName) VALUES ('O20', 'Best Picture', 2015, 'Nominated', 'Oscars', 'M6', 'Dede Gardner');
INSERT INTO Honor (AwardID, AwardName, YearGiven, NominatedWon, ShowName, WorkID, PersonName) VALUES ('O21', 'Best Picture', 2015, 'Nominated', 'Oscars', 'M6', 'Jeremy Kleiner');
INSERT INTO Honor (AwardID, AwardName, YearGiven, NominatedWon, ShowName, WorkID, PersonName) VALUES ('O22', 'Best Picture', 2015, 'Nominated', 'Oscars', 'M7', 'Tim Bevan');
INSERT INTO Honor (AwardID, AwardName, YearGiven, NominatedWon, ShowName, WorkID, PersonName) VALUES ('O23', 'Best Picture', 2015, 'Nominated', 'Oscars', 'M7', 'Eric Fellner');
INSERT INTO Honor (AwardID, AwardName, YearGiven, NominatedWon, ShowName, WorkID, PersonName) VALUES ('O24', 'Best Picture', 2015, 'Nominated', 'Oscars', 'M7', 'Lisa Bruce');
INSERT INTO Honor (AwardID, AwardName, YearGiven, NominatedWon, ShowName, WorkID, PersonName) VALUES ('O25', 'Best Picture', 2015, 'Nominated', 'Oscars', 'M7', 'Anthony McCarten');
INSERT INTO Honor (AwardID, AwardName, YearGiven, NominatedWon, ShowName, WorkID, PersonName) VALUES ('O26', 'Best Picture', 2015, 'Nominated', 'Oscars', 'M8', 'Jason Blum');
INSERT INTO Honor (AwardID, AwardName, YearGiven, NominatedWon, ShowName, WorkID, PersonName) VALUES ('O27', 'Best Directing', 2015, 'Won', 'Oscars', 'M1', 'Alejandro G. Inarritu');
INSERT INTO Honor (AwardID, AwardName, YearGiven, NominatedWon, ShowName, WorkID, PersonName) VALUES ('O28', 'Best Directing', 2015, 'Nominated', 'Oscars', 'M3', 'Richard Linklater');
INSERT INTO Honor (AwardID, AwardName, YearGiven, NominatedWon, ShowName, WorkID, PersonName) VALUES ('O29', 'Best Directing', 2015, 'Nominated', 'Oscars', 'M9', 'Bennett Miller');
INSERT INTO Honor (AwardID, AwardName, YearGiven, NominatedWon, ShowName, WorkID, PersonName) VALUES ('O30', 'Best Directing', 2015, 'Nominated', 'Oscars', 'M4', 'Wes Anderson');
INSERT INTO Honor (AwardID, AwardName, YearGiven, NominatedWon, ShowName, WorkID, PersonName) VALUES ('O31', 'Best Directing', 2015, 'Nominated', 'Oscars', 'M5', 'Morten Tyldum');
INSERT INTO Honor (AwardID, AwardName, YearGiven, NominatedWon, ShowName, WorkID, PersonName) VALUES ('O32', 'Best Actor', 2015, 'Won', 'Oscars', 'M7', 'Eddie Redmayne');
INSERT INTO Honor (AwardID, AwardName, YearGiven, NominatedWon, ShowName, WorkID, PersonName) VALUES ('O33', 'Best Actor', 2015, 'Nominated', 'Oscars', 'M9', 'Steve Carell');
INSERT INTO Honor (AwardID, AwardName, YearGiven, NominatedWon, ShowName, WorkID, PersonName) VALUES ('O34', 'Best Actor', 2015, 'Nominated', 'Oscars', 'M2', 'Bradley Cooper');
INSERT INTO Honor (AwardID, AwardName, YearGiven, NominatedWon, ShowName, WorkID, PersonName) VALUES ('O35', 'Best Actor', 2015, 'Nominated', 'Oscars', 'M5', 'Benedict Cumberbatch');
INSERT INTO Honor (AwardID, AwardName, YearGiven, NominatedWon, ShowName, WorkID, PersonName) VALUES ('O36', 'Best Actor', 2015, 'Nominated', 'Oscars', 'M1', 'Michael Keaton');
INSERT INTO Honor (AwardID, AwardName, YearGiven, NominatedWon, ShowName, WorkID, PersonName) VALUES ('O37', 'Best Actress', 2015, 'Won', 'Oscars', 'M10', 'Julianne Moore');
INSERT INTO Honor (AwardID, AwardName, YearGiven, NominatedWon, ShowName, WorkID, PersonName) VALUES ('O38', 'Best Actress', 2015, 'Nominated', 'Oscars', 'M11', 'Marion Cotillard');
INSERT INTO Honor (AwardID, AwardName, YearGiven, NominatedWon, ShowName, WorkID, PersonName) VALUES ('O39', 'Best Actress', 2015, 'Nominated', 'Oscars', 'M7', 'Felicity Jones');
INSERT INTO Honor (AwardID, AwardName, YearGiven, NominatedWon, ShowName, WorkID, PersonName) VALUES ('O40', 'Best Actress', 2015, 'Nominated', 'Oscars', 'M12', 'Rosamund Pike');
INSERT INTO Honor (AwardID, AwardName, YearGiven, NominatedWon, ShowName, WorkID, PersonName) VALUES ('O41', 'Best Actress', 2015, 'Nominated', 'Oscars', 'M13', 'Reese Witherspoon');
INSERT INTO Honor (AwardID, AwardName, YearGiven, NominatedWon, ShowName, WorkID, PersonName) VALUES ('O42', 'Best Supporting Actor', 2015, 'Won', 'Oscars', 'M8', 'J.K. Simmons');
INSERT INTO Honor (AwardID, AwardName, YearGiven, NominatedWon, ShowName, WorkID, PersonName) VALUES ('O43', 'Best Supporting Actor', 2015, 'Nominated', 'Oscars', 'M14', 'Robert Duvall');
INSERT INTO Honor (AwardID, AwardName, YearGiven, NominatedWon, ShowName, WorkID, PersonName) VALUES ('O44', 'Best Supporting Actor', 2015, 'Nominated', 'Oscars', 'M3', 'Ethan Hawke');
INSERT INTO Honor (AwardID, AwardName, YearGiven, NominatedWon, ShowName, WorkID, PersonName) VALUES ('O45', 'Best Supporting Actor', 2015, 'Nominated', 'Oscars', 'M1', 'Edward Norton');
INSERT INTO Honor (AwardID, AwardName, YearGiven, NominatedWon, ShowName, WorkID, PersonName) VALUES ('O46', 'Best Supporting Actor', 2015, 'Nominated', 'Oscars', 'M9', 'Mark Ruffalo');
INSERT INTO Honor (AwardID, AwardName, YearGiven, NominatedWon, ShowName, WorkID, PersonName) VALUES ('O47', 'Best Supporting Actress', 2015, 'Won', 'Oscars', 'M3', 'Patricia Arquette');
INSERT INTO Honor (AwardID, AwardName, YearGiven, NominatedWon, ShowName, WorkID, PersonName) VALUES ('O48', 'Best Supporting Actress', 2015, 'Nominated', 'Oscars', 'M13', 'Laura Dern');
INSERT INTO Honor (AwardID, AwardName, YearGiven, NominatedWon, ShowName, WorkID, PersonName) VALUES ('O49', 'Best Supporting Actress', 2015, 'Nominated', 'Oscars', 'M5', 'Keira Knightley');
INSERT INTO Honor (AwardID, AwardName, YearGiven, NominatedWon, ShowName, WorkID, PersonName) VALUES ('O50', 'Best Supporting Actress', 2015, 'Nominated', 'Oscars', 'M1', 'Emma Stone');
INSERT INTO Honor (AwardID, AwardName, YearGiven, NominatedWon, ShowName, WorkID, PersonName) VALUES ('O51', 'Best Supporting Actress', 2015, 'Nominated', 'Oscars', 'M15', 'Meryl Streep');
INSERT INTO Honor (AwardID, AwardName, YearGiven, NominatedWon, ShowName, WorkID, PersonName) VALUES ('O52', 'Best Original Screenplay', 2015, 'Won', 'Oscars', 'M1', 'Alejandro G. Inarritu');
INSERT INTO Honor (AwardID, AwardName, YearGiven, NominatedWon, ShowName, WorkID, PersonName) VALUES ('O53', 'Best Original Screenplay', 2015, 'Won', 'Oscars', 'M1', 'Nicolas Giacobone');
INSERT INTO Honor (AwardID, AwardName, YearGiven, NominatedWon, ShowName, WorkID, PersonName) VALUES ('O54', 'Best Original Screenplay', 2015, 'Won', 'Oscars', 'M1', 'Alexander Dinelaris, Jr.');
INSERT INTO Honor (AwardID, AwardName, YearGiven, NominatedWon, ShowName, WorkID, PersonName) VALUES ('O55', 'Best Original Screenplay', 2015, 'Won', 'Oscars', 'M1', 'Armando Bo');
INSERT INTO Honor (AwardID, AwardName, YearGiven, NominatedWon, ShowName, WorkID, PersonName) VALUES ('O56', 'Best Original Screenplay', 2015, 'Nominated', 'Oscars', 'M3', 'Richard Linklater');
INSERT INTO Honor (AwardID, AwardName, YearGiven, NominatedWon, ShowName, WorkID, PersonName) VALUES ('O57', 'Best Original Screenplay', 2015, 'Nominated', 'Oscars', 'M9', 'E. Max Frye');
INSERT INTO Honor (AwardID, AwardName, YearGiven, NominatedWon, ShowName, WorkID, PersonName) VALUES ('O58', 'Best Original Screenplay', 2015, 'Nominated', 'Oscars', 'M9', 'Dan Futterman');
INSERT INTO Honor (AwardID, AwardName, YearGiven, NominatedWon, ShowName, WorkID, PersonName) VALUES ('O59', 'Best Original Screenplay', 2015, 'Nominated', 'Oscars', 'M4', 'Wes Anderson');
INSERT INTO Honor (AwardID, AwardName, YearGiven, NominatedWon, ShowName, WorkID, PersonName) VALUES ('O60', 'Best Original Screenplay', 2015, 'Nominated', 'Oscars', 'M4', 'Hugo Guinness');
INSERT INTO Honor (AwardID, AwardName, YearGiven, NominatedWon, ShowName, WorkID, PersonName) VALUES ('O61', 'Best Original Screenplay', 2015, 'Nominated', 'Oscars', 'M16', 'Dan Gilroy');
INSERT INTO Honor (AwardID, AwardName, YearGiven, NominatedWon, ShowName, WorkID, PersonName) VALUES ('O62', 'Best Adapted Screenplay', 2015, 'Won', 'Oscars', 'M5', 'Graham Moore');
INSERT INTO Honor (AwardID, AwardName, YearGiven, NominatedWon, ShowName, WorkID, PersonName) VALUES ('O63', 'Best Adapted Screenplay', 2015, 'Nominated', 'Oscars', 'M2', 'Jason Hall');
INSERT INTO Honor (AwardID, AwardName, YearGiven, NominatedWon, ShowName, WorkID, PersonName) VALUES ('O64', 'Best Adapted Screenplay', 2015, 'Nominated', 'Oscars', 'M17', 'Paul Thomas Anderson');
INSERT INTO Honor (AwardID, AwardName, YearGiven, NominatedWon, ShowName, WorkID, PersonName) VALUES ('O65', 'Best Adapted Screenplay', 2015, 'Nominated', 'Oscars', 'M7', 'Anthony McCarten');
INSERT INTO Honor (AwardID, AwardName, YearGiven, NominatedWon, ShowName, WorkID, PersonName) VALUES ('O66', 'Best Adapted Screenplay', 2015, 'Nominated', 'Oscars', 'M8', 'Damien Chazelle');
INSERT INTO Honor (AwardID, AwardName, YearGiven, NominatedWon, ShowName, WorkID, PersonName) VALUES ('O67', 'Best Animated Feature Film', 2015, 'Won', 'Oscars', 'M18', 'Don Hall');
INSERT INTO Honor (AwardID, AwardName, YearGiven, NominatedWon, ShowName, WorkID, PersonName) VALUES ('O68', 'Best Animated Feature Film', 2015, 'Won', 'Oscars', 'M18', 'Chris Williams');
INSERT INTO Honor (AwardID, AwardName, YearGiven, NominatedWon, ShowName, WorkID, PersonName) VALUES ('O69', 'Best Animated Feature Film', 2015, 'Won', 'Oscars', 'M18', 'Roy Conli');
INSERT INTO Honor (AwardID, AwardName, YearGiven, NominatedWon, ShowName, WorkID, PersonName) VALUES ('O70', 'Best Animated Feature Film', 2015, 'Nominated', 'Oscars', 'M19', 'Anthony Stacchi');
INSERT INTO Honor (AwardID, AwardName, YearGiven, NominatedWon, ShowName, WorkID, PersonName) VALUES ('O71', 'Best Animated Feature Film', 2015, 'Nominated', 'Oscars', 'M19', 'Graham Annable');
INSERT INTO Honor (AwardID, AwardName, YearGiven, NominatedWon, ShowName, WorkID, PersonName) VALUES ('O72', 'Best Animated Feature Film', 2015, 'Nominated', 'Oscars', 'M19', 'Travis Knight');
INSERT INTO Honor (AwardID, AwardName, YearGiven, NominatedWon, ShowName, WorkID, PersonName) VALUES ('O73', 'Best Animated Feature Film', 2015, 'Nominated', 'Oscars', 'M20', 'Dean DeBlois');
INSERT INTO Honor (AwardID, AwardName, YearGiven, NominatedWon, ShowName, WorkID, PersonName) VALUES ('O74', 'Best Animated Feature Film', 2015, 'Nominated', 'Oscars', 'M20', 'Bonnie Arnold');
INSERT INTO Honor (AwardID, AwardName, YearGiven, NominatedWon, ShowName, WorkID, PersonName) VALUES ('O75', 'Best Animated Feature Film', 2015, 'Nominated', 'Oscars', 'M21', 'Tomm Moore');
INSERT INTO Honor (AwardID, AwardName, YearGiven, NominatedWon, ShowName, WorkID, PersonName) VALUES ('O76', 'Best Animated Feature Film', 2015, 'Nominated', 'Oscars', 'M22', 'Isao Takahata');
INSERT INTO Honor (AwardID, AwardName, YearGiven, NominatedWon, ShowName, WorkID, PersonName) VALUES ('O77', 'Best Foreign Language Film', 2015, 'Won', 'Oscars', 'M23', 'Pawl Pawlikowski');
INSERT INTO Honor (AwardID, AwardName, YearGiven, NominatedWon, ShowName, WorkID, PersonName) VALUES ('O78', 'Best Foreign Language Film', 2015, 'Nominated', 'Oscars', 'M24', 'Andrey Zvyagintsev');
INSERT INTO Honor (AwardID, AwardName, YearGiven, NominatedWon, ShowName, WorkID, PersonName) VALUES ('O79', 'Best Foreign Language Film', 2015, 'Nominated', 'Oscars', 'M25', 'Zaza Urushadze');
INSERT INTO Honor (AwardID, AwardName, YearGiven, NominatedWon, ShowName, WorkID, PersonName) VALUES ('O80', 'Best Foreign Language Film', 2015, 'Nominated', 'Oscars', 'M26', 'Abderrahmane Sissako');
INSERT INTO Honor (AwardID, AwardName, YearGiven, NominatedWon, ShowName, WorkID, PersonName) VALUES ('O81', 'Best Foreign Language Film', 2015, 'Nominated', 'Oscars', 'M27', 'Damian Szifron');
INSERT INTO Honor (AwardID, AwardName, YearGiven, NominatedWon, ShowName, WorkID, PersonName) VALUES ('O82', 'Best Original Song', 2015, 'Won', 'Oscars', 'M6', 'John Legend');
INSERT INTO Honor (AwardID, AwardName, YearGiven, NominatedWon, ShowName, WorkID, PersonName) VALUES ('O83', 'Best Original Song', 2015, 'Won', 'Oscars', 'M6', 'Common');
INSERT INTO Honor (AwardID, AwardName, YearGiven, NominatedWon, ShowName, WorkID, PersonName) VALUES ('O84', 'Best Original Song', 2015, 'Nominated', 'Oscars', 'M74', 'Shawn Patterson');
INSERT INTO Honor (AwardID, AwardName, YearGiven, NominatedWon, ShowName, WorkID, PersonName) VALUES ('O85', 'Best Original Song', 2015, 'Nominated', 'Oscars', 'M75', 'Diane Warren');
INSERT INTO Honor (AwardID, AwardName, YearGiven, NominatedWon, ShowName, WorkID, PersonName) VALUES ('O86', 'Best Original Song', 2015, 'Nominated', 'Oscars', 'M76', 'Glen Campbell');
INSERT INTO Honor (AwardID, AwardName, YearGiven, NominatedWon, ShowName, WorkID, PersonName) VALUES ('O87', 'Best Original Song', 2015, 'Nominated', 'Oscars', 'M77', 'Gregg Alexander');
INSERT INTO Honor (AwardID, AwardName, YearGiven, NominatedWon, ShowName, WorkID, PersonName) VALUES ('O88', 'Best Original Song', 2015, 'Nominated', 'Oscars', 'M77', 'Danielle Brisebois');
CREATE TABLE Locations(WorkID VARCHAR(200), Location VARCHAR(500), FilmedOrFiction VARCHAR(50), Latitude REAL NULL, Longitude REAL NULL);
INSERT INTO Locations (WorkID, Location, FilmedOrFiction, Latitude, Longitude) VALUES ('M1', 'New York', 'Filmed', 40.760412, -73.9874576);
INSERT INTO Locations (WorkID, Location, FilmedOrFiction, Latitude, Longitude) VALUES ('M2', 'Los Angeles', 'Filmed', 34.0211224, -118.3964665);
INSERT INTO Locations (WorkID, Location, FilmedOrFiction, Latitude, Longitude) VALUES ('M2', 'Morocco', 'Filmed', 31.791702, -7.09262);
INSERT INTO Locations (WorkID, Location, FilmedOrFiction, Latitude, Longitude) VALUES ('M3', 'Texas', 'Filmed', 29.7221099, -95.3896395);
INSERT INTO Locations (WorkID, Location, FilmedOrFiction, Latitude, Longitude) VALUES ('M4', 'Germany', 'Filmed', 51.1506269, 14.968707);
INSERT INTO Locations (WorkID, Location, FilmedOrFiction, Latitude, Longitude) VALUES ('M5', 'Britain', 'Filmed', 51.9965946, -0.7430945);
INSERT INTO Locations (WorkID, Location, FilmedOrFiction, Latitude, Longitude) VALUES ('M6', 'Georgia (state)', 'Filmed', 33.7496117, -84.3883653);
INSERT INTO Locations (WorkID, Location, FilmedOrFiction, Latitude, Longitude) VALUES ('M6', 'Alabama', 'Filmed', 32.4055203, -87.0184779);
INSERT INTO Locations (WorkID, Location, FilmedOrFiction, Latitude, Longitude) VALUES ('M7', 'Britain', 'Filmed', 52.205337, 0.121817);
INSERT INTO Locations (WorkID, Location, FilmedOrFiction, Latitude, Longitude) VALUES ('M8', 'Los Angeles', 'Filmed', 34.3916641, -118.542586);
INSERT INTO Locations (WorkID, Location, FilmedOrFiction, Latitude, Longitude) VALUES ('M9', 'Pennsylvania', 'Filmed', 40.4406248, -79.9958864);
INSERT INTO Locations (WorkID, Location, FilmedOrFiction, Latitude, Longitude) VALUES ('M10', 'New York', 'Filmed', 40.8447819, -73.8648268);
INSERT INTO Locations (WorkID, Location, FilmedOrFiction, Latitude, Longitude) VALUES ('M11', 'Belgium', 'Filmed', 50.5838832, 5.4996297);
INSERT INTO Locations (WorkID, Location, FilmedOrFiction, Latitude, Longitude) VALUES ('M12', 'Missouri', 'Filmed', 37.3058839, -89.5181476);
INSERT INTO Locations (WorkID, Location, FilmedOrFiction, Latitude, Longitude) VALUES ('M13', 'Oregon', 'Filmed', 42.86765839, -122.1689836);
INSERT INTO Locations (WorkID, Location, FilmedOrFiction, Latitude, Longitude) VALUES ('M13', 'Washington', 'Filmed', 45.6387281, -122.6614861);
INSERT INTO Locations (WorkID, Location, FilmedOrFiction, Latitude, Longitude) VALUES ('M14', 'Massachusetts', 'Filmed', 41.9555556, -70.6647222);
INSERT INTO Locations (WorkID, Location, FilmedOrFiction, Latitude, Longitude) VALUES ('M15', 'London', 'Filmed', 51.1287719, 1.3233915);
INSERT INTO Locations (WorkID, Location, FilmedOrFiction, Latitude, Longitude) VALUES ('M16', 'Los Angeles', 'Filmed', 34.0980352, -118.3176632);
INSERT INTO Locations (WorkID, Location, FilmedOrFiction, Latitude, Longitude) VALUES ('M17', 'Los Angeles', 'Filmed', 34.1834293, -117.2674959);
INSERT INTO Locations (WorkID, Location, FilmedOrFiction, Latitude, Longitude) VALUES ('M23', 'Poland', 'Filmed', 51.7592485, 19.4559833);
INSERT INTO Locations (WorkID, Location, FilmedOrFiction, Latitude, Longitude) VALUES ('M24', 'Russia', 'Filmed', 67.933333, 32.916667);
INSERT INTO Locations (WorkID, Location, FilmedOrFiction, Latitude, Longitude) VALUES ('M25', 'Georgia', 'Filmed', 41.9442736, 42.0458091);
INSERT INTO Locations (WorkID, Location, FilmedOrFiction, Latitude, Longitude) VALUES ('M26', 'Mauritania', 'Filmed', 17.2990071, -7.0216191);
INSERT INTO Locations (WorkID, Location, FilmedOrFiction, Latitude, Longitude) VALUES ('M27', 'Argentina', 'Filmed', -26.0730798, -65.976052);
INSERT INTO Locations (WorkID, Location, FilmedOrFiction, Latitude, Longitude) VALUES ('M28', 'Hong Kong', 'Filmed', 22.3001365, 114.1724524);
INSERT INTO Locations (WorkID, Location, FilmedOrFiction, Latitude, Longitude) VALUES ('M28', 'Moscow', 'Filmed', 55.755826, 37.6173);
INSERT INTO Locations (WorkID, Location, FilmedOrFiction, Latitude, Longitude) VALUES ('M29', 'Chicago', 'Filmed', 41.8781136, -87.6297982);
INSERT INTO Locations (WorkID, Location, FilmedOrFiction, Latitude, Longitude) VALUES ('M30', 'Vietnam', 'Filmed', 14.058324, 108.277199);
INSERT INTO Locations (WorkID, Location, FilmedOrFiction, Latitude, Longitude) VALUES ('M31', 'France', 'Filmed', NULL, NULL);
INSERT INTO Locations (WorkID, Location, FilmedOrFiction, Latitude, Longitude) VALUES ('M31', 'Brazil', 'Filmed', -19.4959312, -41.0713439);
INSERT INTO Locations (WorkID, Location, FilmedOrFiction, Latitude, Longitude) VALUES ('M32', 'Congo', 'Filmed', -0.0649884, 29.5107708);
INSERT INTO Locations (WorkID, Location, FilmedOrFiction, Latitude, Longitude) VALUES ('M33', 'Canandaigua', 'Filmed', 42.887535, -77.2816984);
INSERT INTO Locations (WorkID, Location, FilmedOrFiction, Latitude, Longitude) VALUES ('M34', 'Poland', 'Filmed', 51.919438, 19.145136);
INSERT INTO Locations (WorkID, Location, FilmedOrFiction, Latitude, Longitude) VALUES ('M35', 'Poland', 'Filmed', 51.90546027, 19.08608449);
INSERT INTO Locations (WorkID, Location, FilmedOrFiction, Latitude, Longitude) VALUES ('M36', 'Mexico', 'Filmed', NULL, NULL);
INSERT INTO Locations (WorkID, Location, FilmedOrFiction, Latitude, Longitude) VALUES ('M37', 'North Dakota', 'Filmed', NULL, NULL);
INSERT INTO Locations (WorkID, Location, FilmedOrFiction, Latitude, Longitude) VALUES ('M38', 'Britain', 'Filmed', NULL, NULL);
INSERT INTO Locations (WorkID, Location, FilmedOrFiction, Latitude, Longitude) VALUES ('M39', 'Israel', 'Filmed', NULL, NULL);
INSERT INTO Locations (WorkID, Location, FilmedOrFiction, Latitude, Longitude) VALUES ('M40', 'Britain', 'Filmed', NULL, NULL);
INSERT INTO Locations (WorkID, Location, FilmedOrFiction, Latitude, Longitude) VALUES ('M41', 'France', 'Filmed', NULL, NULL);
INSERT INTO Locations (WorkID, Location, FilmedOrFiction, Latitude, Longitude) VALUES ('M41', 'China', 'Filmed', NULL, NULL);
INSERT INTO Locations (WorkID, Location, FilmedOrFiction, Latitude, Longitude) VALUES ('M42', 'Switzerland', 'Filmed', NULL, NULL);
INSERT INTO Locations (WorkID, Location, FilmedOrFiction, Latitude, Longitude) VALUES ('M43', 'United States', 'Filmed', NULL, NULL);
INSERT INTO Locations (WorkID, Location, FilmedOrFiction, Latitude, Longitude) VALUES ('M44', 'Britain', 'Filmed', NULL, NULL);
INSERT INTO Locations (WorkID, Location, FilmedOrFiction, Latitude, Longitude) VALUES ('M45', 'New Orleans', 'Filmed', 29.9584426, -90.0644107);
INSERT INTO Locations (WorkID, Location, FilmedOrFiction, Latitude, Longitude) VALUES ('M45', 'Louisiana', 'Filmed', 29.9512044, -90.1520889);
INSERT INTO Locations (WorkID, Location, FilmedOrFiction, Latitude, Longitude) VALUES ('M46', 'Salem', 'Filmed', 42.5230427, -70.8961265);
INSERT INTO Locations (WorkID, Location, FilmedOrFiction, Latitude, Longitude) VALUES ('M46', 'Worcester', 'Filmed', 42.2731, -71.802);
INSERT INTO Locations (WorkID, Location, FilmedOrFiction, Latitude, Longitude) VALUES ('M47', 'Malta', 'Filmed', 35.889167, 14.529444);
INSERT INTO Locations (WorkID, Location, FilmedOrFiction, Latitude, Longitude) VALUES ('M48', 'Louisiana', 'Filmed', 29.9510658, -90.0715323);
INSERT INTO Locations (WorkID, Location, FilmedOrFiction, Latitude, Longitude) VALUES ('M49', 'Britain', 'Filmed', 51.4071242, -0.4628129);
INSERT INTO Locations (WorkID, Location, FilmedOrFiction, Latitude, Longitude) VALUES ('M49', 'Arizona', 'Filmed', 36.9388464, -111.4847167);
INSERT INTO Locations (WorkID, Location, FilmedOrFiction, Latitude, Longitude) VALUES ('M50', 'Los Angeles', 'Filmed', 34.0553468, -118.2499213);
INSERT INTO Locations (WorkID, Location, FilmedOrFiction, Latitude, Longitude) VALUES ('M50', 'Shanghai', 'Filmed', 31.297803, 121.514516);
INSERT INTO Locations (WorkID, Location, FilmedOrFiction, Latitude, Longitude) VALUES ('M51', 'Nebraska', 'Filmed', 40.810556, -96.680278);
INSERT INTO Locations (WorkID, Location, FilmedOrFiction, Latitude, Longitude) VALUES ('M51', 'Montana', 'Filmed', 45.7832856, -108.5006904);
INSERT INTO Locations (WorkID, Location, FilmedOrFiction, Latitude, Longitude) VALUES ('M51', 'Wyoming', 'Filmed', 43.0759678, -107.2902839);
INSERT INTO Locations (WorkID, Location, FilmedOrFiction, Latitude, Longitude) VALUES ('M51', 'South Dakota', 'Filmed', 43.8889257, -103.4793019);
INSERT INTO Locations (WorkID, Location, FilmedOrFiction, Latitude, Longitude) VALUES ('M52', 'Britain', 'Filmed', 54.6483191, -5.6891603);
INSERT INTO Locations (WorkID, Location, FilmedOrFiction, Latitude, Longitude) VALUES ('M53', 'New Jersey', 'Filmed', 40.9731536, -73.9615262);
INSERT INTO Locations (WorkID, Location, FilmedOrFiction, Latitude, Longitude) VALUES ('M53', 'New York', 'Filmed', 40.757719, -73.96609);
INSERT INTO Locations (WorkID, Location, FilmedOrFiction, Latitude, Longitude) VALUES ('M54', 'New York', 'Filmed', 40.7663786, -73.9696834);
INSERT INTO Locations (WorkID, Location, FilmedOrFiction, Latitude, Longitude) VALUES ('M54', 'San Francisco', 'Filmed', 37.769531, -122.4493727);
INSERT INTO Locations (WorkID, Location, FilmedOrFiction, Latitude, Longitude) VALUES ('M55', 'Oklahoma', 'Filmed', 36.7473114, -95.9808179);
INSERT INTO Locations (WorkID, Location, FilmedOrFiction, Latitude, Longitude) VALUES ('M55', 'Los Angeles', 'Filmed', NULL, NULL);
INSERT INTO Locations (WorkID, Location, FilmedOrFiction, Latitude, Longitude) VALUES ('M56', 'Greece', 'Filmed', 36.8870432, 22.2329977);
INSERT INTO Locations (WorkID, Location, FilmedOrFiction, Latitude, Longitude) VALUES ('M62', 'Southern California', 'Filmed', 33.8076345, -117.9221928);
INSERT INTO Locations (WorkID, Location, FilmedOrFiction, Latitude, Longitude) VALUES ('M63', 'South Africa', 'Filmed', -29.75, 29.25);
INSERT INTO Locations (WorkID, Location, FilmedOrFiction, Latitude, Longitude) VALUES ('M64', 'Mexico', 'Filmed', 32.3392824, -117.0522882);
INSERT INTO Locations (WorkID, Location, FilmedOrFiction, Latitude, Longitude) VALUES ('M65', 'New Zealand', 'Filmed', -41.3185667, 174.8134826);
INSERT INTO Locations (WorkID, Location, FilmedOrFiction, Latitude, Longitude) VALUES ('M66', 'New Mexico', 'Filmed', 35.1486276, -106.5898172);
INSERT INTO Locations (WorkID, Location, FilmedOrFiction, Latitude, Longitude) VALUES ('M67', 'New York', 'Filmed', 40.7299739, -74.0005241);
INSERT INTO Locations (WorkID, Location, FilmedOrFiction, Latitude, Longitude) VALUES ('M68', 'Sydney', 'Filmed', -33.8943803, 151.2329905);
INSERT INTO Locations (WorkID, Location, FilmedOrFiction, Latitude, Longitude) VALUES ('M69', 'United States', 'Filmed', NULL, NULL);
INSERT INTO Locations (WorkID, Location, FilmedOrFiction, Latitude, Longitude) VALUES ('M70', 'Canada', 'Filmed', NULL, NULL);
INSERT INTO Locations (WorkID, Location, FilmedOrFiction, Latitude, Longitude) VALUES ('M71', 'Netherlands', 'Filmed', NULL, NULL);
INSERT INTO Locations (WorkID, Location, FilmedOrFiction, Latitude, Longitude) VALUES ('M72', 'Canada', 'Filmed', 51.0486151, -114.0708459);
INSERT INTO Locations (WorkID, Location, FilmedOrFiction, Latitude, Longitude) VALUES ('M73', 'Britain', 'Filmed', 50.335656, -4.202409);
INSERT INTO Locations (WorkID, Location, FilmedOrFiction, Latitude, Longitude) VALUES ('M75', 'United States', 'Filmed', 34.0522342, -118.2436849);
INSERT INTO Locations (WorkID, Location, FilmedOrFiction, Latitude, Longitude) VALUES ('M76', 'Australia', 'Filmed', -25.274398, 133.775136);
INSERT INTO Locations (WorkID, Location, FilmedOrFiction, Latitude, Longitude) VALUES ('M77', 'New York', 'Filmed', 40.7308228, -73.997332);
INSERT INTO Locations (WorkID, Location, FilmedOrFiction, Latitude, Longitude) VALUES ('M78', 'New Zealand', 'Filmed', -37.8720905, 175.6829096);
INSERT INTO Locations (WorkID, Location, FilmedOrFiction, Latitude, Longitude) VALUES ('M79', 'Australia', 'Filmed', -33.8935457, 151.2268194);
INSERT INTO Locations (WorkID, Location, FilmedOrFiction, Latitude, Longitude) VALUES ('M80', 'London', 'Filmed', 51.3817001, -0.5923196);
INSERT INTO Locations (WorkID, Location, FilmedOrFiction, Latitude, Longitude) VALUES ('M81', 'London', 'Filmed', 51.810419, -0.5622214);
INSERT INTO Locations (WorkID, Location, FilmedOrFiction, Latitude, Longitude) VALUES ('M82', 'Los Angeles', 'Filmed', 33.9015371, -118.3839484);
INSERT INTO Locations (WorkID, Location, FilmedOrFiction, Latitude, Longitude) VALUES ('M82', 'Cleveland', 'Filmed', 41.5020605, -81.6983857);
INSERT INTO Locations (WorkID, Location, FilmedOrFiction, Latitude, Longitude) VALUES ('M82', 'Washington D.C.', 'Filmed', 38.9071923, -77.0368707);
INSERT INTO Locations (WorkID, Location, FilmedOrFiction, Latitude, Longitude) VALUES ('M83', 'Canada', 'Filmed', 49.2460339, -122.543159);
INSERT INTO Locations (WorkID, Location, FilmedOrFiction, Latitude, Longitude) VALUES ('M84', 'Canada', 'Filmed', 45.404236, -74.0379599);
INSERT INTO Locations (WorkID, Location, FilmedOrFiction, Latitude, Longitude) VALUES ('S1', 'New York', 'Filmed', 40.7735954, -73.9840268);
INSERT INTO Locations (WorkID, Location, FilmedOrFiction, Latitude, Longitude) VALUES ('S2', 'New York', 'Filmed', 40.7630755, -73.9846348);
INSERT INTO Locations (WorkID, Location, FilmedOrFiction, Latitude, Longitude) VALUES ('S3', 'New York', 'Filmed', 40.760379, -73.986725);
INSERT INTO Locations (WorkID, Location, FilmedOrFiction, Latitude, Longitude) VALUES ('S4', 'New York', 'Filmed', 40.7591623, -73.988376);
INSERT INTO Locations (WorkID, Location, FilmedOrFiction, Latitude, Longitude) VALUES ('S5', 'New York', 'Filmed', 40.76038, -73.986726);
INSERT INTO Locations (WorkID, Location, FilmedOrFiction, Latitude, Longitude) VALUES ('S6', 'New York', 'Filmed', 40.761038, -73.987015);
INSERT INTO Locations (WorkID, Location, FilmedOrFiction, Latitude, Longitude) VALUES ('S7', 'New York', 'Filmed', 40.760411, -73.9874575);
INSERT INTO Locations (WorkID, Location, FilmedOrFiction, Latitude, Longitude) VALUES ('S8', 'New York', 'Filmed', 40.7576308, -73.990748);
INSERT INTO Locations (WorkID, Location, FilmedOrFiction, Latitude, Longitude) VALUES ('S9', 'New York', 'Filmed', 40.7588055, -73.9914472);
INSERT INTO Locations (WorkID, Location, FilmedOrFiction, Latitude, Longitude) VALUES ('S10', 'New York', 'Filmed', 40.76041, -73.9874574);
INSERT INTO Locations (WorkID, Location, FilmedOrFiction, Latitude, Longitude) VALUES ('S11', 'New York', 'Filmed', 40.761637, -73.98844);
INSERT INTO Locations (WorkID, Location, FilmedOrFiction, Latitude, Longitude) VALUES ('S12', 'New York', 'Filmed', 40.7591624, -73.988377);
INSERT INTO Locations (WorkID, Location, FilmedOrFiction, Latitude, Longitude) VALUES ('S13', 'New York', 'Filmed', 40.7585391, -73.988824);
INSERT INTO Locations (WorkID, Location, FilmedOrFiction, Latitude, Longitude) VALUES ('S14', 'New York', 'Filmed', 40.7585392, -73.988825);
INSERT INTO Locations (WorkID, Location, FilmedOrFiction, Latitude, Longitude) VALUES ('S15', 'New York', 'Filmed', 40.7522456, -73.9766439);
INSERT INTO Locations (WorkID, Location, FilmedOrFiction, Latitude, Longitude) VALUES ('S16', 'New York', 'Filmed', 40.7576309, -73.990749);
INSERT INTO Locations (WorkID, Location, FilmedOrFiction, Latitude, Longitude) VALUES ('S17', 'New York', 'Filmed', 40.761638, -73.98845);
INSERT INTO Locations (WorkID, Location, FilmedOrFiction, Latitude, Longitude) VALUES ('S18', 'New York', 'Filmed', 40.7585393, -73.988826);
INSERT INTO Locations (WorkID, Location, FilmedOrFiction, Latitude, Longitude) VALUES ('S19', 'New York', 'Filmed', 40.759011, -73.9844722);
INSERT INTO Locations (WorkID, Location, FilmedOrFiction, Latitude, Longitude) VALUES ('S20', 'New York', 'Filmed', 40.7591625, -73.988378);
INSERT INTO Locations (WorkID, Location, FilmedOrFiction, Latitude, Longitude) VALUES ('S21', 'New York', 'Filmed', 40.759012, -73.9844723);
INSERT INTO Locations (WorkID, Location, FilmedOrFiction, Latitude, Longitude) VALUES ('S22', 'New York', 'Filmed', 40.7591626, -73.988379);
INSERT INTO Locations (WorkID, Location, FilmedOrFiction, Latitude, Longitude) VALUES ('S23', 'New York', 'Filmed', 40.7609826, -73.9907693);
INSERT INTO Locations (WorkID, Location, FilmedOrFiction, Latitude, Longitude) VALUES ('S24', 'New York', 'Filmed', 40.7591627, -73.98838);
INSERT INTO Locations (WorkID, Location, FilmedOrFiction, Latitude, Longitude) VALUES ('S25', 'New York', 'Filmed', 40.7621174, -73.9779698);
INSERT INTO Locations (WorkID, Location, FilmedOrFiction, Latitude, Longitude) VALUES ('S26', 'New York', 'Filmed', 40.7585394, -73.988827);
INSERT INTO Locations (WorkID, Location, FilmedOrFiction, Latitude, Longitude) VALUES ('S27', 'New York', 'Filmed', 40.7576307, -73.990747);
INSERT INTO Locations (WorkID, Location, FilmedOrFiction, Latitude, Longitude) VALUES ('T1', 'Los Angeles', 'Filmed', 34.036837, -118.409972);
INSERT INTO Locations (WorkID, Location, FilmedOrFiction, Latitude, Longitude) VALUES ('T2', 'Burbank', 'Filmed', 34.1498296, -118.3405987);
INSERT INTO Locations (WorkID, Location, FilmedOrFiction, Latitude, Longitude) VALUES ('T3', 'New York', 'Filmed', 40.830347, -73.949329);
INSERT INTO Locations (WorkID, Location, FilmedOrFiction, Latitude, Longitude) VALUES ('T4', 'New York', 'Filmed', 40.7566549, -73.9245605);
INSERT INTO Locations (WorkID, Location, FilmedOrFiction, Latitude, Longitude) VALUES ('T4', 'New York', 'Filmed', 41.0533431, -73.9756478);
INSERT INTO Locations (WorkID, Location, FilmedOrFiction, Latitude, Longitude) VALUES ('T5', 'Los Angeles', 'Filmed', 34.0672279, -118.1667405);
INSERT INTO Locations (WorkID, Location, FilmedOrFiction, Latitude, Longitude) VALUES ('T5', 'Carson', 'Filmed', 33.8631209, -118.254227);
INSERT INTO Locations (WorkID, Location, FilmedOrFiction, Latitude, Longitude) VALUES ('T6', 'Baltimore', 'Filmed', 39.2903848, -76.6121893);
INSERT INTO Locations (WorkID, Location, FilmedOrFiction, Latitude, Longitude) VALUES ('T7', 'New Mexico', 'Filmed', 35.1261047, -106.5365641);
INSERT INTO Locations (WorkID, Location, FilmedOrFiction, Latitude, Longitude) VALUES ('T8', 'Britain', 'Filmed', 51.3265901, -1.360666);
INSERT INTO Locations (WorkID, Location, FilmedOrFiction, Latitude, Longitude) VALUES ('T9', 'Britain', 'Filmed', 54.604221, -5.9110601);
INSERT INTO Locations (WorkID, Location, FilmedOrFiction, Latitude, Longitude) VALUES ('T9', 'Iceland', 'Filmed', 64.4333333, -15.5);
INSERT INTO Locations (WorkID, Location, FilmedOrFiction, Latitude, Longitude) VALUES ('T9', 'Croatia', 'Filmed', 43.6289935, 16.0510869);
INSERT INTO Locations (WorkID, Location, FilmedOrFiction, Latitude, Longitude) VALUES ('T9', 'Spain', 'Filmed', 37.3845491, -5.9912846);
INSERT INTO Locations (WorkID, Location, FilmedOrFiction, Latitude, Longitude) VALUES ('T9', 'Morocco', 'Filmed', 30.9335436, -6.937016);
INSERT INTO Locations (WorkID, Location, FilmedOrFiction, Latitude, Longitude) VALUES ('T9', 'Scotland', 'Filmed', 56.185096, -4.050264);
INSERT INTO Locations (WorkID, Location, FilmedOrFiction, Latitude, Longitude) VALUES ('T10', 'Baltimore', 'Filmed', 39.319783, -76.609043);
INSERT INTO Locations (WorkID, Location, FilmedOrFiction, Latitude, Longitude) VALUES ('T11', 'Los Angeles', 'Filmed', 34.0555136, -118.2608743);
INSERT INTO Locations (WorkID, Location, FilmedOrFiction, Latitude, Longitude) VALUES ('T12', 'New Orleans', 'Filmed', 29.9420901, -90.1868973);
INSERT INTO Locations (WorkID, Location, FilmedOrFiction, Latitude, Longitude) VALUES ('T13', 'New York', 'Filmed', 40.7677429, -73.990731);
INSERT INTO Locations (WorkID, Location, FilmedOrFiction, Latitude, Longitude) VALUES ('T14', 'New York', 'Filmed', 40.7670735, -73.9940902);
INSERT INTO Locations (WorkID, Location, FilmedOrFiction, Latitude, Longitude) VALUES ('T15', 'Los Angeles', 'Filmed', 34.10111, -118.339822);
INSERT INTO Locations (WorkID, Location, FilmedOrFiction, Latitude, Longitude) VALUES ('T16', 'Los Angeles', 'Filmed', 34.0760139, -118.3584537);
INSERT INTO Locations (WorkID, Location, FilmedOrFiction, Latitude, Longitude) VALUES ('T17', 'New York', 'Filmed', 40.7589426, -73.9793564);
INSERT INTO Locations (WorkID, Location, FilmedOrFiction, Latitude, Longitude) VALUES ('T18', 'New York', 'Filmed', 40.7589427, -73.9793565);
INSERT INTO Locations (WorkID, Location, FilmedOrFiction, Latitude, Longitude) VALUES ('T19', 'Canada', 'Filmed', 51.0486155, -114.070847);
INSERT INTO Locations (WorkID, Location, FilmedOrFiction, Latitude, Longitude) VALUES ('T20', 'New Orleans', 'Filmed', 29.9510659, -90.0715324);
INSERT INTO Locations (WorkID, Location, FilmedOrFiction, Latitude, Longitude) VALUES ('T21', 'Louisiana', 'Filmed', 30.1010323, -90.9928773);
INSERT INTO Locations (WorkID, Location, FilmedOrFiction, Latitude, Longitude) VALUES ('T22', 'Britain', 'Filmed', 51.5063728, -0.0887011);
INSERT INTO Locations (WorkID, Location, FilmedOrFiction, Latitude, Longitude) VALUES ('T23', 'New Orleans', 'Filmed', 29.9198733, -90.1244821);
INSERT INTO Locations (WorkID, Location, FilmedOrFiction, Latitude, Longitude) VALUES ('T24', 'Belgium', 'Filmed', 51.2050129, 3.2230223);
INSERT INTO Locations (WorkID, Location, FilmedOrFiction, Latitude, Longitude) VALUES ('T25', 'New York', 'Filmed', 40.7372987, -73.9946445);
INSERT INTO Locations (WorkID, Location, FilmedOrFiction, Latitude, Longitude) VALUES ('T26', 'Virginia', 'Filmed', 37.5325498, -77.4287644);
INSERT INTO Locations (WorkID, Location, FilmedOrFiction, Latitude, Longitude) VALUES ('T27', 'New York', 'Filmed', 40.739868, -73.9837494);
INSERT INTO Locations (WorkID, Location, FilmedOrFiction, Latitude, Longitude) VALUES ('T28', 'Britain', 'Filmed', 51.5264284, -0.1369005);
INSERT INTO Locations (WorkID, Location, FilmedOrFiction, Latitude, Longitude) VALUES ('T29', 'Georgia (state)', 'Filmed', 33.7489954, -84.3879824);
INSERT INTO Locations (WorkID, Location, FilmedOrFiction, Latitude, Longitude) VALUES ('T30', 'Worldwide', 'Filmed', NULL, NULL);
INSERT INTO Locations (WorkID, Location, FilmedOrFiction, Latitude, Longitude) VALUES ('T31', 'Los Angeles', 'Filmed', 34.076014, -118.3584538);
INSERT INTO Locations (WorkID, Location, FilmedOrFiction, Latitude, Longitude) VALUES ('T32', 'New York', 'Filmed', 40.7351297, -73.9944837);
INSERT INTO Locations (WorkID, Location, FilmedOrFiction, Latitude, Longitude) VALUES ('T33', 'United States', 'Filmed', 34.0734289, -118.378875);
INSERT INTO Locations (WorkID, Location, FilmedOrFiction, Latitude, Longitude) VALUES ('T34', 'United States', 'Filmed', NULL, NULL);
INSERT INTO Locations (WorkID, Location, FilmedOrFiction, Latitude, Longitude) VALUES ('T35', 'Los Angeles', 'Filmed', 34.1397694, -118.3505779);
INSERT INTO Locations (WorkID, Location, FilmedOrFiction, Latitude, Longitude) VALUES ('T36', 'Los Angeles', 'Filmed', 34.0416839, -118.263076);
INSERT INTO Locations (WorkID, Location, FilmedOrFiction, Latitude, Longitude) VALUES ('T36', 'New York', 'Filmed', 40.7585256, -73.9717856);
INSERT INTO Locations (WorkID, Location, FilmedOrFiction, Latitude, Longitude) VALUES ('T37', 'Britain', 'Filmed', 51.360163, 1.432038);
INSERT INTO Locations (WorkID, Location, FilmedOrFiction, Latitude, Longitude) VALUES ('T38', 'Britain', 'Filmed', 51.4183389, -0.2206288);
INSERT INTO Locations (WorkID, Location, FilmedOrFiction, Latitude, Longitude) VALUES ('T39', 'Chicago', 'Filmed', 41.852949, -87.7098029);
INSERT INTO Locations (WorkID, Location, FilmedOrFiction, Latitude, Longitude) VALUES ('T39', 'Los Angeles', 'Filmed', 34.152129, -118.3365819);
INSERT INTO Locations (WorkID, Location, FilmedOrFiction, Latitude, Longitude) VALUES ('T40', 'New York', 'Filmed', 40.7319419, -73.956172);
INSERT INTO Locations (WorkID, Location, FilmedOrFiction, Latitude, Longitude) VALUES ('T41', 'New York', 'Filmed', 40.756655, -73.9245606);
INSERT INTO Locations (WorkID, Location, FilmedOrFiction, Latitude, Longitude) VALUES ('T42', 'Los Angeles', 'Filmed', 34.0522343, -118.243685);
INSERT INTO Locations (WorkID, Location, FilmedOrFiction, Latitude, Longitude) VALUES ('T43', 'Pasadena', 'Filmed', 34.1483868, -118.1442855);
INSERT INTO Locations (WorkID, Location, FilmedOrFiction, Latitude, Longitude) VALUES ('T43', 'Los Angeles', 'Filmed', 34.1446003, -118.392351);
INSERT INTO Locations (WorkID, Location, FilmedOrFiction, Latitude, Longitude) VALUES ('T44', 'Los Angeles', 'Filmed', 34.0972964, -118.3219312);
INSERT INTO Locations (WorkID, Location, FilmedOrFiction, Latitude, Longitude) VALUES ('T45', 'New York', 'Filmed', 40.7294018, -73.9065883);
INSERT INTO Locations (WorkID, Location, FilmedOrFiction, Latitude, Longitude) VALUES ('T47', 'California', 'Filmed', 34.0177659, -118.4015528);
INSERT INTO Locations (WorkID, Location, FilmedOrFiction, Latitude, Longitude) VALUES ('T48', 'North Carolina', 'Filmed', 35.2270869, -80.8431267);
INSERT INTO Locations (WorkID, Location, FilmedOrFiction, Latitude, Longitude) VALUES ('T49', 'California', 'Filmed', 34.1285895, -118.1143535);
INSERT INTO Locations (WorkID, Location, FilmedOrFiction, Latitude, Longitude) VALUES ('T49', 'Los Angeles', 'Filmed', 34.0972965, -118.3219313);
INSERT INTO Locations (WorkID, Location, FilmedOrFiction, Latitude, Longitude) VALUES ('T50', 'Britain', 'Filmed', 52.532549, -2.4212077);
INSERT INTO Locations (WorkID, Location, FilmedOrFiction, Latitude, Longitude) VALUES ('T51', 'Britain', 'Filmed', 51.4876272, -0.2671732);
INSERT INTO Locations (WorkID, Location, FilmedOrFiction, Latitude, Longitude) VALUES ('T53', 'Los Angeles', 'Filmed', NULL, NULL);
INSERT INTO Locations (WorkID, Location, FilmedOrFiction, Latitude, Longitude) VALUES ('T54', 'Portland', 'Filmed', 45.5230622, -122.6764816);
INSERT INTO Locations (WorkID, Location, FilmedOrFiction, Latitude, Longitude) VALUES ('T55', 'Los Angeles', 'Filmed', 34.1446004, -118.392352);
INSERT INTO Locations (WorkID, Location, FilmedOrFiction, Latitude, Longitude) VALUES ('T56', 'Los Angeles', 'Filmed', 34.1498297, -118.3405988);
INSERT INTO Locations (WorkID, Location, FilmedOrFiction, Latitude, Longitude) VALUES ('T57', 'Los Angeles', 'Filmed', 34.017766, -118.4015529);
INSERT INTO Locations (WorkID, Location, FilmedOrFiction, Latitude, Longitude) VALUES ('M1', 'New York', 'Fiction', NULL, NULL);
INSERT INTO Locations (WorkID, Location, FilmedOrFiction, Latitude, Longitude) VALUES ('M2', 'Iraq', 'Fiction', NULL, NULL);
INSERT INTO Locations (WorkID, Location, FilmedOrFiction, Latitude, Longitude) VALUES ('M2', 'Texas', 'Fiction', NULL, NULL);
INSERT INTO Locations (WorkID, Location, FilmedOrFiction, Latitude, Longitude) VALUES ('M3', 'Texas', 'Fiction', NULL, NULL);
INSERT INTO Locations (WorkID, Location, FilmedOrFiction, Latitude, Longitude) VALUES ('M4', 'Zubrowka', 'Fiction', NULL, NULL);
INSERT INTO Locations (WorkID, Location, FilmedOrFiction, Latitude, Longitude) VALUES ('M5', 'Britain', 'Fiction', NULL, NULL);
INSERT INTO Locations (WorkID, Location, FilmedOrFiction, Latitude, Longitude) VALUES ('M6', 'Alabama', 'Fiction', NULL, NULL);
INSERT INTO Locations (WorkID, Location, FilmedOrFiction, Latitude, Longitude) VALUES ('M7', 'Britain', 'Fiction', NULL, NULL);
INSERT INTO Locations (WorkID, Location, FilmedOrFiction, Latitude, Longitude) VALUES ('M8', 'New York', 'Fiction', NULL, NULL);
INSERT INTO Locations (WorkID, Location, FilmedOrFiction, Latitude, Longitude) VALUES ('M9', 'Pennsylvania', 'Fiction', NULL, NULL);
INSERT INTO Locations (WorkID, Location, FilmedOrFiction, Latitude, Longitude) VALUES ('M10', 'New York', 'Fiction', NULL, NULL);
INSERT INTO Locations (WorkID, Location, FilmedOrFiction, Latitude, Longitude) VALUES ('M11', 'Belgium', 'Fiction', NULL, NULL);
INSERT INTO Locations (WorkID, Location, FilmedOrFiction, Latitude, Longitude) VALUES ('M12', 'Missouri', 'Fiction', NULL, NULL);
INSERT INTO Locations (WorkID, Location, FilmedOrFiction, Latitude, Longitude) VALUES ('M13', 'Oregon', 'Fiction', NULL, NULL);
INSERT INTO Locations (WorkID, Location, FilmedOrFiction, Latitude, Longitude) VALUES ('M13', 'California', 'Fiction', NULL, NULL);
INSERT INTO Locations (WorkID, Location, FilmedOrFiction, Latitude, Longitude) VALUES ('M14', 'Indiana', 'Fiction', NULL, NULL);
INSERT INTO Locations (WorkID, Location, FilmedOrFiction, Latitude, Longitude) VALUES ('M15', 'The Woods', 'Fiction', NULL, NULL);
INSERT INTO Locations (WorkID, Location, FilmedOrFiction, Latitude, Longitude) VALUES ('M16', 'Los Angeles', 'Fiction', NULL, NULL);
INSERT INTO Locations (WorkID, Location, FilmedOrFiction, Latitude, Longitude) VALUES ('M17', 'Los Angeles', 'Fiction', NULL, NULL);
INSERT INTO Locations (WorkID, Location, FilmedOrFiction, Latitude, Longitude) VALUES ('M18', 'San Fransokyo', 'Fiction', NULL, NULL);
INSERT INTO Locations (WorkID, Location, FilmedOrFiction, Latitude, Longitude) VALUES ('M19', 'Cheesebridge', 'Fiction', NULL, NULL);
INSERT INTO Locations (WorkID, Location, FilmedOrFiction, Latitude, Longitude) VALUES ('M20', 'Berk', 'Fiction', NULL, NULL);
INSERT INTO Locations (WorkID, Location, FilmedOrFiction, Latitude, Longitude) VALUES ('M21', 'Ireland', 'Fiction', NULL, NULL);
INSERT INTO Locations (WorkID, Location, FilmedOrFiction, Latitude, Longitude) VALUES ('M22', 'Japan', 'Fiction', NULL, NULL);
INSERT INTO Locations (WorkID, Location, FilmedOrFiction, Latitude, Longitude) VALUES ('M23', 'Poland', 'Fiction', NULL, NULL);
INSERT INTO Locations (WorkID, Location, FilmedOrFiction, Latitude, Longitude) VALUES ('M24', 'Russia', 'Fiction', NULL, NULL);
INSERT INTO Locations (WorkID, Location, FilmedOrFiction, Latitude, Longitude) VALUES ('M25', 'Georgia', 'Fiction', NULL, NULL);
INSERT INTO Locations (WorkID, Location, FilmedOrFiction, Latitude, Longitude) VALUES ('M26', 'Timbuktu', 'Fiction', NULL, NULL);
INSERT INTO Locations (WorkID, Location, FilmedOrFiction, Latitude, Longitude) VALUES ('M27', 'Argentina', 'Fiction', NULL, NULL);
INSERT INTO Locations (WorkID, Location, FilmedOrFiction, Latitude, Longitude) VALUES ('M28', 'Hong Kong', 'Fiction', NULL, NULL);
INSERT INTO Locations (WorkID, Location, FilmedOrFiction, Latitude, Longitude) VALUES ('M28', 'Moscow', 'Fiction', NULL, NULL);
INSERT INTO Locations (WorkID, Location, FilmedOrFiction, Latitude, Longitude) VALUES ('M29', 'Chicago', 'Fiction', NULL, NULL);
INSERT INTO Locations (WorkID, Location, FilmedOrFiction, Latitude, Longitude) VALUES ('M30', 'Vietnam', 'Fiction', NULL, NULL);
INSERT INTO Locations (WorkID, Location, FilmedOrFiction, Latitude, Longitude) VALUES ('M31', 'Brazil', 'Fiction', NULL, NULL);
INSERT INTO Locations (WorkID, Location, FilmedOrFiction, Latitude, Longitude) VALUES ('M32', 'Congo', 'Fiction', NULL, NULL);
INSERT INTO Locations (WorkID, Location, FilmedOrFiction, Latitude, Longitude) VALUES ('M33', 'Canandaigua', 'Fiction', NULL, NULL);
INSERT INTO Locations (WorkID, Location, FilmedOrFiction, Latitude, Longitude) VALUES ('M34', 'Poland', 'Fiction', NULL, NULL);
INSERT INTO Locations (WorkID, Location, FilmedOrFiction, Latitude, Longitude) VALUES ('M35', 'Poland', 'Fiction', NULL, NULL);
INSERT INTO Locations (WorkID, Location, FilmedOrFiction, Latitude, Longitude) VALUES ('M36', 'Mexico', 'Fiction', NULL, NULL);
INSERT INTO Locations (WorkID, Location, FilmedOrFiction, Latitude, Longitude) VALUES ('M37', 'North Dakota', 'Fiction', NULL, NULL);
INSERT INTO Locations (WorkID, Location, FilmedOrFiction, Latitude, Longitude) VALUES ('M38', 'Britain', 'Fiction', NULL, NULL);
INSERT INTO Locations (WorkID, Location, FilmedOrFiction, Latitude, Longitude) VALUES ('M39', 'Israel', 'Fiction', NULL, NULL);
INSERT INTO Locations (WorkID, Location, FilmedOrFiction, Latitude, Longitude) VALUES ('M40', 'Britain', 'Fiction', NULL, NULL);
INSERT INTO Locations (WorkID, Location, FilmedOrFiction, Latitude, Longitude) VALUES ('M41', 'China', 'Fiction', NULL, NULL);
INSERT INTO Locations (WorkID, Location, FilmedOrFiction, Latitude, Longitude) VALUES ('M42', 'Switzerland', 'Fiction', NULL, NULL);
INSERT INTO Locations (WorkID, Location, FilmedOrFiction, Latitude, Longitude) VALUES ('M43', 'United States', 'Fiction', NULL, NULL);
INSERT INTO Locations (WorkID, Location, FilmedOrFiction, Latitude, Longitude) VALUES ('M44', 'Britain', 'Fiction', NULL, NULL);
INSERT INTO Locations (WorkID, Location, FilmedOrFiction, Latitude, Longitude) VALUES ('M45', 'New Orleans', 'Fiction', NULL, NULL);
INSERT INTO Locations (WorkID, Location, FilmedOrFiction, Latitude, Longitude) VALUES ('M46', 'New Jersey', 'Fiction', NULL, NULL);
INSERT INTO Locations (WorkID, Location, FilmedOrFiction, Latitude, Longitude) VALUES ('M47', 'Indian Ocean', 'Fiction', NULL, NULL);
INSERT INTO Locations (WorkID, Location, FilmedOrFiction, Latitude, Longitude) VALUES ('M48', 'Texas', 'Fiction', NULL, NULL);
INSERT INTO Locations (WorkID, Location, FilmedOrFiction, Latitude, Longitude) VALUES ('M49', 'Space', 'Fiction', NULL, NULL);
INSERT INTO Locations (WorkID, Location, FilmedOrFiction, Latitude, Longitude) VALUES ('M50', 'Los Angeles', 'Fiction', NULL, NULL);
INSERT INTO Locations (WorkID, Location, FilmedOrFiction, Latitude, Longitude) VALUES ('M51', 'Nebraska', 'Fiction', NULL, NULL);
INSERT INTO Locations (WorkID, Location, FilmedOrFiction, Latitude, Longitude) VALUES ('M51', 'South Dakota', 'Fiction', NULL, NULL);
INSERT INTO Locations (WorkID, Location, FilmedOrFiction, Latitude, Longitude) VALUES ('M51', 'Wyoming', 'Fiction', NULL, NULL);
INSERT INTO Locations (WorkID, Location, FilmedOrFiction, Latitude, Longitude) VALUES ('M52', 'Britain', 'Fiction', NULL, NULL);
INSERT INTO Locations (WorkID, Location, FilmedOrFiction, Latitude, Longitude) VALUES ('M53', 'New York', 'Fiction', NULL, NULL);
INSERT INTO Locations (WorkID, Location, FilmedOrFiction, Latitude, Longitude) VALUES ('M54', 'New York', 'Fiction', NULL, NULL);
INSERT INTO Locations (WorkID, Location, FilmedOrFiction, Latitude, Longitude) VALUES ('M54', 'San Francisco', 'Fiction', NULL, NULL);
INSERT INTO Locations (WorkID, Location, FilmedOrFiction, Latitude, Longitude) VALUES ('M55', 'Oklahoma', 'Fiction', NULL, NULL);
INSERT INTO Locations (WorkID, Location, FilmedOrFiction, Latitude, Longitude) VALUES ('M56', 'France', 'Fiction', NULL, NULL);
INSERT INTO Locations (WorkID, Location, FilmedOrFiction, Latitude, Longitude) VALUES ('M57', 'Arendelle', 'Fiction', NULL, NULL);
INSERT INTO Locations (WorkID, Location, FilmedOrFiction, Latitude, Longitude) VALUES ('M58', 'Earth', 'Fiction', NULL, NULL);
INSERT INTO Locations (WorkID, Location, FilmedOrFiction, Latitude, Longitude) VALUES ('M59', 'United States', 'Fiction', NULL, NULL);
INSERT INTO Locations (WorkID, Location, FilmedOrFiction, Latitude, Longitude) VALUES ('M60', 'Belgium', 'Fiction', NULL, NULL);
INSERT INTO Locations (WorkID, Location, FilmedOrFiction, Latitude, Longitude) VALUES ('M61', 'Japan', 'Fiction', NULL, NULL);
INSERT INTO Locations (WorkID, Location, FilmedOrFiction, Latitude, Longitude) VALUES ('M62', 'London', 'Fiction', NULL, NULL);
INSERT INTO Locations (WorkID, Location, FilmedOrFiction, Latitude, Longitude) VALUES ('M63', 'South Africa', 'Fiction', NULL, NULL);
INSERT INTO Locations (WorkID, Location, FilmedOrFiction, Latitude, Longitude) VALUES ('M64', 'Indian Ocean', 'Fiction', NULL, NULL);
INSERT INTO Locations (WorkID, Location, FilmedOrFiction, Latitude, Longitude) VALUES ('M65', 'Middle Earth', 'Fiction', NULL, NULL);
INSERT INTO Locations (WorkID, Location, FilmedOrFiction, Latitude, Longitude) VALUES ('M66', 'Afghanistan', 'Fiction', NULL, NULL);
INSERT INTO Locations (WorkID, Location, FilmedOrFiction, Latitude, Longitude) VALUES ('M67', 'New York', 'Fiction', NULL, NULL);
INSERT INTO Locations (WorkID, Location, FilmedOrFiction, Latitude, Longitude) VALUES ('M68', 'New York', 'Fiction', NULL, NULL);
INSERT INTO Locations (WorkID, Location, FilmedOrFiction, Latitude, Longitude) VALUES ('M69', 'United States', 'Fiction', NULL, NULL);
INSERT INTO Locations (WorkID, Location, FilmedOrFiction, Latitude, Longitude) VALUES ('M70', 'Norway', 'Fiction', NULL, NULL);
INSERT INTO Locations (WorkID, Location, FilmedOrFiction, Latitude, Longitude) VALUES ('M71', 'Netherlands', 'Fiction', NULL, NULL);
INSERT INTO Locations (WorkID, Location, FilmedOrFiction, Latitude, Longitude) VALUES ('M72', 'Texas', 'Fiction', NULL, NULL);
INSERT INTO Locations (WorkID, Location, FilmedOrFiction, Latitude, Longitude) VALUES ('M72', 'Space', 'Fiction', NULL, NULL);
INSERT INTO Locations (WorkID, Location, FilmedOrFiction, Latitude, Longitude) VALUES ('M73', 'Britain', 'Fiction', NULL, NULL);
INSERT INTO Locations (WorkID, Location, FilmedOrFiction, Latitude, Longitude) VALUES ('M74', 'Lego Universe', 'Fiction', NULL, NULL);
INSERT INTO Locations (WorkID, Location, FilmedOrFiction, Latitude, Longitude) VALUES ('M76', 'United States', 'Fiction', NULL, NULL);
INSERT INTO Locations (WorkID, Location, FilmedOrFiction, Latitude, Longitude) VALUES ('M76', 'Australia', 'Fiction', NULL, NULL);
INSERT INTO Locations (WorkID, Location, FilmedOrFiction, Latitude, Longitude) VALUES ('M76', 'Europe', 'Fiction', NULL, NULL);
INSERT INTO Locations (WorkID, Location, FilmedOrFiction, Latitude, Longitude) VALUES ('M77', 'New York', 'Fiction', NULL, NULL);
INSERT INTO Locations (WorkID, Location, FilmedOrFiction, Latitude, Longitude) VALUES ('M78', 'Middle Earth', 'Fiction', NULL, NULL);
INSERT INTO Locations (WorkID, Location, FilmedOrFiction, Latitude, Longitude) VALUES ('M79', 'California', 'Fiction', NULL, NULL);
INSERT INTO Locations (WorkID, Location, FilmedOrFiction, Latitude, Longitude) VALUES ('M79', 'Germany', 'Fiction', NULL, NULL);
INSERT INTO Locations (WorkID, Location, FilmedOrFiction, Latitude, Longitude) VALUES ('M79', 'Japan', 'Fiction', NULL, NULL);
INSERT INTO Locations (WorkID, Location, FilmedOrFiction, Latitude, Longitude) VALUES ('M80', 'Nova Empire', 'Fiction', NULL, NULL);
INSERT INTO Locations (WorkID, Location, FilmedOrFiction, Latitude, Longitude) VALUES ('M81', 'A Faraway Land', 'Fiction', NULL, NULL);
INSERT INTO Locations (WorkID, Location, FilmedOrFiction, Latitude, Longitude) VALUES ('M81', 'The Moors', 'Fiction', NULL, NULL);
INSERT INTO Locations (WorkID, Location, FilmedOrFiction, Latitude, Longitude) VALUES ('M82', 'Washington D.C.', 'Fiction', NULL, NULL);
INSERT INTO Locations (WorkID, Location, FilmedOrFiction, Latitude, Longitude) VALUES ('M83', 'San Francisco', 'Fiction', NULL, NULL);
INSERT INTO Locations (WorkID, Location, FilmedOrFiction, Latitude, Longitude) VALUES ('M84', 'New York', 'Fiction', NULL, NULL);
INSERT INTO Locations (WorkID, Location, FilmedOrFiction, Latitude, Longitude) VALUES ('M84', 'China', 'Fiction', NULL, NULL);
INSERT INTO Locations (WorkID, Location, FilmedOrFiction, Latitude, Longitude) VALUES ('M84', 'Russia', 'Fiction', NULL, NULL);
INSERT INTO Locations (WorkID, Location, FilmedOrFiction, Latitude, Longitude) VALUES ('M84', 'Washington D.C.', 'Fiction', NULL, NULL);
INSERT INTO Locations (WorkID, Location, FilmedOrFiction, Latitude, Longitude) VALUES ('M84', 'Paris', 'Fiction', NULL, NULL);
INSERT INTO Locations (WorkID, Location, FilmedOrFiction, Latitude, Longitude) VALUES ('M84', 'Vietnam', 'Fiction', NULL, NULL);
INSERT INTO Locations (WorkID, Location, FilmedOrFiction, Latitude, Longitude) VALUES ('S1', 'New York', 'Fiction', NULL, NULL);
INSERT INTO Locations (WorkID, Location, FilmedOrFiction, Latitude, Longitude) VALUES ('S2', 'Washington D.C.', 'Fiction', NULL, NULL);
INSERT INTO Locations (WorkID, Location, FilmedOrFiction, Latitude, Longitude) VALUES ('S3', 'New York', 'Fiction', NULL, NULL);
INSERT INTO Locations (WorkID, Location, FilmedOrFiction, Latitude, Longitude) VALUES ('S4', 'New York', 'Fiction', NULL, NULL);
INSERT INTO Locations (WorkID, Location, FilmedOrFiction, Latitude, Longitude) VALUES ('S5', 'Ireland', 'Fiction', NULL, NULL);
INSERT INTO Locations (WorkID, Location, FilmedOrFiction, Latitude, Longitude) VALUES ('S6', 'London', 'Fiction', NULL, NULL);
INSERT INTO Locations (WorkID, Location, FilmedOrFiction, Latitude, Longitude) VALUES ('S7', 'New York', 'Fiction', NULL, NULL);
INSERT INTO Locations (WorkID, Location, FilmedOrFiction, Latitude, Longitude) VALUES ('S8', 'Agrabah', 'Fiction', NULL, NULL);
INSERT INTO Locations (WorkID, Location, FilmedOrFiction, Latitude, Longitude) VALUES ('S9', 'New York', 'Fiction', NULL, NULL);
INSERT INTO Locations (WorkID, Location, FilmedOrFiction, Latitude, Longitude) VALUES ('S10', 'Chicago', 'Fiction', NULL, NULL);
INSERT INTO Locations (WorkID, Location, FilmedOrFiction, Latitude, Longitude) VALUES ('S11', 'Ireland', 'Fiction', NULL, NULL);
INSERT INTO Locations (WorkID, Location, FilmedOrFiction, Latitude, Longitude) VALUES ('S12', 'St. Louis', 'Fiction', NULL, NULL);
INSERT INTO Locations (WorkID, Location, FilmedOrFiction, Latitude, Longitude) VALUES ('S13', 'Ilyria', 'Fiction', NULL, NULL);
INSERT INTO Locations (WorkID, Location, FilmedOrFiction, Latitude, Longitude) VALUES ('S14', 'Germany', 'Fiction', NULL, NULL);
INSERT INTO Locations (WorkID, Location, FilmedOrFiction, Latitude, Longitude) VALUES ('S16', 'Oklahoma', 'Fiction', NULL, NULL);
INSERT INTO Locations (WorkID, Location, FilmedOrFiction, Latitude, Longitude) VALUES ('S18', 'Britain', 'Fiction', NULL, NULL);
INSERT INTO Locations (WorkID, Location, FilmedOrFiction, Latitude, Longitude) VALUES ('S19', 'Philadelphia', 'Fiction', NULL, NULL);
INSERT INTO Locations (WorkID, Location, FilmedOrFiction, Latitude, Longitude) VALUES ('S20', 'New York', 'Fiction', NULL, NULL);
INSERT INTO Locations (WorkID, Location, FilmedOrFiction, Latitude, Longitude) VALUES ('S21', 'Philadelphia', 'Fiction', NULL, NULL);
INSERT INTO Locations (WorkID, Location, FilmedOrFiction, Latitude, Longitude) VALUES ('S23', 'New York', 'Fiction', NULL, NULL);
INSERT INTO Locations (WorkID, Location, FilmedOrFiction, Latitude, Longitude) VALUES ('S24', 'Iowa', 'Fiction', NULL, NULL);
INSERT INTO Locations (WorkID, Location, FilmedOrFiction, Latitude, Longitude) VALUES ('S25', 'Germany', 'Fiction', NULL, NULL);
INSERT INTO Locations (WorkID, Location, FilmedOrFiction, Latitude, Longitude) VALUES ('S26', 'New York', 'Fiction', NULL, NULL);
INSERT INTO Locations (WorkID, Location, FilmedOrFiction, Latitude, Longitude) VALUES ('S27', 'New York', 'Fiction', NULL, NULL);
INSERT INTO Locations (WorkID, Location, FilmedOrFiction, Latitude, Longitude) VALUES ('T1', 'Los Angeles', 'Fiction', NULL, NULL);
INSERT INTO Locations (WorkID, Location, FilmedOrFiction, Latitude, Longitude) VALUES ('T2', 'Pasadena', 'Fiction', NULL, NULL);
INSERT INTO Locations (WorkID, Location, FilmedOrFiction, Latitude, Longitude) VALUES ('T3', 'New York', 'Fiction', NULL, NULL);
INSERT INTO Locations (WorkID, Location, FilmedOrFiction, Latitude, Longitude) VALUES ('T4', 'New York', 'Fiction', NULL, NULL);
INSERT INTO Locations (WorkID, Location, FilmedOrFiction, Latitude, Longitude) VALUES ('T5', 'Palo Alto', 'Fiction', NULL, NULL);
INSERT INTO Locations (WorkID, Location, FilmedOrFiction, Latitude, Longitude) VALUES ('T6', 'Washington D.C.', 'Fiction', NULL, NULL);
INSERT INTO Locations (WorkID, Location, FilmedOrFiction, Latitude, Longitude) VALUES ('T7', 'New Mexico', 'Fiction', NULL, NULL);
INSERT INTO Locations (WorkID, Location, FilmedOrFiction, Latitude, Longitude) VALUES ('T8', 'Britain', 'Fiction', NULL, NULL);
INSERT INTO Locations (WorkID, Location, FilmedOrFiction, Latitude, Longitude) VALUES ('T9', 'Westeros', 'Fiction', NULL, NULL);
INSERT INTO Locations (WorkID, Location, FilmedOrFiction, Latitude, Longitude) VALUES ('T10', 'Washington D.C.', 'Fiction', NULL, NULL);
INSERT INTO Locations (WorkID, Location, FilmedOrFiction, Latitude, Longitude) VALUES ('T11', 'New York', 'Fiction', NULL, NULL);
INSERT INTO Locations (WorkID, Location, FilmedOrFiction, Latitude, Longitude) VALUES ('T12', 'New Orleans', 'Fiction', NULL, NULL);
INSERT INTO Locations (WorkID, Location, FilmedOrFiction, Latitude, Longitude) VALUES ('T13', 'New York', 'Fiction', NULL, NULL);
INSERT INTO Locations (WorkID, Location, FilmedOrFiction, Latitude, Longitude) VALUES ('T14', 'New York', 'Fiction', NULL, NULL);
INSERT INTO Locations (WorkID, Location, FilmedOrFiction, Latitude, Longitude) VALUES ('T15', 'Los Angeles', 'Fiction', NULL, NULL);
INSERT INTO Locations (WorkID, Location, FilmedOrFiction, Latitude, Longitude) VALUES ('T16', 'Los Angeles', 'Fiction', NULL, NULL);
INSERT INTO Locations (WorkID, Location, FilmedOrFiction, Latitude, Longitude) VALUES ('T17', 'New York', 'Fiction', NULL, NULL);
INSERT INTO Locations (WorkID, Location, FilmedOrFiction, Latitude, Longitude) VALUES ('T17', 'New York', 'Fiction', NULL, NULL);
INSERT INTO Locations (WorkID, Location, FilmedOrFiction, Latitude, Longitude) VALUES ('T19', 'Minnesota', 'Fiction', NULL, NULL);
INSERT INTO Locations (WorkID, Location, FilmedOrFiction, Latitude, Longitude) VALUES ('T20', 'New Orleans', 'Fiction', NULL, NULL);
INSERT INTO Locations (WorkID, Location, FilmedOrFiction, Latitude, Longitude) VALUES ('T21', 'Texas', 'Fiction', NULL, NULL);
INSERT INTO Locations (WorkID, Location, FilmedOrFiction, Latitude, Longitude) VALUES ('T22', 'Britain', 'Fiction', NULL, NULL);
INSERT INTO Locations (WorkID, Location, FilmedOrFiction, Latitude, Longitude) VALUES ('T23', 'New Orleans', 'Fiction', NULL, NULL);
INSERT INTO Locations (WorkID, Location, FilmedOrFiction, Latitude, Longitude) VALUES ('T24', 'Britain', 'Fiction', NULL, NULL);
INSERT INTO Locations (WorkID, Location, FilmedOrFiction, Latitude, Longitude) VALUES ('T25', 'New York', 'Fiction', NULL, NULL);
INSERT INTO Locations (WorkID, Location, FilmedOrFiction, Latitude, Longitude) VALUES ('T26', 'United States', 'Fiction', NULL, NULL);
INSERT INTO Locations (WorkID, Location, FilmedOrFiction, Latitude, Longitude) VALUES ('T27', 'Washington D.C.', 'Fiction', NULL, NULL);
INSERT INTO Locations (WorkID, Location, FilmedOrFiction, Latitude, Longitude) VALUES ('T28', 'Britain', 'Fiction', NULL, NULL);
INSERT INTO Locations (WorkID, Location, FilmedOrFiction, Latitude, Longitude) VALUES ('T36', 'New York', 'Fiction', NULL, NULL);
INSERT INTO Locations (WorkID, Location, FilmedOrFiction, Latitude, Longitude) VALUES ('T37', 'Britain', 'Fiction', NULL, NULL);
INSERT INTO Locations (WorkID, Location, FilmedOrFiction, Latitude, Longitude) VALUES ('T38', 'Los Angeles', 'Fiction', NULL, NULL);
INSERT INTO Locations (WorkID, Location, FilmedOrFiction, Latitude, Longitude) VALUES ('T39', 'Chicago', 'Fiction', NULL, NULL);
INSERT INTO Locations (WorkID, Location, FilmedOrFiction, Latitude, Longitude) VALUES ('T40', 'New York', 'Fiction', NULL, NULL);
INSERT INTO Locations (WorkID, Location, FilmedOrFiction, Latitude, Longitude) VALUES ('T41', 'New York', 'Fiction', NULL, NULL);
INSERT INTO Locations (WorkID, Location, FilmedOrFiction, Latitude, Longitude) VALUES ('T42', 'Chicago', 'Fiction', NULL, NULL);
INSERT INTO Locations (WorkID, Location, FilmedOrFiction, Latitude, Longitude) VALUES ('T43', 'Indiana', 'Fiction', NULL, NULL);
INSERT INTO Locations (WorkID, Location, FilmedOrFiction, Latitude, Longitude) VALUES ('T44', 'New York', 'Fiction', NULL, NULL);
INSERT INTO Locations (WorkID, Location, FilmedOrFiction, Latitude, Longitude) VALUES ('T45', 'Chicago', 'Fiction', NULL, NULL);
INSERT INTO Locations (WorkID, Location, FilmedOrFiction, Latitude, Longitude) VALUES ('T47', 'Missouri', 'Fiction', NULL, NULL);
INSERT INTO Locations (WorkID, Location, FilmedOrFiction, Latitude, Longitude) VALUES ('T48', 'Washington D.C.', 'Fiction', NULL, NULL);
INSERT INTO Locations (WorkID, Location, FilmedOrFiction, Latitude, Longitude) VALUES ('T49', 'Washington D.C.', 'Fiction', NULL, NULL);
INSERT INTO Locations (WorkID, Location, FilmedOrFiction, Latitude, Longitude) VALUES ('T50', 'London', 'Fiction', NULL, NULL);
INSERT INTO Locations (WorkID, Location, FilmedOrFiction, Latitude, Longitude) VALUES ('T51', 'New York', 'Fiction', NULL, NULL);
INSERT INTO Locations (WorkID, Location, FilmedOrFiction, Latitude, Longitude) VALUES ('T53', 'Texas', 'Fiction', NULL, NULL);
INSERT INTO Locations (WorkID, Location, FilmedOrFiction, Latitude, Longitude) VALUES ('T53', 'New York', 'Fiction', NULL, NULL);
INSERT INTO Locations (WorkID, Location, FilmedOrFiction, Latitude, Longitude) VALUES ('T54', 'Portland', 'Fiction', NULL, NULL);
INSERT INTO Locations (WorkID, Location, FilmedOrFiction, Latitude, Longitude) VALUES ('T55', 'New York', 'Fiction', NULL, NULL);
INSERT INTO Locations (WorkID, Location, FilmedOrFiction, Latitude, Longitude) VALUES ('T56', 'Sonoma', 'Fiction', NULL, NULL);
INSERT INTO Locations (WorkID, Location, FilmedOrFiction, Latitude, Longitude) VALUES ('T57', 'Los Angeles', 'Fiction', NULL, NULL);
CREATE TABLE Movies(WorkID VARCHAR(200) PRIMARY KEY, Title VARCHAR(500) NULL, Rating VARCHAR(10) NULL, BoxOffice REAL NULL, Budget REAL NULL, Year INT NULL);
INSERT INTO Movies (WorkID, Title, Rating, BoxOffice, Budget, Year) VALUES ('M1', 'Birdman or (The Unexpected Virtue of Ignorance)', 'R', 86.3, 16.5, 2014);
INSERT INTO Movies (WorkID, Title, Rating, BoxOffice, Budget, Year) VALUES ('M2', 'American Sniper', 'R', 471.6, 58.8, 2014);
INSERT INTO Movies (WorkID, Title, Rating, BoxOffice, Budget, Year) VALUES ('M3', 'Boyhood', 'R', 44.5, 4, 2014);
INSERT INTO Movies (WorkID, Title, Rating, BoxOffice, Budget, Year) VALUES ('M4', 'The Grand Budapest Hotel', 'R', 174.6, 30, 2014);
INSERT INTO Movies (WorkID, Title, Rating, BoxOffice, Budget, Year) VALUES ('M5', 'The Imitation Game', 'PG-13', 200.6, 14, 2014);
INSERT INTO Movies (WorkID, Title, Rating, BoxOffice, Budget, Year) VALUES ('M6', 'Selma', 'PG-13', 57.1, 20, 2014);
INSERT INTO Movies (WorkID, Title, Rating, BoxOffice, Budget, Year) VALUES ('M7', 'The Theory of Everything', 'PG-13', 110.2, 15, 2014);
INSERT INTO Movies (WorkID, Title, Rating, BoxOffice, Budget, Year) VALUES ('M8', 'Whiplash', 'R', 13.2, 3.3, 2014);
INSERT INTO Movies (WorkID, Title, Rating, BoxOffice, Budget, Year) VALUES ('M9', 'Foxcatcher', 'R', 15.2, 24, 2014);
INSERT INTO Movies (WorkID, Title, Rating, BoxOffice, Budget, Year) VALUES ('M10', 'Still Alice', 'PG-13', 14.7, 5, 2014);
INSERT INTO Movies (WorkID, Title, Rating, BoxOffice, Budget, Year) VALUES ('M11', 'Two Days, One Night', 'PG-13', 6.7, 7.7, 2014);
INSERT INTO Movies (WorkID, Title, Rating, BoxOffice, Budget, Year) VALUES ('M12', 'Gone Girl', 'R', 368.1, 61, 2014);
INSERT INTO Movies (WorkID, Title, Rating, BoxOffice, Budget, Year) VALUES ('M13', 'Wild', 'R', 45.7, 0, 2014);
INSERT INTO Movies (WorkID, Title, Rating, BoxOffice, Budget, Year) VALUES ('M14', 'The Judge', 'R', 83.7, 50, 2014);
INSERT INTO Movies (WorkID, Title, Rating, BoxOffice, Budget, Year) VALUES ('M15', 'Into the Woods', 'PG', 172.9, 50, 2014);
INSERT INTO Movies (WorkID, Title, Rating, BoxOffice, Budget, Year) VALUES ('M16', 'Nightcrawler', 'R', 38.7, 8.5, 2014);
INSERT INTO Movies (WorkID, Title, Rating, BoxOffice, Budget, Year) VALUES ('M17', 'Inherent Vice', 'R', 11.1, 20, 2014);
INSERT INTO Movies (WorkID, Title, Rating, BoxOffice, Budget, Year) VALUES ('M18', 'Big Hero 6', 'PG', 572.2, 165, 2014);
INSERT INTO Movies (WorkID, Title, Rating, BoxOffice, Budget, Year) VALUES ('M19', 'The Boxtrolls', 'PG', 108.3, 60, 2014);
INSERT INTO Movies (WorkID, Title, Rating, BoxOffice, Budget, Year) VALUES ('M20', 'How to Train Your Dragon 2', 'PG', 618.9, 145, 2014);
INSERT INTO Movies (WorkID, Title, Rating, BoxOffice, Budget, Year) VALUES ('M21', 'Song of the Sea', 'PG', 0.4, 8, 2014);
INSERT INTO Movies (WorkID, Title, Rating, BoxOffice, Budget, Year) VALUES ('M22', 'The Tale of Princess Kaguya', 'PG', 24, 49.3, 2014);
INSERT INTO Movies (WorkID, Title, Rating, BoxOffice, Budget, Year) VALUES ('M23', 'Ida', 'PG-13', 10.7, 3, 2014);
INSERT INTO Movies (WorkID, Title, Rating, BoxOffice, Budget, Year) VALUES ('M24', 'Leviathan', 'R', 0.704, 3.6, 2014);
INSERT INTO Movies (WorkID, Title, Rating, BoxOffice, Budget, Year) VALUES ('M25', 'Tanagerines', 'NR', 0, 0.99, 2014);
INSERT INTO Movies (WorkID, Title, Rating, BoxOffice, Budget, Year) VALUES ('M26', 'Timbuktu', 'PG-13', 0.5, 0, 2014);
INSERT INTO Movies (WorkID, Title, Rating, BoxOffice, Budget, Year) VALUES ('M27', 'Wild Tales', 'R', 24, 3.3, 2014);
INSERT INTO Movies (WorkID, Title, Rating, BoxOffice, Budget, Year) VALUES ('M28', 'Citizenfour', 'R', 2.7, 0, 2014);
INSERT INTO Movies (WorkID, Title, Rating, BoxOffice, Budget, Year) VALUES ('M29', 'Finding Vivian Maier', 'NR', 2.2, 0, 2014);
INSERT INTO Movies (WorkID, Title, Rating, BoxOffice, Budget, Year) VALUES ('M30', 'Last Days in Vietnam', 'NR', 0.16, 0, 2014);
INSERT INTO Movies (WorkID, Title, Rating, BoxOffice, Budget, Year) VALUES ('M31', 'The Salt of the Earth', 'PG-13', 0, 0, 2014);
INSERT INTO Movies (WorkID, Title, Rating, BoxOffice, Budget, Year) VALUES ('M32', 'Virunga', 'NR', 0, 0, 2014);
INSERT INTO Movies (WorkID, Title, Rating, BoxOffice, Budget, Year) VALUES ('M33', 'Crisis Hotline: Veterans Press 1', 'NR', 0, 0, 2014);
INSERT INTO Movies (WorkID, Title, Rating, BoxOffice, Budget, Year) VALUES ('M34', 'Joanna', 'NR', 0, 0, 2013);
INSERT INTO Movies (WorkID, Title, Rating, BoxOffice, Budget, Year) VALUES ('M35', 'Our Curse', 'NR', 0, 0, 2013);
INSERT INTO Movies (WorkID, Title, Rating, BoxOffice, Budget, Year) VALUES ('M36', 'The Reaper', 'NR', 0, 0, 2013);
INSERT INTO Movies (WorkID, Title, Rating, BoxOffice, Budget, Year) VALUES ('M37', 'White Earth', 'NR', 0, 0, 2014);
INSERT INTO Movies (WorkID, Title, Rating, BoxOffice, Budget, Year) VALUES ('M38', 'The Phone Call', 'TV-14', 0, 0, 2013);
INSERT INTO Movies (WorkID, Title, Rating, BoxOffice, Budget, Year) VALUES ('M39', 'Aya', 'NR', 0, 0, 2012);
INSERT INTO Movies (WorkID, Title, Rating, BoxOffice, Budget, Year) VALUES ('M40', 'Boogaloo and Graham', 'NR', 0, 0, 2014);
INSERT INTO Movies (WorkID, Title, Rating, BoxOffice, Budget, Year) VALUES ('M41', 'Butter Lamp', 'NR', 0, 0, 2013);
INSERT INTO Movies (WorkID, Title, Rating, BoxOffice, Budget, Year) VALUES ('M42', 'Parvaneh', 'NR', 0, 0, 2012);
INSERT INTO Movies (WorkID, Title, Rating, BoxOffice, Budget, Year) VALUES ('M43', 'Feast', 'G', 0, 0, 2014);
INSERT INTO Movies (WorkID, Title, Rating, BoxOffice, Budget, Year) VALUES ('M44', 'The Bigger Picture', 'NR', 0, 0, 2014);
INSERT INTO Movies (WorkID, Title, Rating, BoxOffice, Budget, Year) VALUES ('M45', '12 Years a Slave', 'R', 187.7, 22, 2013);
INSERT INTO Movies (WorkID, Title, Rating, BoxOffice, Budget, Year) VALUES ('M46', 'American Hustle', 'R', 251.1, 40, 2013);
INSERT INTO Movies (WorkID, Title, Rating, BoxOffice, Budget, Year) VALUES ('M47', 'Captain Phillips', 'PG-13', 218.8, 55, 2013);
INSERT INTO Movies (WorkID, Title, Rating, BoxOffice, Budget, Year) VALUES ('M48', 'Dallas Buyers Club', 'R', 55.2, 5, 2013);
INSERT INTO Movies (WorkID, Title, Rating, BoxOffice, Budget, Year) VALUES ('M49', 'Gravity', 'PG-13', 716.4, 100, 2013);
INSERT INTO Movies (WorkID, Title, Rating, BoxOffice, Budget, Year) VALUES ('M50', 'Her', 'R', 47.4, 23, 2013);
INSERT INTO Movies (WorkID, Title, Rating, BoxOffice, Budget, Year) VALUES ('M51', 'Nebraska', 'R', 24.2, 12, 2013);
INSERT INTO Movies (WorkID, Title, Rating, BoxOffice, Budget, Year) VALUES ('M52', 'Philomena', 'PG-13', 100.1, 12, 2013);
INSERT INTO Movies (WorkID, Title, Rating, BoxOffice, Budget, Year) VALUES ('M53', 'The Wolf of Wall Street', 'R', 392, 100, 2013);
INSERT INTO Movies (WorkID, Title, Rating, BoxOffice, Budget, Year) VALUES ('M54', 'Blue Jasmine', 'PG-13', 97.5, 18, 2013);
INSERT INTO Movies (WorkID, Title, Rating, BoxOffice, Budget, Year) VALUES ('M55', 'August: Osage County', 'R', 74, 25, 2013);
INSERT INTO Movies (WorkID, Title, Rating, BoxOffice, Budget, Year) VALUES ('M56', 'Before Midnight', 'R', 20, 3, 2013);
INSERT INTO Movies (WorkID, Title, Rating, BoxOffice, Budget, Year) VALUES ('M57', 'Frozen', 'PG', 1274, 150, 2013);
INSERT INTO Movies (WorkID, Title, Rating, BoxOffice, Budget, Year) VALUES ('M58', 'The Croods', 'PG', 587.2, 135, 2013);
INSERT INTO Movies (WorkID, Title, Rating, BoxOffice, Budget, Year) VALUES ('M59', 'Despicable Me 2', 'PG', 970.8, 76, 2013);
INSERT INTO Movies (WorkID, Title, Rating, BoxOffice, Budget, Year) VALUES ('M60', 'Ernest & Celestine', 'PG', 6.2, 10.4, 2012);
INSERT INTO Movies (WorkID, Title, Rating, BoxOffice, Budget, Year) VALUES ('M61', 'The Wind Rises', 'PG-13', 134, 30, 2013);
INSERT INTO Movies (WorkID, Title, Rating, BoxOffice, Budget, Year) VALUES ('M62', 'Saving Mr. Banks', 'PG-13', 112.5, 35, 2013);
INSERT INTO Movies (WorkID, Title, Rating, BoxOffice, Budget, Year) VALUES ('M63', 'Mandela: Long Walk to Freedom', 'PG-13', 27, 35, 2013);
INSERT INTO Movies (WorkID, Title, Rating, BoxOffice, Budget, Year) VALUES ('M64', 'All is Lost', 'PG-13', 13.6, 8.5, 2013);
INSERT INTO Movies (WorkID, Title, Rating, BoxOffice, Budget, Year) VALUES ('M65', 'The Hobbit: The Desolation of Smaug', 'PG-13', 960.4, 225, 2013);
INSERT INTO Movies (WorkID, Title, Rating, BoxOffice, Budget, Year) VALUES ('M66', 'Lone Survivor', 'R', 149.3, 40, 2013);
INSERT INTO Movies (WorkID, Title, Rating, BoxOffice, Budget, Year) VALUES ('M67', 'Inside Llewyn Davis', 'R', 32.9, 11, 2013);
INSERT INTO Movies (WorkID, Title, Rating, BoxOffice, Budget, Year) VALUES ('M68', 'The Great Gatsby', 'PG-13', 351, 105, 2013);
INSERT INTO Movies (WorkID, Title, Rating, BoxOffice, Budget, Year) VALUES ('M69', 'The Dam Keeper', 'PG', 0, 0, 2014);
INSERT INTO Movies (WorkID, Title, Rating, BoxOffice, Budget, Year) VALUES ('M70', 'Me and My Moulton', 'PG', 0, 0, 2014);
INSERT INTO Movies (WorkID, Title, Rating, BoxOffice, Budget, Year) VALUES ('M71', 'A Single Life', 'PG', 0, 0, 2014);
INSERT INTO Movies (WorkID, Title, Rating, BoxOffice, Budget, Year) VALUES ('M72', 'Interstellar', 'PG-13', 672.6, 165, 2014);
INSERT INTO Movies (WorkID, Title, Rating, BoxOffice, Budget, Year) VALUES ('M73', 'Mr. Turner', 'R', 17.2, 8.9, 2014);
INSERT INTO Movies (WorkID, Title, Rating, BoxOffice, Budget, Year) VALUES ('M74', 'The Lego Movie', 'PG', 468.8, 60, 2014);
INSERT INTO Movies (WorkID, Title, Rating, BoxOffice, Budget, Year) VALUES ('M75', 'Beyond the Lights', 'PG-13', 14.6, 7, 2014);
INSERT INTO Movies (WorkID, Title, Rating, BoxOffice, Budget, Year) VALUES ('M76', 'Glen Campbell: I''ll Be Me', 'PG', 0.3, 0, 2014);
INSERT INTO Movies (WorkID, Title, Rating, BoxOffice, Budget, Year) VALUES ('M77', 'Begin Again', 'R', 63.5, 8, 2014);
INSERT INTO Movies (WorkID, Title, Rating, BoxOffice, Budget, Year) VALUES ('M78', 'The Hobbit: The Battle of the Five Armies', 'PG-13', 954.7, 250, 2014);
INSERT INTO Movies (WorkID, Title, Rating, BoxOffice, Budget, Year) VALUES ('M79', 'Unbroken', 'PG-13', 161.4, 65, 2014);
INSERT INTO Movies (WorkID, Title, Rating, BoxOffice, Budget, Year) VALUES ('M80', 'Guardians of the Galaxy', 'PG-13', 774.2, 195.9, 2014);
INSERT INTO Movies (WorkID, Title, Rating, BoxOffice, Budget, Year) VALUES ('M81', 'Maleficent', 'PG', 758.4, 180, 2014);
INSERT INTO Movies (WorkID, Title, Rating, BoxOffice, Budget, Year) VALUES ('M82', 'Captain America: The Winter Soldier', 'PG-13', 714.8, 170, 2014);
INSERT INTO Movies (WorkID, Title, Rating, BoxOffice, Budget, Year) VALUES ('M83', 'Dawn of the Planet of the Apes', 'PG-13', 708.7, 170, 2014);
INSERT INTO Movies (WorkID, Title, Rating, BoxOffice, Budget, Year) VALUES ('M84', 'X-Men: Days of Future Past', 'PG-13', 748.1, 200, 2014);
CREATE TABLE Music( WorkID VARCHAR(50), Title VARCHAR(2000) NULL, Artist VARCHAR(100), isSingle VARCHAR(3) NOT NULL, EligibilityYear INT NULL, Genre VARCHAR(100) NULL, ReleaseYear INT NULL);
INSERT INTO Music (WorkID, Title, Artist, isSingle, EligibilityYear, Genre, ReleaseYear) VALUES ('U1', 'Stay with Me (Darkchild Version)', 'Sam Smith', 'Yes', 2015, 'Pop', 2014);
INSERT INTO Music (WorkID, Title, Artist, isSingle, EligibilityYear, Genre, ReleaseYear) VALUES ('U2', 'Fancy', 'Iggy Azalea', 'Yes', 2015, 'Pop', 2014);
INSERT INTO Music (WorkID, Title, Artist, isSingle, EligibilityYear, Genre, ReleaseYear) VALUES ('U2', 'Fancy', 'Charli XCX', 'Yes', 2015, 'Pop', 2014);
INSERT INTO Music (WorkID, Title, Artist, isSingle, EligibilityYear, Genre, ReleaseYear) VALUES ('U3', 'Chandelier', 'Sia', 'Yes', 2015, 'Pop', 2014);
INSERT INTO Music (WorkID, Title, Artist, isSingle, EligibilityYear, Genre, ReleaseYear) VALUES ('U4', 'Shake It Off', 'Taylor Swift', 'Yes', 2015, 'Pop', 2014);
INSERT INTO Music (WorkID, Title, Artist, isSingle, EligibilityYear, Genre, ReleaseYear) VALUES ('U5', 'All About That Bass', 'Meghan Trainor', 'Yes', 2015, 'Pop', 2014);
INSERT INTO Music (WorkID, Title, Artist, isSingle, EligibilityYear, Genre, ReleaseYear) VALUES ('U6', 'Morning Phase', 'Beck', 'No', 2015, 'Rock', 2014);
INSERT INTO Music (WorkID, Title, Artist, isSingle, EligibilityYear, Genre, ReleaseYear) VALUES ('U7', 'Beyonce', 'Beyonce', 'No', 2015, 'R&B', 2014);
INSERT INTO Music (WorkID, Title, Artist, isSingle, EligibilityYear, Genre, ReleaseYear) VALUES ('U8', 'x', 'Ed Sheeran', 'No', 2015, 'Pop', 2014);
INSERT INTO Music (WorkID, Title, Artist, isSingle, EligibilityYear, Genre, ReleaseYear) VALUES ('U9', 'In the Lonely Hour', 'Sam Smith', 'No', 2015, 'Pop', 2014);
INSERT INTO Music (WorkID, Title, Artist, isSingle, EligibilityYear, Genre, ReleaseYear) VALUES ('U10', 'G I R L', 'Pharrell Williams', 'No', 2015, 'R&B', 2014);
INSERT INTO Music (WorkID, Title, Artist, isSingle, EligibilityYear, Genre, ReleaseYear) VALUES ('U11', 'Take Me to Church', 'Andrew Hozier-Byrne', 'Yes', 2015, 'Rock', 2014);
INSERT INTO Music (WorkID, Title, Artist, isSingle, EligibilityYear, Genre, ReleaseYear) VALUES ('U12', 'Happy (Live)', 'Pharrell Williams', 'Yes', 2015, 'Pop', 2014);
INSERT INTO Music (WorkID, Title, Artist, isSingle, EligibilityYear, Genre, ReleaseYear) VALUES ('U13', 'All of Me (Live)', 'John Legend', 'Yes', 2015, 'R&B', 2014);
INSERT INTO Music (WorkID, Title, Artist, isSingle, EligibilityYear, Genre, ReleaseYear) VALUES ('U14', 'Say Something', 'A Great Big World', 'Yes', 2015, 'Pop', 2014);
INSERT INTO Music (WorkID, Title, Artist, isSingle, EligibilityYear, Genre, ReleaseYear) VALUES ('U14', 'Say Something', 'Christina Aguilera', 'Yes', 2015, 'Pop', 2014);
INSERT INTO Music (WorkID, Title, Artist, isSingle, EligibilityYear, Genre, ReleaseYear) VALUES ('U15', 'A Sky Full of Stars', 'Coldplay', 'Yes', 2015, 'Pop', 2014);
INSERT INTO Music (WorkID, Title, Artist, isSingle, EligibilityYear, Genre, ReleaseYear) VALUES ('U16', 'Bang Bang', 'Jessie J', 'Yes', 2015, 'Pop', 2014);
INSERT INTO Music (WorkID, Title, Artist, isSingle, EligibilityYear, Genre, ReleaseYear) VALUES ('U16', 'Bang Bang', 'Ariana Grande', 'Yes', 2015, 'Pop', 2014);
INSERT INTO Music (WorkID, Title, Artist, isSingle, EligibilityYear, Genre, ReleaseYear) VALUES ('U16', 'Bang Bang', 'Nicki Minaj', 'Yes', 2015, 'Pop', 2014);
INSERT INTO Music (WorkID, Title, Artist, isSingle, EligibilityYear, Genre, ReleaseYear) VALUES ('U17', 'Dark Horse', 'Katy Perry', 'Yes', 2015, 'Pop', 2014);
INSERT INTO Music (WorkID, Title, Artist, isSingle, EligibilityYear, Genre, ReleaseYear) VALUES ('U17', 'Dark Horse', 'Juicy J', 'Yes', 2015, 'Pop', 2014);
INSERT INTO Music (WorkID, Title, Artist, isSingle, EligibilityYear, Genre, ReleaseYear) VALUES ('U18', 'Ghost Stories', 'Coldplay', 'No', 2015, 'Pop', 2014);
INSERT INTO Music (WorkID, Title, Artist, isSingle, EligibilityYear, Genre, ReleaseYear) VALUES ('U19', 'Bangerz', 'Miley Cyrus', 'No', 2015, 'Pop', 2014);
INSERT INTO Music (WorkID, Title, Artist, isSingle, EligibilityYear, Genre, ReleaseYear) VALUES ('U20', 'My Everything', 'Ariana Grande', 'No', 2015, 'Pop', 2014);
INSERT INTO Music (WorkID, Title, Artist, isSingle, EligibilityYear, Genre, ReleaseYear) VALUES ('U21', 'Prism', 'Katy Perry', 'No', 2015, 'Pop', 2014);
INSERT INTO Music (WorkID, Title, Artist, isSingle, EligibilityYear, Genre, ReleaseYear) VALUES ('U22', 'Cheek to Cheek', 'Tony Bennett', 'No', 2015, 'Pop', 2014);
INSERT INTO Music (WorkID, Title, Artist, isSingle, EligibilityYear, Genre, ReleaseYear) VALUES ('U22', 'Cheek to Cheek', 'Lady Gaga', 'No', 2015, 'Pop', 2014);
INSERT INTO Music (WorkID, Title, Artist, isSingle, EligibilityYear, Genre, ReleaseYear) VALUES ('U23', 'Nostalgia', 'Annie Lennox', 'No', 2015, 'Pop', 2014);
INSERT INTO Music (WorkID, Title, Artist, isSingle, EligibilityYear, Genre, ReleaseYear) VALUES ('U24', 'Night Songs', 'Barry Manilow', 'No', 2015, 'Pop', 2014);
INSERT INTO Music (WorkID, Title, Artist, isSingle, EligibilityYear, Genre, ReleaseYear) VALUES ('U25', 'Sending You a Little Christmas', 'Johnny Mathis', 'No', 2015, 'Pop', 2014);
INSERT INTO Music (WorkID, Title, Artist, isSingle, EligibilityYear, Genre, ReleaseYear) VALUES ('U26', 'Partners', 'Barbra Streisand', 'No', 2015, 'Pop', 2014);
INSERT INTO Music (WorkID, Title, Artist, isSingle, EligibilityYear, Genre, ReleaseYear) VALUES ('U27', 'Rather Be', 'Clean Bandit', 'Yes', 2015, 'Dance/Electronica', 2014);
INSERT INTO Music (WorkID, Title, Artist, isSingle, EligibilityYear, Genre, ReleaseYear) VALUES ('U27', 'Rather Be', 'Jess Glynne', 'Yes', 2015, 'Dance/Electronica', 2014);
INSERT INTO Music (WorkID, Title, Artist, isSingle, EligibilityYear, Genre, ReleaseYear) VALUES ('U28', 'Never Say Never', 'Basement', 'Yes', 2015, 'Dance/Electronica', 2014);
INSERT INTO Music (WorkID, Title, Artist, isSingle, EligibilityYear, Genre, ReleaseYear) VALUES ('U28', 'Never Say Never', 'ETML', 'Yes', 2015, 'Dance/Electronica', 2014);
INSERT INTO Music (WorkID, Title, Artist, isSingle, EligibilityYear, Genre, ReleaseYear) VALUES ('U29', 'F For You', 'Disclosure', 'Yes', 2015, 'Dance/Electronica', 2014);
INSERT INTO Music (WorkID, Title, Artist, isSingle, EligibilityYear, Genre, ReleaseYear) VALUES ('U29', 'F For You', 'Mary J. Blige', 'Yes', 2015, 'Dance/Electronica', 2014);
INSERT INTO Music (WorkID, Title, Artist, isSingle, EligibilityYear, Genre, ReleaseYear) VALUES ('U30', 'I Got U', 'Duke Dumont', 'Yes', 2015, 'Dance/Electronica', 2014);
INSERT INTO Music (WorkID, Title, Artist, isSingle, EligibilityYear, Genre, ReleaseYear) VALUES ('U30', 'I Got U', 'Jax Jones', 'Yes', 2015, 'Dance/Electronica', 2014);
INSERT INTO Music (WorkID, Title, Artist, isSingle, EligibilityYear, Genre, ReleaseYear) VALUES ('U31', 'Faded', 'Zhu', 'Yes', 2015, 'Dance/Electronica', 2014);
INSERT INTO Music (WorkID, Title, Artist, isSingle, EligibilityYear, Genre, ReleaseYear) VALUES ('U32', 'Syro', 'Aphex Twin', 'No', 2015, 'Dance/Electronica', 2014);
INSERT INTO Music (WorkID, Title, Artist, isSingle, EligibilityYear, Genre, ReleaseYear) VALUES ('U33', 'while(1<2)', 'deadmau5', 'No', 2015, 'Dance/Electronica', 2014);
INSERT INTO Music (WorkID, Title, Artist, isSingle, EligibilityYear, Genre, ReleaseYear) VALUES ('U34', 'Nabuma Rubberband', 'Little Dragon', 'No', 2015, 'Dance/Electronica', 2014);
INSERT INTO Music (WorkID, Title, Artist, isSingle, EligibilityYear, Genre, ReleaseYear) VALUES ('U35', 'Do It Again', 'Royksopp', 'No', 2015, 'Dance/Electronica', 2014);
INSERT INTO Music (WorkID, Title, Artist, isSingle, EligibilityYear, Genre, ReleaseYear) VALUES ('U35', 'Do It Again', 'Robyn', 'No', 2015, 'Dance/Electronica', 2014);
INSERT INTO Music (WorkID, Title, Artist, isSingle, EligibilityYear, Genre, ReleaseYear) VALUES ('U36', 'Damage Control', 'Mat Zo', 'No', 2015, 'Dance/Electronica', 2014);
INSERT INTO Music (WorkID, Title, Artist, isSingle, EligibilityYear, Genre, ReleaseYear) VALUES ('U37', 'Bass & Mandolin', 'Chris Thile', 'No', 2015, 'Contemporary Instrumental', 2014);
INSERT INTO Music (WorkID, Title, Artist, isSingle, EligibilityYear, Genre, ReleaseYear) VALUES ('U37', 'Bass & Mandolin', 'Edgar Meyer', 'No', 2015, 'Contemporary Instrumental', 2014);
INSERT INTO Music (WorkID, Title, Artist, isSingle, EligibilityYear, Genre, ReleaseYear) VALUES ('U38', 'Wild Heart', 'Mindi Abair', 'No', 2015, 'Contemporary Instrumental', 2014);
INSERT INTO Music (WorkID, Title, Artist, isSingle, EligibilityYear, Genre, ReleaseYear) VALUES ('U39', 'Slam Dunk', 'Gerald Albright', 'No', 2015, 'Contemporary Instrumental', 2014);
INSERT INTO Music (WorkID, Title, Artist, isSingle, EligibilityYear, Genre, ReleaseYear) VALUES ('U40', 'Nathan East', 'Nathan East', 'No', 2015, 'Contemporary Instrumental', 2014);
INSERT INTO Music (WorkID, Title, Artist, isSingle, EligibilityYear, Genre, ReleaseYear) VALUES ('U41', 'Jazz Funk Soul', 'Jeff Lorber', 'No', 2015, 'Contemporary Instrumental', 2014);
INSERT INTO Music (WorkID, Title, Artist, isSingle, EligibilityYear, Genre, ReleaseYear) VALUES ('U41', 'Jazz Funk Soul', 'Chuck Loeb', 'No', 2015, 'Contemporary Instrumental', 2014);
INSERT INTO Music (WorkID, Title, Artist, isSingle, EligibilityYear, Genre, ReleaseYear) VALUES ('U41', 'Jazz Funk Soul', 'Everette Harp', 'No', 2015, 'Contemporary Instrumental', 2014);
INSERT INTO Music (WorkID, Title, Artist, isSingle, EligibilityYear, Genre, ReleaseYear) VALUES ('U42', 'Lazaretto', 'Jack White', 'Yes', 2015, 'Rock & Alternative', 2014);
INSERT INTO Music (WorkID, Title, Artist, isSingle, EligibilityYear, Genre, ReleaseYear) VALUES ('U43', 'Gimme Something Good', 'Ryan Adams', 'Yes', 2015, 'Rock', 2014);
INSERT INTO Music (WorkID, Title, Artist, isSingle, EligibilityYear, Genre, ReleaseYear) VALUES ('U44', 'Do I Wanna Know?', 'Arctic Monkeys', 'Yes', 2015, 'Rock', 2014);
INSERT INTO Music (WorkID, Title, Artist, isSingle, EligibilityYear, Genre, ReleaseYear) VALUES ('U45', 'Blue Moon', 'Beck', 'Yes', 2015, 'Rock', 2014);
INSERT INTO Music (WorkID, Title, Artist, isSingle, EligibilityYear, Genre, ReleaseYear) VALUES ('U46', 'Fever', 'The Black Keys', 'Yes', 2015, 'Rock', 2014);
INSERT INTO Music (WorkID, Title, Artist, isSingle, EligibilityYear, Genre, ReleaseYear) VALUES ('U47', 'The Last in Line', 'Tenacious D', 'Yes', 2015, 'Rock', 2014);
INSERT INTO Music (WorkID, Title, Artist, isSingle, EligibilityYear, Genre, ReleaseYear) VALUES ('U48', 'Neon Knights', 'Anthrax', 'Yes', 2015, 'Rock', 2014);
INSERT INTO Music (WorkID, Title, Artist, isSingle, EligibilityYear, Genre, ReleaseYear) VALUES ('U49', 'High Road', 'Mastodon', 'Yes', 2015, 'Rock', 2014);
INSERT INTO Music (WorkID, Title, Artist, isSingle, EligibilityYear, Genre, ReleaseYear) VALUES ('U50', 'Heartbreaker', 'Motorhead', 'Yes', 2015, 'Rock', 2014);
INSERT INTO Music (WorkID, Title, Artist, isSingle, EligibilityYear, Genre, ReleaseYear) VALUES ('U51', 'The Negative One', 'Slipknot', 'Yes', 2015, 'Rock', 2014);
INSERT INTO Music (WorkID, Title, Artist, isSingle, EligibilityYear, Genre, ReleaseYear) VALUES ('U52', 'Ain''t It Fun', 'Paramore', 'Yes', 2015, 'Rock', 2014);
INSERT INTO Music (WorkID, Title, Artist, isSingle, EligibilityYear, Genre, ReleaseYear) VALUES ('U53', 'Fever', 'The Black Keys', 'Yes', 2015, 'Rock', 2014);
INSERT INTO Music (WorkID, Title, Artist, isSingle, EligibilityYear, Genre, ReleaseYear) VALUES ('U54', 'Ryan Adams', 'Ryan Adams', 'No', 2015, 'Rock', 2014);
INSERT INTO Music (WorkID, Title, Artist, isSingle, EligibilityYear, Genre, ReleaseYear) VALUES ('U55', 'Turn Blue', 'The Black Keys', 'No', 2015, 'Rock', 2014);
INSERT INTO Music (WorkID, Title, Artist, isSingle, EligibilityYear, Genre, ReleaseYear) VALUES ('U56', 'Hypnotic Eye', 'Tom Petty', 'No', 2015, 'Rock', 2014);
INSERT INTO Music (WorkID, Title, Artist, isSingle, EligibilityYear, Genre, ReleaseYear) VALUES ('U56', 'Hypnotic Eye', 'The Heartbreakers', 'No', 2015, 'Rock', 2014);
INSERT INTO Music (WorkID, Title, Artist, isSingle, EligibilityYear, Genre, ReleaseYear) VALUES ('U57', 'Songs of Innocence', 'U2', 'No', 2015, 'Rock', 2014);
INSERT INTO Music (WorkID, Title, Artist, isSingle, EligibilityYear, Genre, ReleaseYear) VALUES ('U58', 'St. Vincent', 'St. Vincent', 'No', 2015, 'Alternative', 2014);
INSERT INTO Music (WorkID, Title, Artist, isSingle, EligibilityYear, Genre, ReleaseYear) VALUES ('U59', 'This Is All Yours', 'alt-J', 'No', 2015, 'Alternative', 2014);
INSERT INTO Music (WorkID, Title, Artist, isSingle, EligibilityYear, Genre, ReleaseYear) VALUES ('U60', 'Reflektor', 'Arcade Fire', 'No', 2015, 'Alternative', 2014);
INSERT INTO Music (WorkID, Title, Artist, isSingle, EligibilityYear, Genre, ReleaseYear) VALUES ('U61', 'Melophobia', 'Cage the Elephant', 'No', 2015, 'Alternative', 2014);
INSERT INTO Music (WorkID, Title, Artist, isSingle, EligibilityYear, Genre, ReleaseYear) VALUES ('U62', 'Drunk in Love', 'Beyonce', 'Yes', 2015, 'R&B', 2014);
INSERT INTO Music (WorkID, Title, Artist, isSingle, EligibilityYear, Genre, ReleaseYear) VALUES ('U62', 'Drunk in Love', 'Jay Z', 'Yes', 2015, 'R&B', 2014);
INSERT INTO Music (WorkID, Title, Artist, isSingle, EligibilityYear, Genre, ReleaseYear) VALUES ('U63', 'Good Kisser', 'Usher', 'Yes', 2015, 'R&B', 2014);
INSERT INTO Music (WorkID, Title, Artist, isSingle, EligibilityYear, Genre, ReleaseYear) VALUES ('U64', 'New Flame', 'Chris Brown', 'Yes', 2015, 'R&B', 2014);
INSERT INTO Music (WorkID, Title, Artist, isSingle, EligibilityYear, Genre, ReleaseYear) VALUES ('U64', 'New Flame', 'Usher', 'Yes', 2015, 'R&B', 2014);
INSERT INTO Music (WorkID, Title, Artist, isSingle, EligibilityYear, Genre, ReleaseYear) VALUES ('U64', 'New Flame', 'Rick Ross', 'Yes', 2015, 'R&B', 2014);
INSERT INTO Music (WorkID, Title, Artist, isSingle, EligibilityYear, Genre, ReleaseYear) VALUES ('U65', 'Options', 'Luke James', 'Yes', 2015, 'R&B', 2014);
INSERT INTO Music (WorkID, Title, Artist, isSingle, EligibilityYear, Genre, ReleaseYear) VALUES ('U66', 'The Worst', 'Jhene Aiko', 'Yes', 2015, 'R&B', 2014);
INSERT INTO Music (WorkID, Title, Artist, isSingle, EligibilityYear, Genre, ReleaseYear) VALUES ('U67', 'Sail Out', 'Jhene Aiko', 'No', 2015, 'R&B', 2014);
INSERT INTO Music (WorkID, Title, Artist, isSingle, EligibilityYear, Genre, ReleaseYear) VALUES ('U68', 'Mali is...', 'Mali Music', 'No', 2015, 'R&B', 2014);
INSERT INTO Music (WorkID, Title, Artist, isSingle, EligibilityYear, Genre, ReleaseYear) VALUES ('U69', 'Love, Marriage & Divorce', 'Toni Braxton', 'No', 2015, 'R&B', 2014);
INSERT INTO Music (WorkID, Title, Artist, isSingle, EligibilityYear, Genre, ReleaseYear) VALUES ('U69', 'Love, Marriage & Divorce', 'Babyface', 'No', 2015, 'R&B', 2014);
INSERT INTO Music (WorkID, Title, Artist, isSingle, EligibilityYear, Genre, ReleaseYear) VALUES ('U70', 'Islander', 'Bernhoft', 'No', 2015, 'R&B', 2014);
INSERT INTO Music (WorkID, Title, Artist, isSingle, EligibilityYear, Genre, ReleaseYear) VALUES ('U71', 'Lift Your Spirit', 'Aloe Blacc', 'No', 2015, 'R&B', 2014);
INSERT INTO Music (WorkID, Title, Artist, isSingle, EligibilityYear, Genre, ReleaseYear) VALUES ('U72', 'Black Radio 2', 'Robert Glasper Experiment', 'No', 2015, 'R&B', 2014);
INSERT INTO Music (WorkID, Title, Artist, isSingle, EligibilityYear, Genre, ReleaseYear) VALUES ('U73', 'Give The People What They Want', 'Sharon Jones', 'No', 2015, 'R&B', 2014);
INSERT INTO Music (WorkID, Title, Artist, isSingle, EligibilityYear, Genre, ReleaseYear) VALUES ('U73', 'Give The People What They Want', 'The Dap-Kings', 'No', 2015, 'R&B', 2014);
INSERT INTO Music (WorkID, Title, Artist, isSingle, EligibilityYear, Genre, ReleaseYear) VALUES ('U74', 'i', 'Kendrick Lamar', 'Yes', 2015, 'Rap', 2014);
INSERT INTO Music (WorkID, Title, Artist, isSingle, EligibilityYear, Genre, ReleaseYear) VALUES ('U75', 'Anaconda', 'Nicki Minaj', 'Yes', 2015, 'Rap', 2014);
INSERT INTO Music (WorkID, Title, Artist, isSingle, EligibilityYear, Genre, ReleaseYear) VALUES ('U76', 'Bound 2', 'Kanye West', 'Yes', 2015, 'Rap', 2014);
INSERT INTO Music (WorkID, Title, Artist, isSingle, EligibilityYear, Genre, ReleaseYear) VALUES ('U76', 'Bound 2', 'Charlie Wilson', 'Yes', 2015, 'Rap', 2014);
INSERT INTO Music (WorkID, Title, Artist, isSingle, EligibilityYear, Genre, ReleaseYear) VALUES ('U77', 'We Dem Boyz', 'Wiz Khalifa', 'Yes', 2015, 'Rap', 2014);
INSERT INTO Music (WorkID, Title, Artist, isSingle, EligibilityYear, Genre, ReleaseYear) VALUES ('U78', '0 to 100 / The Catch Up', 'Drake', 'Yes', 2015, 'Rap', 2014);
INSERT INTO Music (WorkID, Title, Artist, isSingle, EligibilityYear, Genre, ReleaseYear) VALUES ('U79', 'The MArshall Mathers LP 2', 'Eminem', 'No', 2015, 'Rap', 2014);
INSERT INTO Music (WorkID, Title, Artist, isSingle, EligibilityYear, Genre, ReleaseYear) VALUES ('U80', 'The New Classic', 'Iggy Azalea ', 'No', 2015, 'Rap', 2014);
INSERT INTO Music (WorkID, Title, Artist, isSingle, EligibilityYear, Genre, ReleaseYear) VALUES ('U81', 'Because the Internet', 'Childish Gambino', 'No', 2015, 'Rap', 2014);
INSERT INTO Music (WorkID, Title, Artist, isSingle, EligibilityYear, Genre, ReleaseYear) VALUES ('U82', 'Nobody''s Smiling', 'Common', 'No', 2015, 'Rap', 2014);
INSERT INTO Music (WorkID, Title, Artist, isSingle, EligibilityYear, Genre, ReleaseYear) VALUES ('U83', 'Oxymoron', 'ScHoolboy Q', 'No', 2015, 'Rap', 2014);
INSERT INTO Music (WorkID, Title, Artist, isSingle, EligibilityYear, Genre, ReleaseYear) VALUES ('U84', 'Blacc Hollywood', 'Wiz Khalifa', 'No', 2015, 'Rap', 2014);
INSERT INTO Music (WorkID, Title, Artist, isSingle, EligibilityYear, Genre, ReleaseYear) VALUES ('U85', 'I''m Not Gonna Miss You', 'Glen Campbell', 'Yes', 2015, 'Country', 2014);
INSERT INTO Music (WorkID, Title, Artist, isSingle, EligibilityYear, Genre, ReleaseYear) VALUES ('U86', 'American Kids', 'Kenny Chesney', 'Yes', 2015, 'Country', 2014);
INSERT INTO Music (WorkID, Title, Artist, isSingle, EligibilityYear, Genre, ReleaseYear) VALUES ('U87', 'Automatic', 'Miranda Lambert', 'Yes', 2015, 'Country', 2014);
INSERT INTO Music (WorkID, Title, Artist, isSingle, EligibilityYear, Genre, ReleaseYear) VALUES ('U88', 'Give Me Back My Hometown', 'Eric Church', 'Yes', 2015, 'Country', 2014);
INSERT INTO Music (WorkID, Title, Artist, isSingle, EligibilityYear, Genre, ReleaseYear) VALUES ('U89', 'Meanwhile Back at Mama''s', 'Tim McGraw', 'Yes', 2015, 'Country', 2014);
INSERT INTO Music (WorkID, Title, Artist, isSingle, EligibilityYear, Genre, ReleaseYear) VALUES ('U89', 'Meanwhile Back at Mama''s', 'Faith Hill', 'Yes', 2015, 'Country', 2014);
INSERT INTO Music (WorkID, Title, Artist, isSingle, EligibilityYear, Genre, ReleaseYear) VALUES ('U90', 'Platinum', 'Miranda Lambert', 'No', 2015, 'Country', 2014);
INSERT INTO Music (WorkID, Title, Artist, isSingle, EligibilityYear, Genre, ReleaseYear) VALUES ('U91', 'Riser', 'Dierks Bentley', 'No', 2015, 'Country', 2014);
INSERT INTO Music (WorkID, Title, Artist, isSingle, EligibilityYear, Genre, ReleaseYear) VALUES ('U92', 'The Outsiders', 'Eric Church', 'No', 2015, 'Country', 2014);
INSERT INTO Music (WorkID, Title, Artist, isSingle, EligibilityYear, Genre, ReleaseYear) VALUES ('U93', '12 Stories', 'Brandy Clark', 'No', 2015, 'Country', 2014);
INSERT INTO Music (WorkID, Title, Artist, isSingle, EligibilityYear, Genre, ReleaseYear) VALUES ('U94', 'The Way I''m Livin''', 'Lee Ann Womack', 'No', 2015, 'Country', 2014);
CREATE TABLE People(Name VARCHAR(200), PlaceOrigin VARCHAR(100) NULL, Occupation VARCHAR(100) NULL, Gender VARCHAR(50) NULL, Birthdate DATETIME NULL);
INSERT INTO People (Name, PlaceOrigin, Occupation, Gender, Birthdate) VALUES ('Alejandro G. Inarritu', 'Mexico', 'Director', 'Male', STR_TO_DATE('8/15/1963', '%m/%d/%Y'));
INSERT INTO People (Name, PlaceOrigin, Occupation, Gender, Birthdate) VALUES ('John Lesher', 'America', 'Producer', 'Male', STR_TO_DATE('5/12/1966', '%m/%d/%Y'));
INSERT INTO People (Name, PlaceOrigin, Occupation, Gender, Birthdate) VALUES ('James W. Skotchdopole', 'America', 'Producer', 'Male', 'Unknown');
INSERT INTO People (Name, PlaceOrigin, Occupation, Gender, Birthdate) VALUES ('Sam Smith', 'England', 'Musician', 'Male', STR_TO_DATE('5/19/1992', '%m/%d/%Y'));
INSERT INTO People (Name, PlaceOrigin, Occupation, Gender, Birthdate) VALUES ('Iggy Azalea', 'Australia', 'Musician', 'Female', STR_TO_DATE('6/7/1990', '%m/%d/%Y'));
INSERT INTO People (Name, PlaceOrigin, Occupation, Gender, Birthdate) VALUES ('Charli XCX', 'England', 'Musician', 'Female', STR_TO_DATE('8/2/1992', '%m/%d/%Y'));
INSERT INTO People (Name, PlaceOrigin, Occupation, Gender, Birthdate) VALUES ('Sia', 'Australia', 'Musician', 'Female', STR_TO_DATE('12/18/1975', '%m/%d/%Y'));
INSERT INTO People (Name, PlaceOrigin, Occupation, Gender, Birthdate) VALUES ('Taylor Swift', 'America', 'Musician', 'Female', STR_TO_DATE('12/13/1989', '%m/%d/%Y'));
INSERT INTO People (Name, PlaceOrigin, Occupation, Gender, Birthdate) VALUES ('Meghan Trainor', 'America', 'Musician', 'Female', STR_TO_DATE('12/22/1993', '%m/%d/%Y'));
INSERT INTO People (Name, PlaceOrigin, Occupation, Gender, Birthdate) VALUES ('Beck', 'America', 'Musician', 'Male', STR_TO_DATE('7/8/1970', '%m/%d/%Y'));
INSERT INTO People (Name, PlaceOrigin, Occupation, Gender, Birthdate) VALUES ('Beyonce', 'America', 'Musician', 'Female', STR_TO_DATE('9/4/1981', '%m/%d/%Y'));
INSERT INTO People (Name, PlaceOrigin, Occupation, Gender, Birthdate) VALUES ('Ed Sheeran', 'England', 'Musician', 'Male', STR_TO_DATE('2/17/1991', '%m/%d/%Y'));
INSERT INTO People (Name, PlaceOrigin, Occupation, Gender, Birthdate) VALUES ('Pharrell Williams', 'America', 'Musician', 'Male', STR_TO_DATE('4/5/1973', '%m/%d/%Y'));
INSERT INTO People (Name, PlaceOrigin, Occupation, Gender, Birthdate) VALUES ('Andrew Hozier-Byrne', 'Ireland', 'Musician', 'Male', STR_TO_DATE('3/17/1990', '%m/%d/%Y'));
INSERT INTO People (Name, PlaceOrigin, Occupation, Gender, Birthdate) VALUES ('John Legend', 'America', 'Musician', 'Male', STR_TO_DATE('12/28/1978', '%m/%d/%Y'));
INSERT INTO People (Name, PlaceOrigin, Occupation, Gender, Birthdate) VALUES ('A Great Big World', 'America', 'Musical Group', NULL, NULL);
INSERT INTO People (Name, PlaceOrigin, Occupation, Gender, Birthdate) VALUES ('Christina Aguilera', 'America', 'Musician', 'Female', STR_TO_DATE('12/18/1980', '%m/%d/%Y'));
INSERT INTO People (Name, PlaceOrigin, Occupation, Gender, Birthdate) VALUES ('Coldplay', 'Britain', 'Musical Group', NULL, NULL);
INSERT INTO People (Name, PlaceOrigin, Occupation, Gender, Birthdate) VALUES ('Jessie J', 'England', 'Musician', 'Female', STR_TO_DATE('3/27/1988', '%m/%d/%Y'));
INSERT INTO People (Name, PlaceOrigin, Occupation, Gender, Birthdate) VALUES ('Katy Perry', 'America', 'Musician', 'Female', STR_TO_DATE('10/25/1984', '%m/%d/%Y'));
INSERT INTO People (Name, PlaceOrigin, Occupation, Gender, Birthdate) VALUES ('Juicy J', 'America', 'Musician', 'Male', STR_TO_DATE('4/5/1975', '%m/%d/%Y'));
INSERT INTO People (Name, PlaceOrigin, Occupation, Gender, Birthdate) VALUES ('Miley Cyrus', 'America', 'Musician', 'Female', STR_TO_DATE('11/23/1992', '%m/%d/%Y'));
INSERT INTO People (Name, PlaceOrigin, Occupation, Gender, Birthdate) VALUES ('Ariana Grande', 'America', 'Musician', 'Female', STR_TO_DATE('6/26/1993', '%m/%d/%Y'));
INSERT INTO People (Name, PlaceOrigin, Occupation, Gender, Birthdate) VALUES ('Tony Bennett', 'America', 'Musician', 'Male', STR_TO_DATE('8/3/1926', '%m/%d/%Y'));
INSERT INTO People (Name, PlaceOrigin, Occupation, Gender, Birthdate) VALUES ('Lady Gaga', 'America', 'Musician', 'Female', STR_TO_DATE('3/28/1986', '%m/%d/%Y'));
INSERT INTO People (Name, PlaceOrigin, Occupation, Gender, Birthdate) VALUES ('Annie Lennox', 'Scotland', 'Musician', 'Female', STR_TO_DATE('12/25/1954', '%m/%d/%Y'));
INSERT INTO People (Name, PlaceOrigin, Occupation, Gender, Birthdate) VALUES ('Barry Manilow', 'America', 'Musician', 'Male', STR_TO_DATE('6/17/1943', '%m/%d/%Y'));
INSERT INTO People (Name, PlaceOrigin, Occupation, Gender, Birthdate) VALUES ('Johnny Mathis', 'America', 'Musician', 'Male', STR_TO_DATE('9/30/1935', '%m/%d/%Y'));
INSERT INTO People (Name, PlaceOrigin, Occupation, Gender, Birthdate) VALUES ('Barbra Streisand', 'America', 'Musician', 'Female', STR_TO_DATE('4/24/1942', '%m/%d/%Y'));
INSERT INTO People (Name, PlaceOrigin, Occupation, Gender, Birthdate) VALUES ('Clean Bandit', 'England', 'Musical Group', NULL, NULL);
INSERT INTO People (Name, PlaceOrigin, Occupation, Gender, Birthdate) VALUES ('Jess Glynne', 'Britain', 'Musician', 'Female', STR_TO_DATE('10/20/1989', '%m/%d/%Y'));
INSERT INTO People (Name, PlaceOrigin, Occupation, Gender, Birthdate) VALUES ('Basement Jaxx', 'England', 'Musical Group', NULL, NULL);
INSERT INTO People (Name, PlaceOrigin, Occupation, Gender, Birthdate) VALUES ('ETML', NULL, NULL, NULL, NULL);
INSERT INTO People (Name, PlaceOrigin, Occupation, Gender, Birthdate) VALUES ('Disclosure', 'England', 'Musical Group', NULL, NULL);
INSERT INTO People (Name, PlaceOrigin, Occupation, Gender, Birthdate) VALUES ('Mary J. Blige', 'America', 'Musician', 'Female', STR_TO_DATE('1/11/1971', '%m/%d/%Y'));
INSERT INTO People (Name, PlaceOrigin, Occupation, Gender, Birthdate) VALUES ('Duke Dumont', 'Britain', 'Musician', 'Male', STR_TO_DATE('8/27/1982', '%m/%d/%Y'));
INSERT INTO People (Name, PlaceOrigin, Occupation, Gender, Birthdate) VALUES ('Jax Jones', 'Britain', 'Musician', 'Male', 'Unknown');
INSERT INTO People (Name, PlaceOrigin, Occupation, Gender, Birthdate) VALUES ('Zhu', NULL, 'Musician', 'Male', 1989);
INSERT INTO People (Name, PlaceOrigin, Occupation, Gender, Birthdate) VALUES ('Aphex Twin', 'Ireland', 'Musician', 'Male', STR_TO_DATE('8/18/1971', '%m/%d/%Y'));
INSERT INTO People (Name, PlaceOrigin, Occupation, Gender, Birthdate) VALUES ('deadmau5', 'Canada', 'Musician', 'Male', STR_TO_DATE('1/5/1981', '%m/%d/%Y'));
INSERT INTO People (Name, PlaceOrigin, Occupation, Gender, Birthdate) VALUES ('Little Dragon', 'Sweden', 'Musical Group', NULL, NULL);
INSERT INTO People (Name, PlaceOrigin, Occupation, Gender, Birthdate) VALUES ('Royksopp', 'Norway', 'Musical Group', NULL, NULL);
INSERT INTO People (Name, PlaceOrigin, Occupation, Gender, Birthdate) VALUES ('Robyn', 'Sweden', 'Musician', 'Female', STR_TO_DATE('6/12/1979', '%m/%d/%Y'));
INSERT INTO People (Name, PlaceOrigin, Occupation, Gender, Birthdate) VALUES ('Mat Zo', 'England', 'Musician', 'Male', STR_TO_DATE('4/30/1990', '%m/%d/%Y'));
INSERT INTO People (Name, PlaceOrigin, Occupation, Gender, Birthdate) VALUES ('Chris Thile', 'America', 'Musician', 'Male', STR_TO_DATE('2/20/1981', '%m/%d/%Y'));
INSERT INTO People (Name, PlaceOrigin, Occupation, Gender, Birthdate) VALUES ('Edgar Meyer', 'America', 'Musician', 'Male', STR_TO_DATE('11/24/1960', '%m/%d/%Y'));
INSERT INTO People (Name, PlaceOrigin, Occupation, Gender, Birthdate) VALUES ('Mindi Abair', 'America', 'Musician', 'Female', STR_TO_DATE('5/23/1969', '%m/%d/%Y'));
INSERT INTO People (Name, PlaceOrigin, Occupation, Gender, Birthdate) VALUES ('Gerald Albright', 'America', 'Musician', 'Male', STR_TO_DATE('8/30/1957', '%m/%d/%Y'));
INSERT INTO People (Name, PlaceOrigin, Occupation, Gender, Birthdate) VALUES ('Nathan East', 'America', 'Musician', 'Male', STR_TO_DATE('12/8/1955', '%m/%d/%Y'));
INSERT INTO People (Name, PlaceOrigin, Occupation, Gender, Birthdate) VALUES ('Jeff Lorber', 'America', 'Musician', 'Male', STR_TO_DATE('11/4/1952', '%m/%d/%Y'));
INSERT INTO People (Name, PlaceOrigin, Occupation, Gender, Birthdate) VALUES ('Chuck Loeb', 'America', 'Musician', 'Male', STR_TO_DATE('12/7/1955', '%m/%d/%Y'));
INSERT INTO People (Name, PlaceOrigin, Occupation, Gender, Birthdate) VALUES ('Everette Harp', 'America', 'Musician', 'Male', STR_TO_DATE('8/17/1961', '%m/%d/%Y'));
INSERT INTO People (Name, PlaceOrigin, Occupation, Gender, Birthdate) VALUES ('Jack White', 'America', 'Musician', 'Male', STR_TO_DATE('7/9/1975', '%m/%d/%Y'));
INSERT INTO People (Name, PlaceOrigin, Occupation, Gender, Birthdate) VALUES ('Ryan Adams', 'America', 'Musician', 'Male', STR_TO_DATE('11/5/1974', '%m/%d/%Y'));
INSERT INTO People (Name, PlaceOrigin, Occupation, Gender, Birthdate) VALUES ('Arctic Monkeys', 'England', 'Musical Group', NULL, NULL);
INSERT INTO People (Name, PlaceOrigin, Occupation, Gender, Birthdate) VALUES ('The Black Keys', 'America', 'Musical Group', NULL, NULL);
INSERT INTO People (Name, PlaceOrigin, Occupation, Gender, Birthdate) VALUES ('Tenacious D', 'America', 'Musical Group', NULL, NULL);
INSERT INTO People (Name, PlaceOrigin, Occupation, Gender, Birthdate) VALUES ('Anthrax', 'America', 'Musical Group', NULL, NULL);
INSERT INTO People (Name, PlaceOrigin, Occupation, Gender, Birthdate) VALUES ('Mastodon', 'America', 'Musical Group', NULL, NULL);
INSERT INTO People (Name, PlaceOrigin, Occupation, Gender, Birthdate) VALUES ('Motorhead', 'England', 'Musical Group', NULL, NULL);
INSERT INTO People (Name, PlaceOrigin, Occupation, Gender, Birthdate) VALUES ('Slipknot', 'America', 'Musical Group', NULL, NULL);
INSERT INTO People (Name, PlaceOrigin, Occupation, Gender, Birthdate) VALUES ('Paramore', 'America', 'Musical Group', NULL, NULL);
INSERT INTO People (Name, PlaceOrigin, Occupation, Gender, Birthdate) VALUES ('Tom Petty and the Heartbreakers', 'America', 'Musical Group', NULL, NULL);
INSERT INTO People (Name, PlaceOrigin, Occupation, Gender, Birthdate) VALUES ('U2', 'Ireland', 'Musical Group', NULL, NULL);
INSERT INTO People (Name, PlaceOrigin, Occupation, Gender, Birthdate) VALUES ('St. Vincent', 'America', 'Musician', 'Female', STR_TO_DATE('9/28/1982', '%m/%d/%Y'));
INSERT INTO People (Name, PlaceOrigin, Occupation, Gender, Birthdate) VALUES ('alt-J', 'England', 'Musical Group', NULL, NULL);
INSERT INTO People (Name, PlaceOrigin, Occupation, Gender, Birthdate) VALUES ('Arcade Fire', 'Canada', 'Musical Group', NULL, NULL);
INSERT INTO People (Name, PlaceOrigin, Occupation, Gender, Birthdate) VALUES ('Cage the Elephant', 'America', 'Musical Group', NULL, NULL);
INSERT INTO People (Name, PlaceOrigin, Occupation, Gender, Birthdate) VALUES ('Jay Z', 'America', 'Musician', 'Male', STR_TO_DATE('12/4/1969', '%m/%d/%Y'));
INSERT INTO People (Name, PlaceOrigin, Occupation, Gender, Birthdate) VALUES ('Usher', 'America', 'Musician', 'Male', STR_TO_DATE('10/14/1978', '%m/%d/%Y'));
INSERT INTO People (Name, PlaceOrigin, Occupation, Gender, Birthdate) VALUES ('Chris Brown', 'America', 'Musician', 'Male', STR_TO_DATE('5/5/1989', '%m/%d/%Y'));
INSERT INTO People (Name, PlaceOrigin, Occupation, Gender, Birthdate) VALUES ('Rick Ross', 'America', 'Musician', 'Male', STR_TO_DATE('1/28/1976', '%m/%d/%Y'));
INSERT INTO People (Name, PlaceOrigin, Occupation, Gender, Birthdate) VALUES ('Luke James', 'America', 'Musician', 'Male', 'Unknown');
INSERT INTO People (Name, PlaceOrigin, Occupation, Gender, Birthdate) VALUES ('Jhene Aiko', 'America', 'Musician', 'Female', STR_TO_DATE('3/16/1988', '%m/%d/%Y'));
INSERT INTO People (Name, PlaceOrigin, Occupation, Gender, Birthdate) VALUES ('Mali Music', 'America', 'Musician', 'Male', STR_TO_DATE('1/12/1988', '%m/%d/%Y'));
INSERT INTO People (Name, PlaceOrigin, Occupation, Gender, Birthdate) VALUES ('Toni Braxton', 'America', 'Musician', 'Female', STR_TO_DATE('10/7/1967', '%m/%d/%Y'));
INSERT INTO People (Name, PlaceOrigin, Occupation, Gender, Birthdate) VALUES ('Babyface', 'America', 'Musician', 'Male', STR_TO_DATE('4/10/1959', '%m/%d/%Y'));
INSERT INTO People (Name, PlaceOrigin, Occupation, Gender, Birthdate) VALUES ('Bernhoft', 'Norway', 'Musician', 'Male', STR_TO_DATE('6/21/1976', '%m/%d/%Y'));
INSERT INTO People (Name, PlaceOrigin, Occupation, Gender, Birthdate) VALUES ('Aloe Blacc', 'America', 'Musician', 'Male', STR_TO_DATE('1/7/1979', '%m/%d/%Y'));
INSERT INTO People (Name, PlaceOrigin, Occupation, Gender, Birthdate) VALUES ('Robert Glasper Experiment', 'America', 'Musician', 'Male', STR_TO_DATE('4/6/1978', '%m/%d/%Y'));
INSERT INTO People (Name, PlaceOrigin, Occupation, Gender, Birthdate) VALUES ('Sharon Jones', 'America', 'Musician', 'Female', STR_TO_DATE('5/4/1956', '%m/%d/%Y'));
INSERT INTO People (Name, PlaceOrigin, Occupation, Gender, Birthdate) VALUES ('The Dap-Kings', 'America', 'Musical Group', NULL, NULL);
INSERT INTO People (Name, PlaceOrigin, Occupation, Gender, Birthdate) VALUES ('Kendrick Lamar', 'America', 'Musician', 'Male', STR_TO_DATE('6/17/1987', '%m/%d/%Y'));
INSERT INTO People (Name, PlaceOrigin, Occupation, Gender, Birthdate) VALUES ('Nicki Minaj', 'America', 'Musician', 'Female', STR_TO_DATE('12/8/1982', '%m/%d/%Y'));
INSERT INTO People (Name, PlaceOrigin, Occupation, Gender, Birthdate) VALUES ('Kanye West', 'America', 'Musician', 'Male', STR_TO_DATE('6/8/1977', '%m/%d/%Y'));
INSERT INTO People (Name, PlaceOrigin, Occupation, Gender, Birthdate) VALUES ('Charlie Wilson', 'America', 'Musician', 'Male', STR_TO_DATE('1/29/1953', '%m/%d/%Y'));
INSERT INTO People (Name, PlaceOrigin, Occupation, Gender, Birthdate) VALUES ('Wiz Khalifa', 'America', 'Musician', 'Male', STR_TO_DATE('9/8/1987', '%m/%d/%Y'));
INSERT INTO People (Name, PlaceOrigin, Occupation, Gender, Birthdate) VALUES ('Drake', 'Canada', 'Musician', 'Male', STR_TO_DATE('10/24/1986', '%m/%d/%Y'));
INSERT INTO People (Name, PlaceOrigin, Occupation, Gender, Birthdate) VALUES ('Eminem', 'America', 'Musician', 'Male', STR_TO_DATE('10/17/1972', '%m/%d/%Y'));
INSERT INTO People (Name, PlaceOrigin, Occupation, Gender, Birthdate) VALUES ('Childish Gambino', 'America', 'Musician', 'Male', STR_TO_DATE('9/25/1983', '%m/%d/%Y'));
INSERT INTO People (Name, PlaceOrigin, Occupation, Gender, Birthdate) VALUES ('Common', 'America', 'Musician', 'Male', STR_TO_DATE('3/13/1972', '%m/%d/%Y'));
INSERT INTO People (Name, PlaceOrigin, Occupation, Gender, Birthdate) VALUES ('ScHoolboy Q', 'Germany', 'Musician', 'Male', STR_TO_DATE('10/26/1986', '%m/%d/%Y'));
INSERT INTO People (Name, PlaceOrigin, Occupation, Gender, Birthdate) VALUES ('Glen Campbell', 'America', 'Musician', 'Male', STR_TO_DATE('4/22/1936', '%m/%d/%Y'));
INSERT INTO People (Name, PlaceOrigin, Occupation, Gender, Birthdate) VALUES ('Kenny Chesney', 'America', 'Musician', 'Male', STR_TO_DATE('3/26/1968', '%m/%d/%Y'));
INSERT INTO People (Name, PlaceOrigin, Occupation, Gender, Birthdate) VALUES ('Miranda Lambert', 'America', 'Musician', 'Female', STR_TO_DATE('11/10/1983', '%m/%d/%Y'));
INSERT INTO People (Name, PlaceOrigin, Occupation, Gender, Birthdate) VALUES ('Eric Church', 'America', 'Musician', 'Male', STR_TO_DATE('5/3/1977', '%m/%d/%Y'));
INSERT INTO People (Name, PlaceOrigin, Occupation, Gender, Birthdate) VALUES ('Tim McGraw', 'America', 'Musician', 'Male', STR_TO_DATE('5/1/1967', '%m/%d/%Y'));
INSERT INTO People (Name, PlaceOrigin, Occupation, Gender, Birthdate) VALUES ('Faith Hill', 'America', 'Musician', 'Female', STR_TO_DATE('9/21/1967', '%m/%d/%Y'));
INSERT INTO People (Name, PlaceOrigin, Occupation, Gender, Birthdate) VALUES ('Dierks Bentley', 'America', 'Musician', 'Male', STR_TO_DATE('11/20/1975', '%m/%d/%Y'));
INSERT INTO People (Name, PlaceOrigin, Occupation, Gender, Birthdate) VALUES ('Brandy Clark', 'America', 'Musician', 'Female', 1977);
INSERT INTO People (Name, PlaceOrigin, Occupation, Gender, Birthdate) VALUES ('Lee Ann Womack', 'America', 'Musician', 'Female', STR_TO_DATE('8/19/1966', '%m/%d/%Y'));
INSERT INTO People (Name, PlaceOrigin, Occupation, Gender, Birthdate) VALUES ('Clint Eastwood', 'America', 'Actor', 'Male', STR_TO_DATE('5/31/1930', '%m/%d/%Y'));
INSERT INTO People (Name, PlaceOrigin, Occupation, Gender, Birthdate) VALUES ('Robert Lorenz', 'America', 'Producer', 'Male', NULL);
INSERT INTO People (Name, PlaceOrigin, Occupation, Gender, Birthdate) VALUES ('Andrew Lazar', 'America', 'Producer', 'Male', 1966);
INSERT INTO People (Name, PlaceOrigin, Occupation, Gender, Birthdate) VALUES ('Bradley Cooper', 'America', 'Actor', 'Male', STR_TO_DATE('1/5/1975', '%m/%d/%Y'));
INSERT INTO People (Name, PlaceOrigin, Occupation, Gender, Birthdate) VALUES ('Peter Morgan', 'America', 'Producer', 'Male', NULL);
INSERT INTO People (Name, PlaceOrigin, Occupation, Gender, Birthdate) VALUES ('Richard Linklater', 'America', 'Director', 'Male', STR_TO_DATE('7/30/1960', '%m/%d/%Y'));
INSERT INTO People (Name, PlaceOrigin, Occupation, Gender, Birthdate) VALUES ('Cathleen Sutherland', 'America', 'Producer', 'Female', NULL);
INSERT INTO People (Name, PlaceOrigin, Occupation, Gender, Birthdate) VALUES ('Wes Anderson', 'America', 'Director', 'Male', STR_TO_DATE('5/1/1969', '%m/%d/%Y'));
INSERT INTO People (Name, PlaceOrigin, Occupation, Gender, Birthdate) VALUES ('Scott Rudin', 'America', 'Producer', 'Male', STR_TO_DATE('7/14/1958', '%m/%d/%Y'));
INSERT INTO People (Name, PlaceOrigin, Occupation, Gender, Birthdate) VALUES ('Steven M. Rales', 'America', 'Producer', 'Male', 1951);
INSERT INTO People (Name, PlaceOrigin, Occupation, Gender, Birthdate) VALUES ('Jeremy Dawson', 'America', 'Producer', 'Male', NULL);
INSERT INTO People (Name, PlaceOrigin, Occupation, Gender, Birthdate) VALUES ('Nora Grossman', 'America', 'Producer', 'Female', NULL);
INSERT INTO People (Name, PlaceOrigin, Occupation, Gender, Birthdate) VALUES ('Ido Ostrowsky', 'America', 'Producer', 'Male', NULL);
INSERT INTO People (Name, PlaceOrigin, Occupation, Gender, Birthdate) VALUES ('Teddy Schwarzman', 'America', 'Producer', 'Male', STR_TO_DATE('5/29/1979', '%m/%d/%Y'));
INSERT INTO People (Name, PlaceOrigin, Occupation, Gender, Birthdate) VALUES ('Christian Colson', 'Britain', 'Producer', 'Male', STR_TO_DATE('9/15/1968', '%m/%d/%Y'));
INSERT INTO People (Name, PlaceOrigin, Occupation, Gender, Birthdate) VALUES ('Oprah Winfrey', 'America', 'Talk Show Host', 'Female', STR_TO_DATE('1/29/1954', '%m/%d/%Y'));
INSERT INTO People (Name, PlaceOrigin, Occupation, Gender, Birthdate) VALUES ('Dede Gardner', 'America', 'Producer', 'Female', NULL);
INSERT INTO People (Name, PlaceOrigin, Occupation, Gender, Birthdate) VALUES ('Jeremy Kleiner', 'America', 'Producer', 'Male', 1976);
INSERT INTO People (Name, PlaceOrigin, Occupation, Gender, Birthdate) VALUES ('Tim Bevan', 'Britain', 'Producer', 'Male', 1958);
INSERT INTO People (Name, PlaceOrigin, Occupation, Gender, Birthdate) VALUES ('Eric Fellner', 'Britain', 'Producer', 'Male', 1959);
INSERT INTO People (Name, PlaceOrigin, Occupation, Gender, Birthdate) VALUES ('Lisa Bruce', 'America', 'Producer', 'Female', NULL);
INSERT INTO People (Name, PlaceOrigin, Occupation, Gender, Birthdate) VALUES ('Anthony McCarten', 'New Zealand', 'Writer', 'Male', 1961);
INSERT INTO People (Name, PlaceOrigin, Occupation, Gender, Birthdate) VALUES ('Jason Blum', 'America', 'Producer', 'Male', STR_TO_DATE('1/20/1969', '%m/%d/%Y'));
INSERT INTO People (Name, PlaceOrigin, Occupation, Gender, Birthdate) VALUES ('Bennett Miller', 'America', 'Director', 'Male', STR_TO_DATE('1/30/1966', '%m/%d/%Y'));
INSERT INTO People (Name, PlaceOrigin, Occupation, Gender, Birthdate) VALUES ('Morten Tyldum', 'Norway', 'Director', 'Male', STR_TO_DATE('5/19/1967', '%m/%d/%Y'));
INSERT INTO People (Name, PlaceOrigin, Occupation, Gender, Birthdate) VALUES ('Eddie Redmayne', 'Britain', 'Actor', 'Male', STR_TO_DATE('1/6/1982', '%m/%d/%Y'));
INSERT INTO People (Name, PlaceOrigin, Occupation, Gender, Birthdate) VALUES ('Steve Carell', 'America', 'Actor', 'Male', STR_TO_DATE('8/16/1962', '%m/%d/%Y'));
INSERT INTO People (Name, PlaceOrigin, Occupation, Gender, Birthdate) VALUES ('Benedict Cumberbatch', 'Britain', 'Actor', 'Male', STR_TO_DATE('7/19/1976', '%m/%d/%Y'));
INSERT INTO People (Name, PlaceOrigin, Occupation, Gender, Birthdate) VALUES ('Michael Keaton', 'America', 'Actor', 'Male', STR_TO_DATE('9/5/1951', '%m/%d/%Y'));
INSERT INTO People (Name, PlaceOrigin, Occupation, Gender, Birthdate) VALUES ('Julianne Moore', 'America', 'Actor', 'Female', STR_TO_DATE('12/3/1960', '%m/%d/%Y'));
INSERT INTO People (Name, PlaceOrigin, Occupation, Gender, Birthdate) VALUES ('Marion Cotillard', 'France', 'Actor', 'Female', STR_TO_DATE('9/30/1975', '%m/%d/%Y'));
INSERT INTO People (Name, PlaceOrigin, Occupation, Gender, Birthdate) VALUES ('Felicity Jones', 'Britain', 'Actor', 'Female', STR_TO_DATE('10/17/1983', '%m/%d/%Y'));
INSERT INTO People (Name, PlaceOrigin, Occupation, Gender, Birthdate) VALUES ('Rosamund Pike', 'Britain', 'Actor', 'Female', STR_TO_DATE('1/27/1979', '%m/%d/%Y'));
INSERT INTO People (Name, PlaceOrigin, Occupation, Gender, Birthdate) VALUES ('Reese Witherspoon', 'America', 'Actor', 'Female', STR_TO_DATE('3/22/1976', '%m/%d/%Y'));
INSERT INTO People (Name, PlaceOrigin, Occupation, Gender, Birthdate) VALUES ('J.K. Simmons', 'America', 'Actor', 'Male', STR_TO_DATE('1/9/1955', '%m/%d/%Y'));
INSERT INTO People (Name, PlaceOrigin, Occupation, Gender, Birthdate) VALUES ('Robert Duvall', 'America', 'Actor', 'Male', STR_TO_DATE('1/5/1931', '%m/%d/%Y'));
INSERT INTO People (Name, PlaceOrigin, Occupation, Gender, Birthdate) VALUES ('Ethan Hawke', 'America', 'Actor', 'Male', STR_TO_DATE('11/6/1970', '%m/%d/%Y'));
INSERT INTO People (Name, PlaceOrigin, Occupation, Gender, Birthdate) VALUES ('Edward Norton', 'America', 'Actor', 'Male', STR_TO_DATE('8/18/1969', '%m/%d/%Y'));
INSERT INTO People (Name, PlaceOrigin, Occupation, Gender, Birthdate) VALUES ('Mark Ruffalo', 'America', 'Actor', 'Male', STR_TO_DATE('11/22/1967', '%m/%d/%Y'));
INSERT INTO People (Name, PlaceOrigin, Occupation, Gender, Birthdate) VALUES ('Patricia Arquette', 'America', 'Actor', 'Female', STR_TO_DATE('4/8/1968', '%m/%d/%Y'));
INSERT INTO People (Name, PlaceOrigin, Occupation, Gender, Birthdate) VALUES ('Laura Dern', 'America', 'Actor', 'Female', STR_TO_DATE('2/10/1967', '%m/%d/%Y'));
INSERT INTO People (Name, PlaceOrigin, Occupation, Gender, Birthdate) VALUES ('Keira Knightley', 'Britain', 'Actor', 'Female', STR_TO_DATE('3/26/1985', '%m/%d/%Y'));
INSERT INTO People (Name, PlaceOrigin, Occupation, Gender, Birthdate) VALUES ('Emma Stone', 'America', 'Actor', 'Female', STR_TO_DATE('11/6/1988', '%m/%d/%Y'));
INSERT INTO People (Name, PlaceOrigin, Occupation, Gender, Birthdate) VALUES ('Meryl Streep', 'America', 'Actor', 'Female', STR_TO_DATE('6/22/1949', '%m/%d/%Y'));
INSERT INTO People (Name, PlaceOrigin, Occupation, Gender, Birthdate) VALUES ('Nicolas Giacobone', 'Argentina', 'Writer', 'Male', NULL);
INSERT INTO People (Name, PlaceOrigin, Occupation, Gender, Birthdate) VALUES ('Alexander Dinelaris Jr.', NULL, 'Writer', 'Male', NULL);
INSERT INTO People (Name, PlaceOrigin, Occupation, Gender, Birthdate) VALUES ('Armando Bo Jr', 'Argentina', 'Writer', 'Male', NULL);
INSERT INTO People (Name, PlaceOrigin, Occupation, Gender, Birthdate) VALUES ('E. Max Frye', 'America', 'Writer', 'Male', 1956);
INSERT INTO People (Name, PlaceOrigin, Occupation, Gender, Birthdate) VALUES ('Dan Futterman', 'America', 'Writer', 'Male', 1967);
INSERT INTO People (Name, PlaceOrigin, Occupation, Gender, Birthdate) VALUES ('Hugo Guinness', 'Britain', 'Writer', 'Male', STR_TO_DATE('9/12/1959', '%m/%d/%Y'));
INSERT INTO People (Name, PlaceOrigin, Occupation, Gender, Birthdate) VALUES ('Dan Gilroy', 'America', 'Writer', 'Male', STR_TO_DATE('6/24/1959', '%m/%d/%Y'));
INSERT INTO People (Name, PlaceOrigin, Occupation, Gender, Birthdate) VALUES ('Graham Moore', 'America', 'Writer', 'Male', 1981);
INSERT INTO People (Name, PlaceOrigin, Occupation, Gender, Birthdate) VALUES ('Jason Hall', 'America', 'Writer', 'Male', 1972);
INSERT INTO People (Name, PlaceOrigin, Occupation, Gender, Birthdate) VALUES ('Paul Thomas Anderson', 'America', 'Writer', 'Male', STR_TO_DATE('6/26/1970', '%m/%d/%Y'));
INSERT INTO People (Name, PlaceOrigin, Occupation, Gender, Birthdate) VALUES ('Damnien Chazelle', 'America', 'Writer', 'Male', STR_TO_DATE('1/19/1985', '%m/%d/%Y'));
INSERT INTO People (Name, PlaceOrigin, Occupation, Gender, Birthdate) VALUES ('Don Hall', 'America', 'Director', 'Male', NULL);
INSERT INTO People (Name, PlaceOrigin, Occupation, Gender, Birthdate) VALUES ('Chris Williams', 'America', 'Director', 'Male', 1968);
INSERT INTO People (Name, PlaceOrigin, Occupation, Gender, Birthdate) VALUES ('Roy Conli', 'America', 'Producer', 'Male', NULL);
INSERT INTO People (Name, PlaceOrigin, Occupation, Gender, Birthdate) VALUES ('Anthony Stacchi', 'America', 'Animator', 'Male', NULL);
INSERT INTO People (Name, PlaceOrigin, Occupation, Gender, Birthdate) VALUES ('Graham Annable', 'America', 'Animator', 'Male', STR_TO_DATE('6/1/1970', '%m/%d/%Y'));
INSERT INTO People (Name, PlaceOrigin, Occupation, Gender, Birthdate) VALUES ('Travis Knight', 'America', 'Animator', 'Male', 1973);
INSERT INTO People (Name, PlaceOrigin, Occupation, Gender, Birthdate) VALUES ('Dean DeBlois', 'Canada', 'Director', 'Male', STR_TO_DATE('6/7/1970', '%m/%d/%Y'));
INSERT INTO People (Name, PlaceOrigin, Occupation, Gender, Birthdate) VALUES ('Bonnie Arnold', 'America', 'Producer', 'Female', 1955);
INSERT INTO People (Name, PlaceOrigin, Occupation, Gender, Birthdate) VALUES ('Tomm Moore', 'Ireland', 'Illustrator', 'Male', STR_TO_DATE('1/7/1977', '%m/%d/%Y'));
INSERT INTO People (Name, PlaceOrigin, Occupation, Gender, Birthdate) VALUES ('Isao Takahata', 'Japan', 'Director', 'Male', STR_TO_DATE('10/29/1935', '%m/%d/%Y'));
INSERT INTO People (Name, PlaceOrigin, Occupation, Gender, Birthdate) VALUES ('Pawel Pawlikowski', 'Poland', 'Fimmaker', 'Male', STR_TO_DATE('9/15/1957', '%m/%d/%Y'));
INSERT INTO People (Name, PlaceOrigin, Occupation, Gender, Birthdate) VALUES ('Andrey Zvyagintsev', 'Russia', 'Director', 'Male', STR_TO_DATE('2/6/1964', '%m/%d/%Y'));
INSERT INTO People (Name, PlaceOrigin, Occupation, Gender, Birthdate) VALUES ('Zaza Urushadze', 'Georgia', 'Director', 'Male', STR_TO_DATE('10/30/1965', '%m/%d/%Y'));
INSERT INTO People (Name, PlaceOrigin, Occupation, Gender, Birthdate) VALUES ('Abderrahmane Sissako', 'Mauritania', 'Director', 'Male', STR_TO_DATE('10/13/1961', '%m/%d/%Y'));
INSERT INTO People (Name, PlaceOrigin, Occupation, Gender, Birthdate) VALUES ('Damian Szifron', 'Argentina', 'Director', 'Male', STR_TO_DATE('7/9/1975', '%m/%d/%Y'));
INSERT INTO People (Name, PlaceOrigin, Occupation, Gender, Birthdate) VALUES ('Alexandre Desplat', 'France', 'Composer', 'Male', STR_TO_DATE('8/23/1961', '%m/%d/%Y'));
INSERT INTO People (Name, PlaceOrigin, Occupation, Gender, Birthdate) VALUES ('Hans Zimmer', 'Germany', 'Composer', 'Male', STR_TO_DATE('9/12/1957', '%m/%d/%Y'));
INSERT INTO People (Name, PlaceOrigin, Occupation, Gender, Birthdate) VALUES ('Gary Yershon', 'Britain', 'Composer', 'Male', STR_TO_DATE('11/2/1954', '%m/%d/%Y'));
INSERT INTO People (Name, PlaceOrigin, Occupation, Gender, Birthdate) VALUES ('Johann Johannsson', 'Iceland', 'Composer', 'Male', STR_TO_DATE('9/19/1969', '%m/%d/%Y'));
INSERT INTO People (Name, PlaceOrigin, Occupation, Gender, Birthdate) VALUES ('Common', 'America', 'Musician', 'Male', STR_TO_DATE('3/13/1972', '%m/%d/%Y'));
INSERT INTO People (Name, PlaceOrigin, Occupation, Gender, Birthdate) VALUES ('Shawn Patterson', 'America', 'Composer', 'Male', STR_TO_DATE('9/14/1965', '%m/%d/%Y'));
INSERT INTO People (Name, PlaceOrigin, Occupation, Gender, Birthdate) VALUES ('Diane Warren', 'America', 'Musician', 'Female', STR_TO_DATE('9/7/1956', '%m/%d/%Y'));
INSERT INTO People (Name, PlaceOrigin, Occupation, Gender, Birthdate) VALUES ('Glen Campbell', 'America', 'Musician', 'Male', STR_TO_DATE('4/22/1936', '%m/%d/%Y'));
INSERT INTO People (Name, PlaceOrigin, Occupation, Gender, Birthdate) VALUES ('Gregg Alexander', 'America', 'Musician', 'Male', STR_TO_DATE('5/4/1970', '%m/%d/%Y'));
INSERT INTO People (Name, PlaceOrigin, Occupation, Gender, Birthdate) VALUES ('Danielle Brisebois', 'America', 'Musician', 'Female', STR_TO_DATE('6/28/1969', '%m/%d/%Y'));
INSERT INTO People (Name, PlaceOrigin, Occupation, Gender, Birthdate) VALUES ('Bryan Cranston', 'America', 'Actor', 'Male', STR_TO_DATE('3/7/1956', '%m/%d/%Y'));
INSERT INTO People (Name, PlaceOrigin, Occupation, Gender, Birthdate) VALUES ('Samuel Barnett', 'Britain', 'Actor', 'Male', STR_TO_DATE('4/25/1980', '%m/%d/%Y'));
INSERT INTO People (Name, PlaceOrigin, Occupation, Gender, Birthdate) VALUES ('Chris O''Dowd', 'Ireland', 'Actor', 'Male', STR_TO_DATE('10/8/1979', '%m/%d/%Y'));
INSERT INTO People (Name, PlaceOrigin, Occupation, Gender, Birthdate) VALUES ('Mark Rylance', 'Britain', 'Actor', 'Male', STR_TO_DATE('1/18/1960', '%m/%d/%Y'));
INSERT INTO People (Name, PlaceOrigin, Occupation, Gender, Birthdate) VALUES ('Tony Shalhoub', 'America', 'Actor', 'Male', STR_TO_DATE('10/9/1953', '%m/%d/%Y'));
INSERT INTO People (Name, PlaceOrigin, Occupation, Gender, Birthdate) VALUES ('Audra McDonald', 'America', 'Actor', 'Female', STR_TO_DATE('7/3/1970', '%m/%d/%Y'));
INSERT INTO People (Name, PlaceOrigin, Occupation, Gender, Birthdate) VALUES ('Tyne Daly', 'America', 'Actor', 'Female', STR_TO_DATE('2/21/1946', '%m/%d/%Y'));
INSERT INTO People (Name, PlaceOrigin, Occupation, Gender, Birthdate) VALUES ('LaTanya Richardson', 'America', 'Actor', 'Female', STR_TO_DATE('10/21/1949', '%m/%d/%Y'));
INSERT INTO People (Name, PlaceOrigin, Occupation, Gender, Birthdate) VALUES ('Cherry Jones', 'America', 'Actor', 'Female', STR_TO_DATE('11/21/1956', '%m/%d/%Y'));
INSERT INTO People (Name, PlaceOrigin, Occupation, Gender, Birthdate) VALUES ('Estelle Parsons', 'America', 'Actor', 'Female', STR_TO_DATE('11/20/1927', '%m/%d/%Y'));
INSERT INTO People (Name, PlaceOrigin, Occupation, Gender, Birthdate) VALUES ('Neil Patrick Harris', 'America', 'Actor', 'Male', STR_TO_DATE('6/15/1973', '%m/%d/%Y'));
INSERT INTO People (Name, PlaceOrigin, Occupation, Gender, Birthdate) VALUES ('Ramin Karimloo', 'Canada', 'Actor', 'Male', STR_TO_DATE('9/19/1978', '%m/%d/%Y'));
INSERT INTO People (Name, PlaceOrigin, Occupation, Gender, Birthdate) VALUES ('Andy Karl', 'America', 'Actor', 'Male', NULL);
INSERT INTO People (Name, PlaceOrigin, Occupation, Gender, Birthdate) VALUES ('Jefferson Mays', 'America', 'Actor', 'Male', STR_TO_DATE('6/8/1965', '%m/%d/%Y'));
INSERT INTO People (Name, PlaceOrigin, Occupation, Gender, Birthdate) VALUES ('Bryce Pinkham', 'America', 'Actor', 'Male', NULL);
INSERT INTO People (Name, PlaceOrigin, Occupation, Gender, Birthdate) VALUES ('Jessie Mueller', 'America', 'Actor', 'Female', STR_TO_DATE('2/20/1983', '%m/%d/%Y'));
INSERT INTO People (Name, PlaceOrigin, Occupation, Gender, Birthdate) VALUES ('Mary Bridget Davies', 'America', 'Actor', 'Female', STR_TO_DATE('8/30/1978', '%m/%d/%Y'));
INSERT INTO People (Name, PlaceOrigin, Occupation, Gender, Birthdate) VALUES ('Sutton Foster', 'America', 'Actor', 'Female', STR_TO_DATE('3/18/1975', '%m/%d/%Y'));
INSERT INTO People (Name, PlaceOrigin, Occupation, Gender, Birthdate) VALUES ('Idina Menzel', 'America', 'Actor', 'Female', STR_TO_DATE('5/30/1971', '%m/%d/%Y'));
INSERT INTO People (Name, PlaceOrigin, Occupation, Gender, Birthdate) VALUES ('Kelli O''Hara', 'America', 'Actor', 'Female', STR_TO_DATE('4/16/1976', '%m/%d/%Y'));
INSERT INTO People (Name, PlaceOrigin, Occupation, Gender, Birthdate) VALUES ('Reed Birney', 'America', 'Actor', 'Male', STR_TO_DATE('9/11/1954', '%m/%d/%Y'));
INSERT INTO People (Name, PlaceOrigin, Occupation, Gender, Birthdate) VALUES ('Paul Chahidi', 'America', 'Actor', 'Male', NULL);
INSERT INTO People (Name, PlaceOrigin, Occupation, Gender, Birthdate) VALUES ('Stephen Fry', 'Britain', 'Actor', 'Male', STR_TO_DATE('8/24/1957', '%m/%d/%Y'));
INSERT INTO People (Name, PlaceOrigin, Occupation, Gender, Birthdate) VALUES ('Brian J. Smith', 'America', 'Actor', 'Male', STR_TO_DATE('10/12/1981', '%m/%d/%Y'));
INSERT INTO People (Name, PlaceOrigin, Occupation, Gender, Birthdate) VALUES ('Sophie Okonedo', 'Britain', 'Actor', 'Female', STR_TO_DATE('8/11/1968', '%m/%d/%Y'));
INSERT INTO People (Name, PlaceOrigin, Occupation, Gender, Birthdate) VALUES ('Sarah Greene', 'Ireland', 'Actor', 'Female', NULL);
INSERT INTO People (Name, PlaceOrigin, Occupation, Gender, Birthdate) VALUES ('Celia Keenan-Bolger', 'America', 'Actor', 'Female', STR_TO_DATE('1/26/1978', '%m/%d/%Y'));
INSERT INTO People (Name, PlaceOrigin, Occupation, Gender, Birthdate) VALUES ('Anika Noni Rose', 'America', 'Actor', 'Female', STR_TO_DATE('9/6/1972', '%m/%d/%Y'));
INSERT INTO People (Name, PlaceOrigin, Occupation, Gender, Birthdate) VALUES ('Mare Winningham', 'America', 'Actor', 'Female', STR_TO_DATE('5/16/1959', '%m/%d/%Y'));
INSERT INTO People (Name, PlaceOrigin, Occupation, Gender, Birthdate) VALUES ('James Monroe Iglehart', 'America', 'Actor', 'Male', STR_TO_DATE('9/4/1974', '%m/%d/%Y'));
INSERT INTO People (Name, PlaceOrigin, Occupation, Gender, Birthdate) VALUES ('Danny Burstein', 'America', 'Actor', 'Male', STR_TO_DATE('6/16/1964', '%m/%d/%Y'));
INSERT INTO People (Name, PlaceOrigin, Occupation, Gender, Birthdate) VALUES ('Nick Cordero', 'Canada', 'Actor', 'Male', NULL);
INSERT INTO People (Name, PlaceOrigin, Occupation, Gender, Birthdate) VALUES ('Joshua Henry', 'America', 'Actor', 'Male', STR_TO_DATE('9/2/1984', '%m/%d/%Y'));
INSERT INTO People (Name, PlaceOrigin, Occupation, Gender, Birthdate) VALUES ('Jarrod Spector', 'America', 'Actor', 'Male', 1981);
INSERT INTO People (Name, PlaceOrigin, Occupation, Gender, Birthdate) VALUES ('Lena Hall', 'America', 'Actor', 'Female', STR_TO_DATE('1/30/1980', '%m/%d/%Y'));
INSERT INTO People (Name, PlaceOrigin, Occupation, Gender, Birthdate) VALUES ('Linda Emond', 'America', 'Actor', 'Female', STR_TO_DATE('5/22/1959', '%m/%d/%Y'));
INSERT INTO People (Name, PlaceOrigin, Occupation, Gender, Birthdate) VALUES ('Anika Larsen', 'America', 'Actor', 'Female', STR_TO_DATE('12/19/1973', '%m/%d/%Y'));
INSERT INTO People (Name, PlaceOrigin, Occupation, Gender, Birthdate) VALUES ('Adriane Lenox', 'America', 'Actor', 'Female', STR_TO_DATE('9/11/1956', '%m/%d/%Y'));
INSERT INTO People (Name, PlaceOrigin, Occupation, Gender, Birthdate) VALUES ('Lauren Worsham', 'America', 'Actor', 'Female', STR_TO_DATE('4/4/1982', '%m/%d/%Y'));
INSERT INTO People (Name, PlaceOrigin, Occupation, Gender, Birthdate) VALUES ('Jim Parsons', 'America', 'Actor', 'Male', STR_TO_DATE('3/24/1973', '%m/%d/%Y'));
INSERT INTO People (Name, PlaceOrigin, Occupation, Gender, Birthdate) VALUES ('Louis C.K.', 'America', 'Comedian', 'Male', STR_TO_DATE('9/12/1967', '%m/%d/%Y'));
INSERT INTO People (Name, PlaceOrigin, Occupation, Gender, Birthdate) VALUES ('Don Cheadle', 'America', 'Actor', 'Male', STR_TO_DATE('11/29/1964', '%m/%d/%Y'));
INSERT INTO People (Name, PlaceOrigin, Occupation, Gender, Birthdate) VALUES ('Ricky Gervais', 'Britain', 'Comedian', 'Male', STR_TO_DATE('6/25/1961', '%m/%d/%Y'));
INSERT INTO People (Name, PlaceOrigin, Occupation, Gender, Birthdate) VALUES ('Matt LeBlanc', 'America', 'Actor', 'Male', STR_TO_DATE('7/25/1967', '%m/%d/%Y'));
INSERT INTO People (Name, PlaceOrigin, Occupation, Gender, Birthdate) VALUES ('William H. Macy', 'America', 'Actor', 'Male', STR_TO_DATE('3/13/1950', '%m/%d/%Y'));
INSERT INTO People (Name, PlaceOrigin, Occupation, Gender, Birthdate) VALUES ('Julia Louis-Dreyfus', 'America', 'Actor', 'Female', STR_TO_DATE('1/13/1961', '%m/%d/%Y'));
INSERT INTO People (Name, PlaceOrigin, Occupation, Gender, Birthdate) VALUES ('Lena Dunham', 'America', 'Actor', 'Female', STR_TO_DATE('5/13/1986', '%m/%d/%Y'));
INSERT INTO People (Name, PlaceOrigin, Occupation, Gender, Birthdate) VALUES ('Edie Falco', 'America', 'Actor', 'Female', STR_TO_DATE('7/5/1963', '%m/%d/%Y'));
INSERT INTO People (Name, PlaceOrigin, Occupation, Gender, Birthdate) VALUES ('Melissa McCarthy', 'America', 'Actor', 'Female', STR_TO_DATE('8/26/1970', '%m/%d/%Y'));
INSERT INTO People (Name, PlaceOrigin, Occupation, Gender, Birthdate) VALUES ('Amy Poehler', 'America', 'Actor', 'Female', STR_TO_DATE('9/16/1971', '%m/%d/%Y'));
INSERT INTO People (Name, PlaceOrigin, Occupation, Gender, Birthdate) VALUES ('Taylor Schilling', 'America', 'Actor', 'Female', STR_TO_DATE('7/27/1984', '%m/%d/%Y'));
INSERT INTO People (Name, PlaceOrigin, Occupation, Gender, Birthdate) VALUES ('Jeff Daniels', 'America', 'Actor', 'Male', STR_TO_DATE('2/19/1955', '%m/%d/%Y'));
INSERT INTO People (Name, PlaceOrigin, Occupation, Gender, Birthdate) VALUES ('Jon Hamm', 'America', 'Actor', 'Male', STR_TO_DATE('3/10/1971', '%m/%d/%Y'));
INSERT INTO People (Name, PlaceOrigin, Occupation, Gender, Birthdate) VALUES ('Woody Harrelson', 'America', 'Actor', 'Male', STR_TO_DATE('7/23/1961', '%m/%d/%Y'));
INSERT INTO People (Name, PlaceOrigin, Occupation, Gender, Birthdate) VALUES ('Matthew McConaughey', 'America', 'Actor', 'Male', STR_TO_DATE('11/4/1969', '%m/%d/%Y'));
INSERT INTO People (Name, PlaceOrigin, Occupation, Gender, Birthdate) VALUES ('Kevin Spacey', 'America', 'Actor', 'Male', STR_TO_DATE('7/26/1959', '%m/%d/%Y'));
INSERT INTO People (Name, PlaceOrigin, Occupation, Gender, Birthdate) VALUES ('Julianna Margulies', 'America', 'Actor', 'Female', STR_TO_DATE('6/8/1966', '%m/%d/%Y'));
INSERT INTO People (Name, PlaceOrigin, Occupation, Gender, Birthdate) VALUES ('Lizzy Caplan', 'America', 'Actor', 'Female', STR_TO_DATE('6/30/1982', '%m/%d/%Y'));
INSERT INTO People (Name, PlaceOrigin, Occupation, Gender, Birthdate) VALUES ('Claire Danes', 'America', 'Actor', 'Female', STR_TO_DATE('4/12/1979', '%m/%d/%Y'));
INSERT INTO People (Name, PlaceOrigin, Occupation, Gender, Birthdate) VALUES ('Michelle Dockery', 'Britain', 'Actor', 'Female', STR_TO_DATE('12/15/1981', '%m/%d/%Y'));
INSERT INTO People (Name, PlaceOrigin, Occupation, Gender, Birthdate) VALUES ('Kerry Washington', 'America', 'Actor', 'Female', STR_TO_DATE('1/31/1977', '%m/%d/%Y'));
INSERT INTO People (Name, PlaceOrigin, Occupation, Gender, Birthdate) VALUES ('Robin Wright', 'America', 'Actor', 'Female', STR_TO_DATE('4/8/1966', '%m/%d/%Y'));
INSERT INTO People (Name, PlaceOrigin, Occupation, Gender, Birthdate) VALUES ('Chiwetel Ejiofor', 'Britain', 'Actor', 'Male', STR_TO_DATE('7/10/1977', '%m/%d/%Y'));
INSERT INTO People (Name, PlaceOrigin, Occupation, Gender, Birthdate) VALUES ('Idris Elba', 'Britain', 'Actor', 'Male', STR_TO_DATE('9/6/1972', '%m/%d/%Y'));
INSERT INTO People (Name, PlaceOrigin, Occupation, Gender, Birthdate) VALUES ('Martin Freeman', 'Britain', 'Actor', 'Male', STR_TO_DATE('9/8/1971', '%m/%d/%Y'));
INSERT INTO People (Name, PlaceOrigin, Occupation, Gender, Birthdate) VALUES ('Billy Bob Thornton', 'America', 'Actor', 'Male', STR_TO_DATE('8/4/1955', '%m/%d/%Y'));
INSERT INTO People (Name, PlaceOrigin, Occupation, Gender, Birthdate) VALUES ('Jessica Lange', 'America', 'Actor', 'Female', STR_TO_DATE('4/20/1949', '%m/%d/%Y'));
INSERT INTO People (Name, PlaceOrigin, Occupation, Gender, Birthdate) VALUES ('Helena Bonham Carter', 'Britain', 'Actor', 'Female', STR_TO_DATE('5/26/1966', '%m/%d/%Y'));
INSERT INTO People (Name, PlaceOrigin, Occupation, Gender, Birthdate) VALUES ('Minnie Driver', 'Britain', 'Actor', 'Female', STR_TO_DATE('1/31/1970', '%m/%d/%Y'));
INSERT INTO People (Name, PlaceOrigin, Occupation, Gender, Birthdate) VALUES ('Sarah Paulson', 'America', 'Actor', 'Female', STR_TO_DATE('12/17/1974', '%m/%d/%Y'));
INSERT INTO People (Name, PlaceOrigin, Occupation, Gender, Birthdate) VALUES ('Cicely Tyson', 'America', 'Actor', 'Female', STR_TO_DATE('12/18/1924', '%m/%d/%Y'));
INSERT INTO People (Name, PlaceOrigin, Occupation, Gender, Birthdate) VALUES ('Kristen Wiig', 'America', 'Actor', 'Female', STR_TO_DATE('8/22/1973', '%m/%d/%Y'));
INSERT INTO People (Name, PlaceOrigin, Occupation, Gender, Birthdate) VALUES ('Ty Burrell', 'America', 'Actor', 'Male', STR_TO_DATE('8/22/1967', '%m/%d/%Y'));
INSERT INTO People (Name, PlaceOrigin, Occupation, Gender, Birthdate) VALUES ('Fred Armisen', 'America', 'Actor', 'Male', STR_TO_DATE('12/4/1966', '%m/%d/%Y'));
INSERT INTO People (Name, PlaceOrigin, Occupation, Gender, Birthdate) VALUES ('Andre Braugher', 'America', 'Actor', 'Male', STR_TO_DATE('7/1/1962', '%m/%d/%Y'));
INSERT INTO People (Name, PlaceOrigin, Occupation, Gender, Birthdate) VALUES ('Adam Driver', 'America', 'Actor', 'Male', STR_TO_DATE('11/19/1983', '%m/%d/%Y'));
INSERT INTO People (Name, PlaceOrigin, Occupation, Gender, Birthdate) VALUES ('Jesse Tyler Ferguson', 'America', 'Actor', 'Male', STR_TO_DATE('10/22/1975', '%m/%d/%Y'));
INSERT INTO People (Name, PlaceOrigin, Occupation, Gender, Birthdate) VALUES ('Tony Hale', 'America', 'Actor', 'Male', STR_TO_DATE('9/30/1970', '%m/%d/%Y'));
INSERT INTO People (Name, PlaceOrigin, Occupation, Gender, Birthdate) VALUES ('Allison Janney', 'America', 'Actor', 'Female', STR_TO_DATE('11/19/1959', '%m/%d/%Y'));
INSERT INTO People (Name, PlaceOrigin, Occupation, Gender, Birthdate) VALUES ('Mayim Bialik', 'America', 'Actor', 'Female', STR_TO_DATE('12/12/1975', '%m/%d/%Y'));
INSERT INTO People (Name, PlaceOrigin, Occupation, Gender, Birthdate) VALUES ('Julie Bowen', 'America', 'Actor', 'Female', STR_TO_DATE('3/3/1970', '%m/%d/%Y'));
INSERT INTO People (Name, PlaceOrigin, Occupation, Gender, Birthdate) VALUES ('Anna Chlumsky', 'America', 'Actor', 'Female', STR_TO_DATE('12/3/1980', '%m/%d/%Y'));
INSERT INTO People (Name, PlaceOrigin, Occupation, Gender, Birthdate) VALUES ('Kate McKinnon', 'America', 'Actor', 'Female', STR_TO_DATE('1/6/1984', '%m/%d/%Y'));
INSERT INTO People (Name, PlaceOrigin, Occupation, Gender, Birthdate) VALUES ('Kate Mulgrew', 'America', 'Actor', 'Female', STR_TO_DATE('4/29/1955', '%m/%d/%Y'));
INSERT INTO People (Name, PlaceOrigin, Occupation, Gender, Birthdate) VALUES ('Aaron Paul', 'America', 'Actor', 'Male', STR_TO_DATE('8/27/1979', '%m/%d/%Y'));
INSERT INTO People (Name, PlaceOrigin, Occupation, Gender, Birthdate) VALUES ('Jim Carter', 'Britain', 'Actor', 'Male', STR_TO_DATE('8/19/1947', '%m/%d/%Y'));
INSERT INTO People (Name, PlaceOrigin, Occupation, Gender, Birthdate) VALUES ('Josh Charles', 'America', 'Actor', 'Male', STR_TO_DATE('9/15/1971', '%m/%d/%Y'));
INSERT INTO People (Name, PlaceOrigin, Occupation, Gender, Birthdate) VALUES ('Peter Dinklage', 'America', 'Actor', 'Male', STR_TO_DATE('6/11/1969', '%m/%d/%Y'));
INSERT INTO People (Name, PlaceOrigin, Occupation, Gender, Birthdate) VALUES ('Mandy Patinkin', 'America', 'Actor', 'Male', STR_TO_DATE('11/30/1952', '%m/%d/%Y'));
INSERT INTO People (Name, PlaceOrigin, Occupation, Gender, Birthdate) VALUES ('Jon Voight', 'America', 'Actor', 'Male', STR_TO_DATE('12/29/1938', '%m/%d/%Y'));
INSERT INTO People (Name, PlaceOrigin, Occupation, Gender, Birthdate) VALUES ('Anna Gunn', 'America', 'Actor', 'Female', STR_TO_DATE('8/11/1968', '%m/%d/%Y'));
INSERT INTO People (Name, PlaceOrigin, Occupation, Gender, Birthdate) VALUES ('Christine Baranski', 'America', 'Actor', 'Female', STR_TO_DATE('5/2/1952', '%m/%d/%Y'));
INSERT INTO People (Name, PlaceOrigin, Occupation, Gender, Birthdate) VALUES ('Joanne Froggatt', 'Britain', 'Actor', 'Female', STR_TO_DATE('8/23/1980', '%m/%d/%Y'));
INSERT INTO People (Name, PlaceOrigin, Occupation, Gender, Birthdate) VALUES ('Lena Headey', 'Britain', 'Actor', 'Female', STR_TO_DATE('10/3/1973', '%m/%d/%Y'));
INSERT INTO People (Name, PlaceOrigin, Occupation, Gender, Birthdate) VALUES ('Christina Hendricks', 'America', 'Actor', 'Female', STR_TO_DATE('5/3/1975', '%m/%d/%Y'));
INSERT INTO People (Name, PlaceOrigin, Occupation, Gender, Birthdate) VALUES ('Maggie Smith', 'Britain', 'Actor', 'Female', STR_TO_DATE('12/28/1934', '%m/%d/%Y'));
INSERT INTO People (Name, PlaceOrigin, Occupation, Gender, Birthdate) VALUES ('Matt Bomer', 'America', 'Actor', 'Male', STR_TO_DATE('10/11/1977', '%m/%d/%Y'));
INSERT INTO People (Name, PlaceOrigin, Occupation, Gender, Birthdate) VALUES ('Colin Hanks', 'America', 'Actor', 'Male', STR_TO_DATE('11/24/1977', '%m/%d/%Y'));
INSERT INTO People (Name, PlaceOrigin, Occupation, Gender, Birthdate) VALUES ('Kathy Bates', 'America', 'Actor', 'Female', STR_TO_DATE('6/28/1948', '%m/%d/%Y'));
INSERT INTO People (Name, PlaceOrigin, Occupation, Gender, Birthdate) VALUES ('Joe Mantello', 'America', 'Actor', 'Male', STR_TO_DATE('12/27/1962', '%m/%d/%Y'));
INSERT INTO People (Name, PlaceOrigin, Occupation, Gender, Birthdate) VALUES ('Alfred Molina', 'Britain', 'Actor', 'Male', STR_TO_DATE('5/24/1953', '%m/%d/%Y'));
INSERT INTO People (Name, PlaceOrigin, Occupation, Gender, Birthdate) VALUES ('Angela Bassett', 'America', 'Actor', 'Female', STR_TO_DATE('8/16/1958', '%m/%d/%Y'));
INSERT INTO People (Name, PlaceOrigin, Occupation, Gender, Birthdate) VALUES ('Frances Conroy', 'America', 'Actor', 'Female', STR_TO_DATE('11/13/1953', '%m/%d/%Y'));
INSERT INTO People (Name, PlaceOrigin, Occupation, Gender, Birthdate) VALUES ('Julia Roberts', 'America', 'Actor', 'Female', STR_TO_DATE('10/28/1967', '%m/%d/%Y'));
INSERT INTO People (Name, PlaceOrigin, Occupation, Gender, Birthdate) VALUES ('Allison Tolman', 'America', 'Actor', 'Female', STR_TO_DATE('11/18/1981', '%m/%d/%Y'));
CREATE TABLE Pictures(WorkID VARCHAR(200), URL VARCHAR(2000), Source VARCHAR(200) NULL);
INSERT INTO Pictures (WorkID, URL, Source) VALUES ('S1', 'http://ep.yimg.com/ay/playbill/act-one-limited-edition-official-opening-night-playbill-3.gif', 'PlaybillStore.com');
INSERT INTO Pictures (WorkID, URL, Source) VALUES ('S2', 'http://ep.yimg.com/ay/playbill/all-the-way-limited-edition-official-opening-night-playbill-3.gif', 'PlaybillStore.com');
INSERT INTO Pictures (WorkID, URL, Source) VALUES ('S3', 'http://ep.yimg.com/ay/playbill/casa-valentina-limited-edition-official-opening-night-playbill-3.gif', 'PlaybillStore.com');
INSERT INTO Pictures (WorkID, URL, Source) VALUES ('S4', 'http://www.playbillvault.com/images/cover/M/o/Mothers-and-Sons-Playbill-02-14.jpg', 'PlaybillVault.com');
INSERT INTO Pictures (WorkID, URL, Source) VALUES ('S5', 'http://www.playbillvault.com/images/cover/O/u/Outside-Mullingar-Playbill-01-14.jpg', 'PlaybillVault.com');
INSERT INTO Pictures (WorkID, URL, Source) VALUES ('S6', 'http://upload.wikimedia.org/wikipedia/en/9/97/A_Gentleman''s_Guide_to_Love_and_Murder.jpg', 'Wikipedia');
INSERT INTO Pictures (WorkID, URL, Source) VALUES ('S7', 'http://upload.wikimedia.org/wikipedia/en/4/4f/After_Midnight_Opening_Night_Playbill_cover.jpg', 'Wikipedia');
INSERT INTO Pictures (WorkID, URL, Source) VALUES ('S8', 'http://upload.wikimedia.org/wikipedia/en/thumb/7/71/Aladdin-Bposter.png/220px-Aladdin-Bposter.png', 'Wikipedia');
INSERT INTO Pictures (WorkID, URL, Source) VALUES ('S9', 'http://upload.wikimedia.org/wikipedia/en/thumb/c/c3/Beautiful_Carole_King.jpg/220px-Beautiful_Carole_King.jpg', 'Wikipedia');
INSERT INTO Pictures (WorkID, URL, Source) VALUES ('S10', 'http://ep.yimg.com/ay/playbill/a-raisin-in-the-sun-limited-edition-official-opening-night-playbill-3.gif', 'PlaybillStore.com');
INSERT INTO Pictures (WorkID, URL, Source) VALUES ('S11', 'http://www.playbillvault.com/images/cover/C/r/Cripple-of-Inishmaan-Playbill-04-14.jpg', 'PlaybillVault.com');
INSERT INTO Pictures (WorkID, URL, Source) VALUES ('S12', 'http://www.playbillvault.com/images/cover/T/h/The-Glass-Menagerie-Playbill-09-13.jpg', 'BroadwayWorld.com');
INSERT INTO Pictures (WorkID, URL, Source) VALUES ('S13', 'http://www.playbillvault.com/images/cover/T/w/Twelfth-Night-Richard-III-Playbill-10-13.jpg', 'BroadwayWorld.com');
INSERT INTO Pictures (WorkID, URL, Source) VALUES ('S14', 'http://www.playbillvault.com/images/cover/H/e/Hedwig-and-the-Angry-Inch-Playbill-03-14.jpg', 'PlaybillVault.com');
INSERT INTO Pictures (WorkID, URL, Source) VALUES ('S15', 'http://www.playbillvault.com/images/cover/L/e/Les-Miserables-Playbill-03-14.jpg', 'PlaybillVault.com');
INSERT INTO Pictures (WorkID, URL, Source) VALUES ('S16', 'http://www.playbillvault.com/images/cover/V/i/Violet-Playbill-03-14.jpg', 'PlaybillVault.com');
INSERT INTO Pictures (WorkID, URL, Source) VALUES ('S17', 'http://www.playbillvault.com/images/cover/O/f/Of-Mice-and-Men-Playbill-03-14.jpg', 'Playbill.com');
INSERT INTO Pictures (WorkID, URL, Source) VALUES ('S18', 'http://www.playbillvault.com/images/cover/T/w/Twelfth-Night-Richard-III-Playbill-10-13.jpg', 'BroadwayWorld.com');
INSERT INTO Pictures (WorkID, URL, Source) VALUES ('S19', 'http://www.playbillvault.com/images/cover/L/a/Lady-Day-at-Emersons-Bar-and-Grill-Playbill-03-14.jpg', 'PlaybillVault.com');
INSERT INTO Pictures (WorkID, URL, Source) VALUES ('S20', 'http://www.playbillvault.com/images/cover/V/e/Velocity-of-Autumn-Playbill-04-14.jpg', 'PlaybillVault.com');
INSERT INTO Pictures (WorkID, URL, Source) VALUES ('S21', 'http://www.playbillvault.com/images/cover/R/o/Rocky-Playbill-02-14.jpg', 'PlaybillVault.com');
INSERT INTO Pictures (WorkID, URL, Source) VALUES ('S22', 'http://www.playbillvault.com/images/cover/A/-/A-Night-With-Janis-Joplin-Playbill-09-13.jpg', 'PlaybillVault.com');
INSERT INTO Pictures (WorkID, URL, Source) VALUES ('S23', 'http://www.playbillvault.com/images/cover/I/f/If-Then-Playbill-03-14.jpg', 'PlaybillVault.com');
INSERT INTO Pictures (WorkID, URL, Source) VALUES ('S24', 'http://www.playbillvault.com/images/cover/B/r/Bridges-of-Madison-County-Playbill-04-14.jpg', 'PlaybillVault.com');
INSERT INTO Pictures (WorkID, URL, Source) VALUES ('S25', 'http://www.playbillvault.com/images/cover/C/a/Cabaret-Playbill-03-14.jpg', 'PlaybillVault.com');
INSERT INTO Pictures (WorkID, URL, Source) VALUES ('S26', 'http://www.playbillvault.com/images/cover/B/u/Bullets-Over-Broadway-Playbill-03-14.jpg', 'PlaybillVault.com');
INSERT INTO Pictures (WorkID, URL, Source) VALUES ('S27', 'http://www.playbillvault.com/images/cover/M/a/Machinal-Playbill-12-13.jpg', 'PlaybillVault.com');
INSERT INTO Pictures (WorkID, URL, Source) VALUES ('U1', 'https://upload.wikimedia.org/wikipedia/en/thumb/7/73/Sam_Smith_Stay_with_Me.png/220px-Sam_Smith_Stay_with_Me.png', 'Wikipedia');
INSERT INTO Pictures (WorkID, URL, Source) VALUES ('U2', 'https://upload.wikimedia.org/wikipedia/en/thumb/9/94/Iggy_Azalea_-_Fancy.png/220px-Iggy_Azalea_-_Fancy.png', 'Wikipedia');
INSERT INTO Pictures (WorkID, URL, Source) VALUES ('U3', 'https://upload.wikimedia.org/wikipedia/en/thumb/3/32/Sia_Chandelier.png/220px-Sia_Chandelier.png', 'Wikipedia');
INSERT INTO Pictures (WorkID, URL, Source) VALUES ('U4', 'https://upload.wikimedia.org/wikipedia/en/thumb/c/c4/Taylor_Swift_-_Shake_It_Off.png/220px-Taylor_Swift_-_Shake_It_Off.png', 'Wikipedia');
INSERT INTO Pictures (WorkID, URL, Source) VALUES ('U5', 'https://upload.wikimedia.org/wikipedia/en/thumb/2/24/Meghan_Trainor_-_All_About_That_Bass_%28Official_Single_Cover%29.png/220px-Meghan_Trainor_-_All_About_That_Bass_%28Official_Single_Cover%29.png', 'Wikipedia');
INSERT INTO Pictures (WorkID, URL, Source) VALUES ('U6', 'https://upload.wikimedia.org/wikipedia/en/thumb/5/5a/Beck_Morning_Phase.jpg/220px-Beck_Morning_Phase.jpg', 'Wikipedia');
INSERT INTO Pictures (WorkID, URL, Source) VALUES ('U7', 'https://upload.wikimedia.org/wikipedia/commons/thumb/2/21/Beyonc%C3%A9_-_Beyonc%C3%A9.svg/220px-Beyonc%C3%A9_-_Beyonc%C3%A9.svg.png', 'Wikipedia');
INSERT INTO Pictures (WorkID, URL, Source) VALUES ('U8', 'https://upload.wikimedia.org/wikipedia/en/thumb/a/ad/X_cover.png/220px-X_cover.png', 'Wikipedia');
INSERT INTO Pictures (WorkID, URL, Source) VALUES ('U9', 'https://upload.wikimedia.org/wikipedia/en/thumb/f/f4/Sam_Smith_In_the_Lonely_Hour.jpg/220px-Sam_Smith_In_the_Lonely_Hour.jpg', 'Wikipedia');
INSERT INTO Pictures (WorkID, URL, Source) VALUES ('U10', 'https://upload.wikimedia.org/wikipedia/en/thumb/d/db/Pharrell_Williams_%E2%80%93_Girl_%28album_cover%29.png/220px-Pharrell_Williams_%E2%80%93_Girl_%28album_cover%29.png', 'Wikipedia');
INSERT INTO Pictures (WorkID, URL, Source) VALUES ('U11', 'https://upload.wikimedia.org/wikipedia/en/thumb/e/e5/Hozier_Take_Me_to_Church.jpg/220px-Hozier_Take_Me_to_Church.jpg', 'Wikipedia');
INSERT INTO Pictures (WorkID, URL, Source) VALUES ('U12', 'https://upload.wikimedia.org/wikipedia/en/thumb/2/23/Pharrell_Williams_-_Happy.jpg/220px-Pharrell_Williams_-_Happy.jpg', 'Wikipedia');
INSERT INTO Pictures (WorkID, URL, Source) VALUES ('U13', 'https://upload.wikimedia.org/wikipedia/en/thumb/4/4f/Allofmejohnlegend.jpg/220px-Allofmejohnlegend.jpg', 'Wikipedia');
INSERT INTO Pictures (WorkID, URL, Source) VALUES ('U14', 'https://upload.wikimedia.org/wikipedia/en/e/e8/Agreatbigworldsaysomething.png', 'Wikipedia');
INSERT INTO Pictures (WorkID, URL, Source) VALUES ('U15', 'https://upload.wikimedia.org/wikipedia/en/thumb/8/8d/Coldplay_-_A_Sky_Full_of_Stars_%28Single%29.png/220px-Coldplay_-_A_Sky_Full_of_Stars_%28Single%29.png', 'Wikipedia');
INSERT INTO Pictures (WorkID, URL, Source) VALUES ('U16', 'https://upload.wikimedia.org/wikipedia/en/thumb/3/38/Jessie_J_-_Bang_Bang_%28featuring_Ariana_Grande_%26_Nicki_Minaj%29_Cover_Art.png/220px-Jessie_J_-_Bang_Bang_%28featuring_Ariana_Grande_%26_Nicki_Minaj%29_Cover_Art.png', 'Wikipedia');
INSERT INTO Pictures (WorkID, URL, Source) VALUES ('U17', 'https://upload.wikimedia.org/wikipedia/en/thumb/e/e8/DarkHorseCover.png/220px-DarkHorseCover.png', 'Wikipedia');
INSERT INTO Pictures (WorkID, URL, Source) VALUES ('U18', 'https://upload.wikimedia.org/wikipedia/en/thumb/8/8a/Coldplay_-_Ghost_Stories.png/220px-Coldplay_-_Ghost_Stories.png', 'Wikipedia');
INSERT INTO Pictures (WorkID, URL, Source) VALUES ('U19', 'https://upload.wikimedia.org/wikipedia/en/thumb/5/52/Bangerz.png/220px-Bangerz.png', 'Wikipedia');
INSERT INTO Pictures (WorkID, URL, Source) VALUES ('U20', 'https://upload.wikimedia.org/wikipedia/en/thumb/d/d5/Ariana_Grande_My_Everything_2014_album_artwork.png/220px-Ariana_Grande_My_Everything_2014_album_artwork.png', 'Wikipedia');
INSERT INTO Pictures (WorkID, URL, Source) VALUES ('U21', 'https://upload.wikimedia.org/wikipedia/en/thumb/b/b7/Katy_Perry_-_Prism_cover.png/220px-Katy_Perry_-_Prism_cover.png', 'Wikipedia');
INSERT INTO Pictures (WorkID, URL, Source) VALUES ('U22', 'https://upload.wikimedia.org/wikipedia/en/thumb/e/e3/Tony_Bennett_and_Lady_Gaga_-_Cheek_to_Cheek.png/220px-Tony_Bennett_and_Lady_Gaga_-_Cheek_to_Cheek.png', 'Wikipedia');
INSERT INTO Pictures (WorkID, URL, Source) VALUES ('U23', 'https://upload.wikimedia.org/wikipedia/en/thumb/0/0a/Annie_Lennox_-_Nostalgia.jpg/220px-Annie_Lennox_-_Nostalgia.jpg', 'Wikipedia');
INSERT INTO Pictures (WorkID, URL, Source) VALUES ('U24', 'https://upload.wikimedia.org/wikipedia/en/thumb/5/5b/Night_Songs%2C_Barry_Manilow.jpg/220px-Night_Songs%2C_Barry_Manilow.jpg', 'Wikipedia');
INSERT INTO Pictures (WorkID, URL, Source) VALUES ('U25', 'https://upload.wikimedia.org/wikipedia/en/thumb/8/8c/Mathis-Sending.jpg/220px-Mathis-Sending.jpg', 'Wikipedia');
INSERT INTO Pictures (WorkID, URL, Source) VALUES ('U26', 'https://upload.wikimedia.org/wikipedia/en/thumb/e/e4/Barbra_Streisand_Partners_Album_Cover.jpg/220px-Barbra_Streisand_Partners_Album_Cover.jpg', 'Wikipedia');
INSERT INTO Pictures (WorkID, URL, Source) VALUES ('U27', 'https://upload.wikimedia.org/wikipedia/en/thumb/2/2c/Rather_Be_single_cover.jpg/220px-Rather_Be_single_cover.jpg', 'Wikipedia');
INSERT INTO Pictures (WorkID, URL, Source) VALUES ('U28', 'https://upload.wikimedia.org/wikipedia/en/thumb/6/6a/Basement_Jaxx_Never_Say_Never.jpg/220px-Basement_Jaxx_Never_Say_Never.jpg', 'Wikipedia');
INSERT INTO Pictures (WorkID, URL, Source) VALUES ('U29', 'https://upload.wikimedia.org/wikipedia/en/thumb/c/c3/Disclosure_F_for_You.jpg/220px-Disclosure_F_for_You.jpg', 'Wikipedia');
INSERT INTO Pictures (WorkID, URL, Source) VALUES ('U30', 'https://upload.wikimedia.org/wikipedia/en/thumb/d/d6/Duke_dumont_feat_jax_jones-i_got_u_s.jpg/220px-Duke_dumont_feat_jax_jones-i_got_u_s.jpg', 'Wikipedia');
INSERT INTO Pictures (WorkID, URL, Source) VALUES ('U31', 'https://upload.wikimedia.org/wikipedia/en/thumb/2/2d/The_Nightday_EP_Zhu.jpg/220px-The_Nightday_EP_Zhu.jpg', 'Wikipedia');
INSERT INTO Pictures (WorkID, URL, Source) VALUES ('U32', 'https://upload.wikimedia.org/wikipedia/commons/thumb/5/55/Syro_street_art.jpg/220px-Syro_street_art.jpg', 'Wikipedia');
INSERT INTO Pictures (WorkID, URL, Source) VALUES ('U33', 'https://upload.wikimedia.org/wikipedia/en/thumb/d/d7/Deadmau5_-_while_%2812%29.png/220px-Deadmau5_-_while_%2812%29.png', 'Wikipedia');
INSERT INTO Pictures (WorkID, URL, Source) VALUES ('U34', 'https://upload.wikimedia.org/wikipedia/en/thumb/e/e3/Little_Dragon_-_Nabuma_Rubberband.png/220px-Little_Dragon_-_Nabuma_Rubberband.png', 'Wikipedia');
INSERT INTO Pictures (WorkID, URL, Source) VALUES ('U35', 'https://upload.wikimedia.org/wikipedia/en/thumb/6/6d/R%C3%B6yksopp_and_Robyn_-_Do_It_Again.png/220px-R%C3%B6yksopp_and_Robyn_-_Do_It_Again.png', 'Wikipedia');
INSERT INTO Pictures (WorkID, URL, Source) VALUES ('U36', 'https://upload.wikimedia.org/wikipedia/commons/thumb/b/bd/Mat_Zo.png/220px-Mat_Zo.png', 'Wikipedia');
INSERT INTO Pictures (WorkID, URL, Source) VALUES ('U37', 'https://upload.wikimedia.org/wikipedia/commons/thumb/d/d9/Chris_Thile_2008_1.jpg/260px-Chris_Thile_2008_1.jpg', 'Wikipedia');
INSERT INTO Pictures (WorkID, URL, Source) VALUES ('U38', 'https://upload.wikimedia.org/wikipedia/commons/thumb/0/0c/Mindi_Abair_In_Vegas.jpg/220px-Mindi_Abair_In_Vegas.jpg', 'Wikipedia');
INSERT INTO Pictures (WorkID, URL, Source) VALUES ('U39', 'http://1.bp.blogspot.com/-7_YOZMi8Pac/U6HZR8098cI/AAAAAAAAeZc/OJcnbwMmvm4/s1600/GAlbright_SD_5x5RGB300.jpg', 'CriticalJazz.com');
INSERT INTO Pictures (WorkID, URL, Source) VALUES ('U40', 'http://upload.wikimedia.org/wikipedia/en/thumb/4/46/Nathaneastalbum.jpg/220px-Nathaneastalbum.jpg', 'Wikipedia');
INSERT INTO Pictures (WorkID, URL, Source) VALUES ('U41', 'http://ecx.images-amazon.com/images/I/51dMNZfXgvL._SY300_.jpg', 'Amazon.com');
INSERT INTO Pictures (WorkID, URL, Source) VALUES ('U42', 'http://upload.wikimedia.org/wikipedia/en/thumb/e/e0/Jack_White_-_Lazaretto_official_single_cover_art.jpg/220px-Jack_White_-_Lazaretto_official_single_cover_art.jpg', 'Wikipedia');
INSERT INTO Pictures (WorkID, URL, Source) VALUES ('U43', 'http://upload.wikimedia.org/wikipedia/en/thumb/5/5d/Ryanadamsselftitled.jpg/220px-Ryanadamsselftitled.jpg', 'Wikipedia');
INSERT INTO Pictures (WorkID, URL, Source) VALUES ('U44', 'http://upload.wikimedia.org/wikipedia/en/thumb/d/df/Arctic_Monkeys_-_Do_I_Wanna_Know.png/220px-Arctic_Monkeys_-_Do_I_Wanna_Know.png', 'Wikipedia');
INSERT INTO Pictures (WorkID, URL, Source) VALUES ('U45', 'http://upload.wikimedia.org/wikipedia/en/thumb/a/a7/Beck_-_Blue_Moon_single_cover.jpg/220px-Beck_-_Blue_Moon_single_cover.jpg', 'Wikipedia');
INSERT INTO Pictures (WorkID, URL, Source) VALUES ('U46', 'http://upload.wikimedia.org/wikipedia/en/thumb/c/c2/Black_Keys_Fever_cover.png/220px-Black_Keys_Fever_cover.png', 'Wikipedia');
INSERT INTO Pictures (WorkID, URL, Source) VALUES ('U47', 'http://upload.wikimedia.org/wikipedia/en/thumb/f/fc/The_Last_in_Line_Single_Cover.jpg/220px-The_Last_in_Line_Single_Cover.jpg', 'Wikipedia');
INSERT INTO Pictures (WorkID, URL, Source) VALUES ('U48', 'http://upload.wikimedia.org/wikipedia/en/thumb/8/81/Neon_Knights.jpg/220px-Neon_Knights.jpg', 'Wikipedia');
INSERT INTO Pictures (WorkID, URL, Source) VALUES ('U49', 'http://upload.wikimedia.org/wikipedia/en/thumb/d/d8/High_Road_%28Mastodon%29.jpg/220px-High_Road_%28Mastodon%29.jpg', 'Wikipedia');
INSERT INTO Pictures (WorkID, URL, Source) VALUES ('U50', 'http://upload.wikimedia.org/wikipedia/en/thumb/f/f1/Mot%C3%B6rhead_Aftershock.jpg/220px-Mot%C3%B6rhead_Aftershock.jpg', 'Wikipedia');
INSERT INTO Pictures (WorkID, URL, Source) VALUES ('U51', 'http://upload.wikimedia.org/wikipedia/en/thumb/7/75/Slipknot_-_The_Negative_One_single_cover.jpg/220px-Slipknot_-_The_Negative_One_single_cover.jpg', 'Wikipedia');
INSERT INTO Pictures (WorkID, URL, Source) VALUES ('U52', 'http://upload.wikimedia.org/wikipedia/en/thumb/d/d5/Paramore_Ain%27t_It_Fun_Single_Artwork.jpg.png/220px-Paramore_Ain%27t_It_Fun_Single_Artwork.jpg.png', 'Wikipedia');
INSERT INTO Pictures (WorkID, URL, Source) VALUES ('U53', 'http://upload.wikimedia.org/wikipedia/en/thumb/c/c2/Black_Keys_Fever_cover.png/220px-Black_Keys_Fever_cover.png', 'Wikipedia');
INSERT INTO Pictures (WorkID, URL, Source) VALUES ('U54', 'http://upload.wikimedia.org/wikipedia/en/thumb/5/5d/Ryanadamsselftitled.jpg/220px-Ryanadamsselftitled.jpg', 'Wikipedia');
INSERT INTO Pictures (WorkID, URL, Source) VALUES ('U55', 'http://upload.wikimedia.org/wikipedia/en/thumb/b/bb/Black_Keys_Turn_Blue_album_cover.png/220px-Black_Keys_Turn_Blue_album_cover.png', 'Wikipedia');
INSERT INTO Pictures (WorkID, URL, Source) VALUES ('U56', 'http://upload.wikimedia.org/wikipedia/en/thumb/6/6c/Tom_Petty_Hypnotic_Eye.jpg/220px-Tom_Petty_Hypnotic_Eye.jpg', 'Wikipedia');
INSERT INTO Pictures (WorkID, URL, Source) VALUES ('U57', 'http://upload.wikimedia.org/wikipedia/en/thumb/7/7f/U2_Songs_of_Innocence_Physical_Cover.jpg/220px-U2_Songs_of_Innocence_Physical_Cover.jpg', 'Wikipedia');
INSERT INTO Pictures (WorkID, URL, Source) VALUES ('U58', 'http://upload.wikimedia.org/wikipedia/en/thumb/b/bc/St_Vincent_artwork.jpg/220px-St_Vincent_artwork.jpg', 'Wikipedia');
INSERT INTO Pictures (WorkID, URL, Source) VALUES ('U59', 'http://upload.wikimedia.org/wikipedia/en/thumb/0/0c/Alt-J_-_This_is_all_yours.jpg/220px-Alt-J_-_This_is_all_yours.jpg', 'Wikipedia');
INSERT INTO Pictures (WorkID, URL, Source) VALUES ('U60', 'http://upload.wikimedia.org/wikipedia/en/thumb/5/57/ArcadeFireReflektor.jpg/220px-ArcadeFireReflektor.jpg', 'Wikipedia');
INSERT INTO Pictures (WorkID, URL, Source) VALUES ('U61', 'http://upload.wikimedia.org/wikipedia/en/thumb/1/1e/Cage_the_Elephant_Melophobia.jpg/220px-Cage_the_Elephant_Melophobia.jpg', 'Wikipedia');
INSERT INTO Pictures (WorkID, URL, Source) VALUES ('U62', 'http://upload.wikimedia.org/wikipedia/en/thumb/8/8a/Drunk_in_Love_cover.png/220px-Drunk_in_Love_cover.png', 'Wikipedia');
INSERT INTO Pictures (WorkID, URL, Source) VALUES ('U63', 'http://upload.wikimedia.org/wikipedia/en/thumb/a/a5/Usher-good-kisser-cover-400x400.jpg/220px-Usher-good-kisser-cover-400x400.jpg', 'Wikipedia');
INSERT INTO Pictures (WorkID, URL, Source) VALUES ('U64', 'http://upload.wikimedia.org/wikipedia/en/thumb/0/09/New_Flame.png/220px-New_Flame.png', 'Wikipedia');
INSERT INTO Pictures (WorkID, URL, Source) VALUES ('U65', 'http://rnbmain.thisisrnb.netdna-cdn.com/wp-content/uploads/2014/05/Luke-James-feat.-Rick-Ross-Options-Single-e1401387182367.png', 'thisisrnb.com');
INSERT INTO Pictures (WorkID, URL, Source) VALUES ('U66', 'http://upload.wikimedia.org/wikipedia/en/thumb/e/eb/Sail_Out_Jhene_aiko.jpg/220px-Sail_Out_Jhene_aiko.jpg', 'Wikipedia');
INSERT INTO Pictures (WorkID, URL, Source) VALUES ('U67', 'http://upload.wikimedia.org/wikipedia/en/thumb/e/eb/Sail_Out_Jhene_aiko.jpg/220px-Sail_Out_Jhene_aiko.jpg', 'Wikipedia');
INSERT INTO Pictures (WorkID, URL, Source) VALUES ('U68', 'http://upload.wikimedia.org/wikipedia/en/thumb/d/d3/Mali_Is...CD_album_cover.jpg/220px-Mali_Is...CD_album_cover.jpg', 'Wikipedia');
INSERT INTO Pictures (WorkID, URL, Source) VALUES ('U69', 'http://upload.wikimedia.org/wikipedia/en/thumb/f/fa/Love%2Cmarriage%26divorce.png/220px-Love%2Cmarriage%26divorce.png', 'Wikipedia');
INSERT INTO Pictures (WorkID, URL, Source) VALUES ('U70', 'http://upload.wikimedia.org/wikipedia/commons/thumb/4/45/Nobel_Peace_Prize_Concert_2011_Bernhoft2_Harry_Wad.jpg/260px-Nobel_Peace_Prize_Concert_2011_Bernhoft2_Harry_Wad.jpg', 'Wikipedia');
INSERT INTO Pictures (WorkID, URL, Source) VALUES ('U71', 'http://upload.wikimedia.org/wikipedia/en/thumb/0/02/Aloe_Blacc_Lift_Your_Spirit.jpg/220px-Aloe_Blacc_Lift_Your_Spirit.jpg', 'Wikipedia');
INSERT INTO Pictures (WorkID, URL, Source) VALUES ('U72', 'http://upload.wikimedia.org/wikipedia/en/thumb/6/6f/Robert_Glasper_Experiment_-_Black_Radio_2.jpg/220px-Robert_Glasper_Experiment_-_Black_Radio_2.jpg', 'Wikipedia');
INSERT INTO Pictures (WorkID, URL, Source) VALUES ('U73', 'http://upload.wikimedia.org/wikipedia/en/thumb/f/fc/GivethePeopleWhatTheyWant.jpg/220px-GivethePeopleWhatTheyWant.jpg', 'Wikipedia');
INSERT INTO Pictures (WorkID, URL, Source) VALUES ('U74', 'http://upload.wikimedia.org/wikipedia/en/thumb/c/c6/I-by-Kendrick-Lamar.jpg/220px-I-by-Kendrick-Lamar.jpg', 'Wikipedia');
INSERT INTO Pictures (WorkID, URL, Source) VALUES ('U75', 'http://upload.wikimedia.org/wikipedia/en/thumb/2/20/Nicki_Minaj_Anaconda.png/220px-Nicki_Minaj_Anaconda.png', 'Wikipedia');
INSERT INTO Pictures (WorkID, URL, Source) VALUES ('U76', 'http://upload.wikimedia.org/wikipedia/en/thumb/8/83/Yeezus_Kanye_West.jpg/220px-Yeezus_Kanye_West.jpg', 'Wikipedia');
INSERT INTO Pictures (WorkID, URL, Source) VALUES ('U77', 'http://upload.wikimedia.org/wikipedia/en/thumb/c/c4/WeDemBoyzWizKhalifa.jpeg/220px-WeDemBoyzWizKhalifa.jpeg', 'Wikipedia');
INSERT INTO Pictures (WorkID, URL, Source) VALUES ('U78', 'http://upload.wikimedia.org/wikipedia/en/thumb/8/8d/Drake0to100.jpg/220px-Drake0to100.jpg', 'Wikipedia');
INSERT INTO Pictures (WorkID, URL, Source) VALUES ('U79', 'http://upload.wikimedia.org/wikipedia/en/thumb/8/87/The_Marshall_Mathers_LP_2.png/220px-The_Marshall_Mathers_LP_2.png', 'Wikipedia');
INSERT INTO Pictures (WorkID, URL, Source) VALUES ('U80', 'http://upload.wikimedia.org/wikipedia/en/thumb/0/08/The_New_Classic_cover.png/220px-The_New_Classic_cover.png', 'Wikipedia');
INSERT INTO Pictures (WorkID, URL, Source) VALUES ('U81', 'http://upload.wikimedia.org/wikipedia/en/thumb/7/70/Childish-gambino-because-the-internet.gif/220px-Childish-gambino-because-the-internet.gif', 'Wikipedia');
INSERT INTO Pictures (WorkID, URL, Source) VALUES ('U82', 'http://upload.wikimedia.org/wikipedia/en/thumb/1/14/Common_-_Nobody_Smiling_%28Album_Cover%29.jpg.png/220px-Common_-_Nobody_Smiling_%28Album_Cover%29.jpg.png', 'Wikipedia');
INSERT INTO Pictures (WorkID, URL, Source) VALUES ('U83', 'http://upload.wikimedia.org/wikipedia/en/thumb/b/bc/ScHoolboy-q-oxymoronSTANDARD.jpg/220px-ScHoolboy-q-oxymoronSTANDARD.jpg', 'Wikipedia');
INSERT INTO Pictures (WorkID, URL, Source) VALUES ('U84', 'http://upload.wikimedia.org/wikipedia/en/thumb/a/a0/WizKhalifaBH.jpg/220px-WizKhalifaBH.jpg', 'Wikipedia');
INSERT INTO Pictures (WorkID, URL, Source) VALUES ('U85', 'http://upload.wikimedia.org/wikipedia/en/thumb/1/13/Campbell_IBM.jpg/220px-Campbell_IBM.jpg', 'Wikipedia');
INSERT INTO Pictures (WorkID, URL, Source) VALUES ('U86', 'http://upload.wikimedia.org/wikipedia/en/thumb/5/54/AmericanKids.jpg/220px-AmericanKids.jpg', 'Wikipedia');
INSERT INTO Pictures (WorkID, URL, Source) VALUES ('U87', 'http://upload.wikimedia.org/wikipedia/en/thumb/f/f1/MirandaLambertAutomatic.jpg/220px-MirandaLambertAutomatic.jpg', 'Wikipedia');
INSERT INTO Pictures (WorkID, URL, Source) VALUES ('U88', 'http://upload.wikimedia.org/wikipedia/en/thumb/d/d0/GiveMeBackMyHometown.jpg/220px-GiveMeBackMyHometown.jpg', 'Wikipedia');
INSERT INTO Pictures (WorkID, URL, Source) VALUES ('U89', 'http://upload.wikimedia.org/wikipedia/en/thumb/8/86/MeanwhileBackatMamas.jpg/220px-MeanwhileBackatMamas.jpg', 'Wikipedia');
INSERT INTO Pictures (WorkID, URL, Source) VALUES ('U90', 'http://upload.wikimedia.org/wikipedia/en/thumb/4/4d/MirandaLambertPlatinum.jpg/220px-MirandaLambertPlatinum.jpg', 'Wikipedia');
INSERT INTO Pictures (WorkID, URL, Source) VALUES ('U91', 'http://upload.wikimedia.org/wikipedia/en/thumb/c/c1/Dierks-Bentley-Riser.jpg/220px-Dierks-Bentley-Riser.jpg', 'Wikipedia');
INSERT INTO Pictures (WorkID, URL, Source) VALUES ('U92', 'http://upload.wikimedia.org/wikipedia/en/thumb/9/9b/TheOutsidersAlbumCover.jpg/220px-TheOutsidersAlbumCover.jpg', 'Wikipedia');
INSERT INTO Pictures (WorkID, URL, Source) VALUES ('U93', 'http://upload.wikimedia.org/wikipedia/en/thumb/a/a1/Brandy_Clark-Cover_Art-12_Stories.jpg/220px-Brandy_Clark-Cover_Art-12_Stories.jpg', 'Wikipedia');
INSERT INTO Pictures (WorkID, URL, Source) VALUES ('U94', 'http://upload.wikimedia.org/wikipedia/en/thumb/8/81/The_Way_I%27m_Livin%27.png/220px-The_Way_I%27m_Livin%27.png', 'Wikipedia');
INSERT INTO Pictures (WorkID, URL, Source) VALUES ('T1', 'http://upload.wikimedia.org/wikipedia/commons/thumb/7/77/Modern_Family_Title.svg/250px-Modern_Family_Title.svg.png', 'Wikipedia');
INSERT INTO Pictures (WorkID, URL, Source) VALUES ('T2', 'http://upload.wikimedia.org/wikipedia/en/thumb/1/1b/BigBangTheoryTitleCard.png/250px-BigBangTheoryTitleCard.png', 'Wikipedia');
INSERT INTO Pictures (WorkID, URL, Source) VALUES ('T3', 'http://upload.wikimedia.org/wikipedia/en/thumb/8/8a/Louie-title.jpg/250px-Louie-title.jpg', 'Wikipedia');
INSERT INTO Pictures (WorkID, URL, Source) VALUES ('T4', 'http://upload.wikimedia.org/wikipedia/commons/thumb/9/9c/Orange_is_the_new_Black.png/220px-Orange_is_the_new_Black.png', 'Wikipedia');
INSERT INTO Pictures (WorkID, URL, Source) VALUES ('T5', 'http://upload.wikimedia.org/wikipedia/en/thumb/3/33/Silicon_valley_title.png/250px-Silicon_valley_title.png', 'Wikipedia');
INSERT INTO Pictures (WorkID, URL, Source) VALUES ('T6', 'http://upload.wikimedia.org/wikipedia/en/thumb/4/41/Veep_intertitle.png/250px-Veep_intertitle.png', 'Wikipedia');
INSERT INTO Pictures (WorkID, URL, Source) VALUES ('T7', 'http://upload.wikimedia.org/wikipedia/en/thumb/6/61/Breaking_Bad_title_card.png/250px-Breaking_Bad_title_card.png', 'Wikipedia');
INSERT INTO Pictures (WorkID, URL, Source) VALUES ('T8', 'http://upload.wikimedia.org/wikipedia/en/thumb/8/87/Downton_Abbey_season_1.jpg/250px-Downton_Abbey_season_1.jpg', 'Wikipedia');
INSERT INTO Pictures (WorkID, URL, Source) VALUES ('T9', 'http://upload.wikimedia.org/wikipedia/en/thumb/d/d8/Game_of_Thrones_title_card.jpg/250px-Game_of_Thrones_title_card.jpg', 'Wikipedia');
INSERT INTO Pictures (WorkID, URL, Source) VALUES ('T10', 'http://upload.wikimedia.org/wikipedia/en/thumb/3/3f/House_of_Cards_title_card.png/250px-House_of_Cards_title_card.png', 'Wikipedia');
INSERT INTO Pictures (WorkID, URL, Source) VALUES ('T11', 'http://upload.wikimedia.org/wikipedia/en/3/33/Mad-men-title-card.jpg', 'Wikipedia');
INSERT INTO Pictures (WorkID, URL, Source) VALUES ('T12', 'http://upload.wikimedia.org/wikipedia/en/5/5a/True_Detective_2014_Intertitle.jpg', 'Wikipedia');
INSERT INTO Pictures (WorkID, URL, Source) VALUES ('T13', 'http://upload.wikimedia.org/wikipedia/en/thumb/c/c2/Colbert_Report_logo.png/250px-Colbert_Report_logo.png', 'Wikipedia');
INSERT INTO Pictures (WorkID, URL, Source) VALUES ('T14', 'http://upload.wikimedia.org/wikipedia/commons/thumb/a/ae/Dailyshow_logo.svg/250px-Dailyshow_logo.svg.png', 'Wikipedia');
INSERT INTO Pictures (WorkID, URL, Source) VALUES ('T15', 'http://upload.wikimedia.org/wikipedia/en/thumb/2/28/Jimmy_Kimmel_Live.PNG/250px-Jimmy_Kimmel_Live.PNG', 'Wikipedia');
INSERT INTO Pictures (WorkID, URL, Source) VALUES ('T16', 'http://upload.wikimedia.org/wikipedia/en/thumb/d/dc/Real_Time_with_Bill_Maher.jpg/240px-Real_Time_with_Bill_Maher.jpg', 'Wikipedia');
INSERT INTO Pictures (WorkID, URL, Source) VALUES ('T17', 'http://upload.wikimedia.org/wikipedia/commons/thumb/9/97/SNL40.png/220px-SNL40.png', 'Wikipedia');
INSERT INTO Pictures (WorkID, URL, Source) VALUES ('T18', 'http://upload.wikimedia.org/wikipedia/en/thumb/5/5d/Tonight_Show_Starring_Jimmy_Fallon_Intertitle.png/250px-Tonight_Show_Starring_Jimmy_Fallon_Intertitle.png', 'Wikipedia');
INSERT INTO Pictures (WorkID, URL, Source) VALUES ('T19', 'http://upload.wikimedia.org/wikipedia/en/9/97/FargoTVIntertitle.png', 'Wikipedia');
INSERT INTO Pictures (WorkID, URL, Source) VALUES ('T20', 'http://upload.wikimedia.org/wikipedia/en/e/ed/AHSCovenPoster.png', 'Wikipedia');
INSERT INTO Pictures (WorkID, URL, Source) VALUES ('T21', 'http://upload.wikimedia.org/wikipedia/en/thumb/6/6c/Bonnie_%26_Clyde_2013.jpg/220px-Bonnie_%26_Clyde_2013.jpg', 'Wikipedia');
INSERT INTO Pictures (WorkID, URL, Source) VALUES ('T22', 'http://upload.wikimedia.org/wikipedia/en/thumb/e/eb/LutherTitleScreen.png/250px-LutherTitleScreen.png', 'Wikipedia');
INSERT INTO Pictures (WorkID, URL, Source) VALUES ('T23', 'http://upload.wikimedia.org/wikipedia/en/7/72/Treme-intertitle.jpg', 'Wikipedia');
INSERT INTO Pictures (WorkID, URL, Source) VALUES ('T24', 'http://upload.wikimedia.org/wikipedia/en/thumb/c/c2/The_White_Queen_%28TV_series%29titlecard.jpg/250px-The_White_Queen_%28TV_series%29titlecard.jpg', 'Wikipedia');
INSERT INTO Pictures (WorkID, URL, Source) VALUES ('T25', 'http://upload.wikimedia.org/wikipedia/en/thumb/0/0b/The_Normal_Heart_Poster.jpeg/220px-The_Normal_Heart_Poster.jpeg', 'Wikipedia');
INSERT INTO Pictures (WorkID, URL, Source) VALUES ('T26', 'http://upload.wikimedia.org/wikipedia/en/thumb/4/4d/Killing_Kennedy_promotional_poster.jpg/220px-Killing_Kennedy_promotional_poster.jpg', 'Wikipedia');
INSERT INTO Pictures (WorkID, URL, Source) VALUES ('T27', 'http://ia.media-imdb.com/images/M/MV5BMjExODMzMTQ4M15BMl5BanBnXkFtZTcwODYxNjg1OQ@@._V1_SY317_CR131,0,214,317_AL_.jpg', 'IMDb');
INSERT INTO Pictures (WorkID, URL, Source) VALUES ('T28', 'http://upload.wikimedia.org/wikipedia/en/thumb/4/4d/Sherlock_titlecard.jpg/250px-Sherlock_titlecard.jpg', 'Wikipedia');
INSERT INTO Pictures (WorkID, URL, Source) VALUES ('T29', 'http://ia.media-imdb.com/images/M/MV5BMTkwODI5MDQyOF5BMl5BanBnXkFtZTgwMzM4NTYxMTE@._V1_SY317_CR12,0,214,317_AL_.jpg', 'IMDb');
INSERT INTO Pictures (WorkID, URL, Source) VALUES ('T30', 'http://upload.wikimedia.org/wikipedia/en/1/19/The_Amazing_Race_23_logo.jpg', 'Wikipedia');
INSERT INTO Pictures (WorkID, URL, Source) VALUES ('T31', 'http://upload.wikimedia.org/wikipedia/commons/thumb/c/c6/Dancing_with_the_Stars_Title_Logo.svg/230px-Dancing_with_the_Stars_Title_Logo.svg.png', 'Wikipedia');
INSERT INTO Pictures (WorkID, URL, Source) VALUES ('T32', 'http://upload.wikimedia.org/wikipedia/en/7/7f/PRLogo12.jpg', 'Wikipedia');
INSERT INTO Pictures (WorkID, URL, Source) VALUES ('T33', 'http://upload.wikimedia.org/wikipedia/en/thumb/6/6f/So_You_Think_You_Can_Dance.svg/275px-So_You_Think_You_Can_Dance.svg.png', 'Wikipedia');
INSERT INTO Pictures (WorkID, URL, Source) VALUES ('T34', 'http://upload.wikimedia.org/wikipedia/en/thumb/e/e0/Top_Chef_logo.png/252px-Top_Chef_logo.png', 'Wikipedia');
INSERT INTO Pictures (WorkID, URL, Source) VALUES ('T35', 'http://upload.wikimedia.org/wikipedia/en/thumb/2/27/TheVoiceTitleCard.png/230px-TheVoiceTitleCard.png', 'Wikipedia');
INSERT INTO Pictures (WorkID, URL, Source) VALUES ('T36', 'http://upload.wikimedia.org/wikipedia/commons/thumb/4/49/House_of_Lies_title_card.png/250px-House_of_Lies_title_card.png', 'Wikipedia');
INSERT INTO Pictures (WorkID, URL, Source) VALUES ('T37', 'http://upload.wikimedia.org/wikipedia/commons/thumb/3/3b/Derek_TV_series_logo.png/220px-Derek_TV_series_logo.png', 'Wikipedia');
INSERT INTO Pictures (WorkID, URL, Source) VALUES ('T38', 'http://upload.wikimedia.org/wikipedia/commons/a/a1/Episodes_logo.png', 'Wikipedia');
INSERT INTO Pictures (WorkID, URL, Source) VALUES ('T39', 'http://upload.wikimedia.org/wikipedia/en/thumb/2/28/Shameless_US_logo.png/270px-Shameless_US_logo.png', 'Wikipedia');
INSERT INTO Pictures (WorkID, URL, Source) VALUES ('T40', 'http://upload.wikimedia.org/wikipedia/commons/thumb/5/5f/Girls-logo.svg/250px-Girls-logo.svg.png', 'Wikipedia');
INSERT INTO Pictures (WorkID, URL, Source) VALUES ('T41', 'http://upload.wikimedia.org/wikipedia/en/thumb/7/71/NurseJackie.jpg/250px-NurseJackie.jpg', 'Wikipedia');
INSERT INTO Pictures (WorkID, URL, Source) VALUES ('T42', 'http://upload.wikimedia.org/wikipedia/en/thumb/f/fc/Mike_%26_Molly_intertitle.png/250px-Mike_%26_Molly_intertitle.png', 'Wikipedia');
INSERT INTO Pictures (WorkID, URL, Source) VALUES ('T43', 'http://upload.wikimedia.org/wikipedia/en/thumb/2/23/Parks_and_recreation_title.jpg/250px-Parks_and_recreation_title.jpg', 'Wikipedia');
INSERT INTO Pictures (WorkID, URL, Source) VALUES ('T44', 'http://upload.wikimedia.org/wikipedia/en/thumb/f/fc/TheNewsroomTitle.png/250px-TheNewsroomTitle.png', 'Wikipedia');
INSERT INTO Pictures (WorkID, URL, Source) VALUES ('T45', 'http://upload.wikimedia.org/wikipedia/en/5/59/TheGoodWife.png', 'Wikipedia');
INSERT INTO Pictures (WorkID, URL, Source) VALUES ('T47', 'http://upload.wikimedia.org/wikipedia/en/thumb/1/1b/Masters_of_Sex_title.png/250px-Masters_of_Sex_title.png', 'Wikipedia');
INSERT INTO Pictures (WorkID, URL, Source) VALUES ('T48', 'http://upload.wikimedia.org/wikipedia/en/thumb/9/97/HomelandTVSeries.jpg/250px-HomelandTVSeries.jpg', 'Wikipedia');
INSERT INTO Pictures (WorkID, URL, Source) VALUES ('T49', 'http://upload.wikimedia.org/wikipedia/en/thumb/5/54/Scandal_Intertitle.png/250px-Scandal_Intertitle.png', 'Wikipedia');
INSERT INTO Pictures (WorkID, URL, Source) VALUES ('T50', 'http://upload.wikimedia.org/wikipedia/en/thumb/9/93/Dancing_On_The_Edge_screenplay_cover.jpg/200px-Dancing_On_The_Edge_screenplay_cover.jpg', 'Wikipedia');
INSERT INTO Pictures (WorkID, URL, Source) VALUES ('T51', 'http://ia.media-imdb.com/images/M/MV5BMjAzMDI5MjE0NV5BMl5BanBnXkFtZTgwNjU2MjgxMTE@._V1_SY317_CR4,0,214,317_AL_.jpg', 'Wikipedia');
INSERT INTO Pictures (WorkID, URL, Source) VALUES ('T52', 'http://upload.wikimedia.org/wikipedia/en/thumb/7/7d/Return_to_Zero_%28film%29_dvd.jpeg/220px-Return_to_Zero_%28film%29_dvd.jpeg', 'Wikipedia');
INSERT INTO Pictures (WorkID, URL, Source) VALUES ('T53', 'http://upload.wikimedia.org/wikipedia/en/thumb/1/10/Spoils_of_Babylon_logo.jpg/255px-Spoils_of_Babylon_logo.jpg', 'Wikipedia');
INSERT INTO Pictures (WorkID, URL, Source) VALUES ('T54', 'http://upload.wikimedia.org/wikipedia/en/thumb/9/98/Portlandia_title_card.png/250px-Portlandia_title_card.png', 'Wikipedia');
INSERT INTO Pictures (WorkID, URL, Source) VALUES ('T55', 'http://upload.wikimedia.org/wikipedia/commons/thumb/8/8d/Brooklyn_nine-nine_logo.png/250px-Brooklyn_nine-nine_logo.png', 'Wikipedia');
INSERT INTO Pictures (WorkID, URL, Source) VALUES ('T56', 'http://upload.wikimedia.org/wikipedia/en/thumb/e/e1/Mom_intertitle.png/250px-Mom_intertitle.png', 'Wikipedia');
INSERT INTO Pictures (WorkID, URL, Source) VALUES ('T57', 'http://upload.wikimedia.org/wikipedia/en/thumb/7/76/Ray_Donovan_%28Logo%29.png/250px-Ray_Donovan_%28Logo%29.png', 'Wikipedia');
INSERT INTO Pictures (WorkID, URL, Source) VALUES ('T58', 'http://upload.wikimedia.org/wikipedia/en/thumb/9/93/FlowersInTheAttic2014.jpg/230px-FlowersInTheAttic2014.jpg', 'Wikipedia');
INSERT INTO Pictures (WorkID, URL, Source) VALUES ('M1', 'http://upload.wikimedia.org/wikipedia/en/thumb/a/a3/Birdman_poster.jpg/220px-Birdman_poster.jpg', 'Wikipedia');
INSERT INTO Pictures (WorkID, URL, Source) VALUES ('M2', 'http://upload.wikimedia.org/wikipedia/en/thumb/1/10/American_Sniper_poster.jpg/220px-American_Sniper_poster.jpg', 'Wikipedia');
INSERT INTO Pictures (WorkID, URL, Source) VALUES ('M3', 'http://upload.wikimedia.org/wikipedia/en/thumb/b/bb/Boyhood_film.jpg/220px-Boyhood_film.jpg', 'Wikipedia');
INSERT INTO Pictures (WorkID, URL, Source) VALUES ('M4', 'http://upload.wikimedia.org/wikipedia/en/thumb/a/a6/The_Grand_Budapest_Hotel_Poster.jpg/220px-The_Grand_Budapest_Hotel_Poster.jpg', 'Wikipedia');
INSERT INTO Pictures (WorkID, URL, Source) VALUES ('M5', 'http://upload.wikimedia.org/wikipedia/en/thumb/5/5e/The_Imitation_Game_poster.jpg/250px-The_Imitation_Game_poster.jpg', 'Wikipedia');
INSERT INTO Pictures (WorkID, URL, Source) VALUES ('M6', 'http://upload.wikimedia.org/wikipedia/en/thumb/8/8f/Selma_poster.jpg/220px-Selma_poster.jpg', 'Wikipedia');
INSERT INTO Pictures (WorkID, URL, Source) VALUES ('M7', 'http://upload.wikimedia.org/wikipedia/en/thumb/b/b8/Theory_of_Everything.jpg/220px-Theory_of_Everything.jpg', 'Wikipedia');
INSERT INTO Pictures (WorkID, URL, Source) VALUES ('M8', 'http://upload.wikimedia.org/wikipedia/en/thumb/0/01/Whiplash_poster.jpg/220px-Whiplash_poster.jpg', 'Wikipedia');
INSERT INTO Pictures (WorkID, URL, Source) VALUES ('M9', 'http://upload.wikimedia.org/wikipedia/en/thumb/a/ae/Foxcatcher_First_Teaser_Poster.jpg/220px-Foxcatcher_First_Teaser_Poster.jpg', 'Wikipedia');
INSERT INTO Pictures (WorkID, URL, Source) VALUES ('M10', 'http://upload.wikimedia.org/wikipedia/en/thumb/d/d2/Still_Alice_-_Movie_Poster.jpg/220px-Still_Alice_-_Movie_Poster.jpg', 'Wikipedia');
INSERT INTO Pictures (WorkID, URL, Source) VALUES ('M11', 'http://upload.wikimedia.org/wikipedia/en/thumb/3/3d/Deux_jours%2C_une_nuit_poster.jpg/220px-Deux_jours%2C_une_nuit_poster.jpg', 'Wikipedia');
INSERT INTO Pictures (WorkID, URL, Source) VALUES ('M12', 'http://upload.wikimedia.org/wikipedia/en/thumb/0/05/Gone_Girl_Poster.jpg/220px-Gone_Girl_Poster.jpg', 'Wikipedia');
INSERT INTO Pictures (WorkID, URL, Source) VALUES ('M13', 'http://upload.wikimedia.org/wikipedia/en/thumb/3/37/Wild2014Poster.jpg/220px-Wild2014Poster.jpg', 'Wikipedia');
INSERT INTO Pictures (WorkID, URL, Source) VALUES ('M14', 'http://upload.wikimedia.org/wikipedia/en/thumb/6/61/The_Judge_2014_film_poster.jpg/220px-The_Judge_2014_film_poster.jpg', 'Wikipedia');
INSERT INTO Pictures (WorkID, URL, Source) VALUES ('M15', 'http://upload.wikimedia.org/wikipedia/en/thumb/3/34/Into_the_Woods_film_poster.jpg/220px-Into_the_Woods_film_poster.jpg', 'Wikipedia');
INSERT INTO Pictures (WorkID, URL, Source) VALUES ('M16', 'http://upload.wikimedia.org/wikipedia/en/thumb/d/d4/Nightcrawlerfilm.jpg/220px-Nightcrawlerfilm.jpg', 'Wikipedia');
INSERT INTO Pictures (WorkID, URL, Source) VALUES ('M17', 'http://upload.wikimedia.org/wikipedia/en/thumb/3/3c/Inherent_Vice_film_poster.jpg/220px-Inherent_Vice_film_poster.jpg', 'Wikipedia');
INSERT INTO Pictures (WorkID, URL, Source) VALUES ('M18', 'http://upload.wikimedia.org/wikipedia/en/thumb/4/4b/Big_Hero_6_%28film%29_poster.jpg/220px-Big_Hero_6_%28film%29_poster.jpg', 'Wikipedia');
INSERT INTO Pictures (WorkID, URL, Source) VALUES ('M19', 'http://upload.wikimedia.org/wikipedia/en/thumb/d/db/The_Boxtrolls_poster.jpg/220px-The_Boxtrolls_poster.jpg', 'Wikipedia');
INSERT INTO Pictures (WorkID, URL, Source) VALUES ('M20', 'http://upload.wikimedia.org/wikipedia/en/thumb/a/af/How_to_Train_Your_Dragon_2_poster.jpg/220px-How_to_Train_Your_Dragon_2_poster.jpg', 'Wikipedia');
INSERT INTO Pictures (WorkID, URL, Source) VALUES ('M21', 'http://upload.wikimedia.org/wikipedia/en/thumb/4/4f/Song_of_the_Sea_%282014_film%29_poster.jpg/220px-Song_of_the_Sea_%282014_film%29_poster.jpg', 'Wikipedia');
INSERT INTO Pictures (WorkID, URL, Source) VALUES ('M22', 'http://upload.wikimedia.org/wikipedia/en/thumb/b/bb/TheTaleofThePrincessKaguya_US_poster.jpg/220px-TheTaleofThePrincessKaguya_US_poster.jpg', 'Wikipedia');
INSERT INTO Pictures (WorkID, URL, Source) VALUES ('M23', 'http://upload.wikimedia.org/wikipedia/en/thumb/a/ab/Ida_%282013_film%29.jpg/220px-Ida_%282013_film%29.jpg', 'Wikipedia');
INSERT INTO Pictures (WorkID, URL, Source) VALUES ('M24', 'http://upload.wikimedia.org/wikipedia/en/thumb/3/39/Leviathan_2014_poster.jpg/220px-Leviathan_2014_poster.jpg', 'Wikipedia');
INSERT INTO Pictures (WorkID, URL, Source) VALUES ('M25', 'http://upload.wikimedia.org/wikipedia/en/thumb/a/a2/Tangerines_film.jpg/220px-Tangerines_film.jpg', 'Wikipedia');
INSERT INTO Pictures (WorkID, URL, Source) VALUES ('M26', 'http://upload.wikimedia.org/wikipedia/en/thumb/7/7d/Timbuktu_poster.jpg/220px-Timbuktu_poster.jpg', 'Wikipedia');
INSERT INTO Pictures (WorkID, URL, Source) VALUES ('M27', 'http://upload.wikimedia.org/wikipedia/en/thumb/5/5e/Relatos_salvajes.jpg/220px-Relatos_salvajes.jpg', 'Wikipedia');
INSERT INTO Pictures (WorkID, URL, Source) VALUES ('M28', 'http://upload.wikimedia.org/wikipedia/en/thumb/3/37/Citizenfour_poster.jpg/220px-Citizenfour_poster.jpg', 'Wikipedia');
INSERT INTO Pictures (WorkID, URL, Source) VALUES ('M29', 'http://ia.media-imdb.com/images/M/MV5BMTcyODk4NzU5OV5BMl5BanBnXkFtZTgwMjE4OTk2MDE@._V1_SY317_CR0,0,214,317_AL_.jpg', 'IMDb');
INSERT INTO Pictures (WorkID, URL, Source) VALUES ('M30', 'http://upload.wikimedia.org/wikipedia/en/5/56/LDIV_poster.jpg', 'Wikipedia');
INSERT INTO Pictures (WorkID, URL, Source) VALUES ('M31', 'http://upload.wikimedia.org/wikipedia/en/0/04/TheSaltoftheEarth2014.jpg', 'Wikipedia');
INSERT INTO Pictures (WorkID, URL, Source) VALUES ('M32', 'http://ia.media-imdb.com/images/M/MV5BMjI0NzE5Mzc5OF5BMl5BanBnXkFtZTgwODk3Njg0MzE@._V1_SY317_CR0,0,214,317_AL_.jpg', 'IMDb');
INSERT INTO Pictures (WorkID, URL, Source) VALUES ('M33', 'http://upload.wikimedia.org/wikipedia/en/thumb/9/90/Crisis_Hotline_Veterans_Press_1_Poster.jpg/200px-Crisis_Hotline_Veterans_Press_1_Poster.jpg', 'Wikipedia');
INSERT INTO Pictures (WorkID, URL, Source) VALUES ('M34', 'http://ia.media-imdb.com/images/M/MV5BMjA2NzI0MDA0N15BMl5BanBnXkFtZTgwNDc3NzMwNDE@._V1_SY317_CR6,0,214,317_AL_.jpg', 'IMDb');
INSERT INTO Pictures (WorkID, URL, Source) VALUES ('M35', 'http://ia.media-imdb.com/images/M/MV5BMTY3OTY1NzY4OF5BMl5BanBnXkFtZTgwMzI4NzMwNDE@._V1_SY317_CR5,0,214,317_AL_.jpg', 'IMDb');
INSERT INTO Pictures (WorkID, URL, Source) VALUES ('M36', 'http://ia.media-imdb.com/images/M/MV5BMTYyNzYxODYyOF5BMl5BanBnXkFtZTgwNDY4NzMwNDE@._V1_SX214_AL_.jpg', 'IMDb');
INSERT INTO Pictures (WorkID, URL, Source) VALUES ('M37', 'http://ia.media-imdb.com/images/M/MV5BMTg4MDI1ODkxOV5BMl5BanBnXkFtZTgwMTY2ODg1NDE@._V1_SY317_CR0,0,214,317_AL_.jpg', 'IMDb');
INSERT INTO Pictures (WorkID, URL, Source) VALUES ('M38', 'http://ia.media-imdb.com/images/M/MV5BMTg4ODg0MzM0NF5BMl5BanBnXkFtZTgwOTU4OTAwMDE@._V1_SY317_CR78,0,214,317_AL_.jpg', 'IMDb');
INSERT INTO Pictures (WorkID, URL, Source) VALUES ('M39', 'http://ia.media-imdb.com/images/M/MV5BOTE0NDExNDgyNV5BMl5BanBnXkFtZTgwNzkzMzk0MzE@._V1_SY317_CR5,0,214,317_AL_.jpg', 'IMDb');
INSERT INTO Pictures (WorkID, URL, Source) VALUES ('M40', 'http://ia.media-imdb.com/images/M/MV5BMTQyMzczNjIyNV5BMl5BanBnXkFtZTgwNjk5NzUyNDE@._V1_SX214_AL_.jpg', 'IMDb');
INSERT INTO Pictures (WorkID, URL, Source) VALUES ('M41', 'http://ia.media-imdb.com/images/M/MV5BMzQ4OTY2MTUzNV5BMl5BanBnXkFtZTgwODYyMTAxMzE@._V1_SY317_CR5,0,214,317_AL_.jpg', 'IMDb');
INSERT INTO Pictures (WorkID, URL, Source) VALUES ('M42', 'http://ia.media-imdb.com/images/M/MV5BNzcwODE4MDgwMV5BMl5BanBnXkFtZTgwNjA5MjQzNDE@._V1_SY317_CR5,0,214,317_AL_.jpg', 'IMDb');
INSERT INTO Pictures (WorkID, URL, Source) VALUES ('M43', 'https://upload.wikimedia.org/wikipedia/en/thumb/d/d6/Feast_%282014_film%29_logo.png/220px-Feast_%282014_film%29_logo.png', 'Wikipedia');
INSERT INTO Pictures (WorkID, URL, Source) VALUES ('M44', 'http://ia.media-imdb.com/images/M/MV5BMTQ4MTY0MTQyN15BMl5BanBnXkFtZTgwMzkxODMwNDE@._V1_SY289_CR193,0,214,289_AL_.jpg', 'IMDb');
INSERT INTO Pictures (WorkID, URL, Source) VALUES ('M45', 'https://upload.wikimedia.org/wikipedia/en/thumb/5/5c/12_Years_a_Slave_film_poster.jpg/220px-12_Years_a_Slave_film_poster.jpg', 'Wikipedia');
INSERT INTO Pictures (WorkID, URL, Source) VALUES ('M46', 'https://upload.wikimedia.org/wikipedia/en/thumb/8/85/American_Hustle_2013_poster.jpg/220px-American_Hustle_2013_poster.jpg', 'Wikipedia');
INSERT INTO Pictures (WorkID, URL, Source) VALUES ('M47', 'https://upload.wikimedia.org/wikipedia/en/thumb/a/a8/Captain_Phillips_Poster.jpg/220px-Captain_Phillips_Poster.jpg', 'Wikipedia');
INSERT INTO Pictures (WorkID, URL, Source) VALUES ('M48', 'https://upload.wikimedia.org/wikipedia/en/thumb/a/a8/Dallas_Buyers_Club_poster.jpg/220px-Dallas_Buyers_Club_poster.jpg', 'Wikipedia');
INSERT INTO Pictures (WorkID, URL, Source) VALUES ('M49', 'https://upload.wikimedia.org/wikipedia/en/thumb/f/f6/Gravity_Poster.jpg/220px-Gravity_Poster.jpg', 'Wikipedia');
INSERT INTO Pictures (WorkID, URL, Source) VALUES ('M50', 'https://upload.wikimedia.org/wikipedia/en/thumb/4/44/Her2013Poster.jpg/220px-Her2013Poster.jpg', 'Wikipedia');
INSERT INTO Pictures (WorkID, URL, Source) VALUES ('M51', 'https://upload.wikimedia.org/wikipedia/en/thumb/7/76/Nebraska_Poster.jpg/220px-Nebraska_Poster.jpg', 'Wikipedia');
INSERT INTO Pictures (WorkID, URL, Source) VALUES ('M52', 'https://upload.wikimedia.org/wikipedia/en/thumb/2/25/Philomena_poster.jpg/250px-Philomena_poster.jpg', 'Wikipedia');
INSERT INTO Pictures (WorkID, URL, Source) VALUES ('M53', 'https://upload.wikimedia.org/wikipedia/en/thumb/1/1f/WallStreet2013poster.jpg/220px-WallStreet2013poster.jpg', 'Wikipedia');
INSERT INTO Pictures (WorkID, URL, Source) VALUES ('M54', 'https://upload.wikimedia.org/wikipedia/en/thumb/3/3f/Blue_Jasmine_poster.jpg/220px-Blue_Jasmine_poster.jpg', 'Wikipedia');
INSERT INTO Pictures (WorkID, URL, Source) VALUES ('M55', 'https://upload.wikimedia.org/wikipedia/en/thumb/7/7e/August_Osage_County_2013_poster.jpg/220px-August_Osage_County_2013_poster.jpg', 'Wikipedia');
INSERT INTO Pictures (WorkID, URL, Source) VALUES ('M56', 'https://upload.wikimedia.org/wikipedia/en/thumb/a/ad/Before_Midnight_poster.jpg/220px-Before_Midnight_poster.jpg', 'Wikipedia');
INSERT INTO Pictures (WorkID, URL, Source) VALUES ('M57', 'https://upload.wikimedia.org/wikipedia/en/thumb/0/05/Frozen_%282013_film%29_poster.jpg/220px-Frozen_%282013_film%29_poster.jpg', 'Wikipedia');
INSERT INTO Pictures (WorkID, URL, Source) VALUES ('M58', 'https://upload.wikimedia.org/wikipedia/en/thumb/7/72/The_Croods_poster.jpg/220px-The_Croods_poster.jpg', 'Wikipedia');
INSERT INTO Pictures (WorkID, URL, Source) VALUES ('M59', 'https://upload.wikimedia.org/wikipedia/en/thumb/2/29/Despicable_Me_2_poster.jpg/220px-Despicable_Me_2_poster.jpg', 'Wikipedia');
INSERT INTO Pictures (WorkID, URL, Source) VALUES ('M60', 'https://upload.wikimedia.org/wikipedia/en/thumb/5/5c/Ernest_%26_Celestine_poster.jpg/220px-Ernest_%26_Celestine_poster.jpg', 'Wikipedia');
INSERT INTO Pictures (WorkID, URL, Source) VALUES ('M61', 'https://upload.wikimedia.org/wikipedia/en/thumb/a/a3/Kaze_Tachinu_poster.jpg/220px-Kaze_Tachinu_poster.jpg', 'Wikipedia');
INSERT INTO Pictures (WorkID, URL, Source) VALUES ('M62', 'https://upload.wikimedia.org/wikipedia/en/thumb/0/0d/Saving_Mr._Banks_Theatrical_Poster.jpg/220px-Saving_Mr._Banks_Theatrical_Poster.jpg', 'Wikipedia');
INSERT INTO Pictures (WorkID, URL, Source) VALUES ('M63', 'https://upload.wikimedia.org/wikipedia/en/thumb/2/26/Mandela_-_Long_Walk_to_Freedom_poster.jpg/220px-Mandela_-_Long_Walk_to_Freedom_poster.jpg', 'Wikipedia');
INSERT INTO Pictures (WorkID, URL, Source) VALUES ('M64', 'https://upload.wikimedia.org/wikipedia/en/thumb/7/7a/All_is_Lost_poster.jpg/220px-All_is_Lost_poster.jpg', 'Wikipedia');
INSERT INTO Pictures (WorkID, URL, Source) VALUES ('M65', 'https://upload.wikimedia.org/wikipedia/en/thumb/4/4f/The_Hobbit_-_The_Desolation_of_Smaug_theatrical_poster.jpg/220px-The_Hobbit_-_The_Desolation_of_Smaug_theatrical_poster.jpg', 'Wikipedia');
INSERT INTO Pictures (WorkID, URL, Source) VALUES ('M66', 'https://upload.wikimedia.org/wikipedia/en/thumb/b/bd/Lone_Survivor_poster.jpg/220px-Lone_Survivor_poster.jpg', 'Wikipedia');
INSERT INTO Pictures (WorkID, URL, Source) VALUES ('M67', 'https://upload.wikimedia.org/wikipedia/en/thumb/d/df/Inside_Llewyn_Davis_Poster.jpg/220px-Inside_Llewyn_Davis_Poster.jpg', 'Wikipedia');
INSERT INTO Pictures (WorkID, URL, Source) VALUES ('M68', 'https://upload.wikimedia.org/wikipedia/en/thumb/2/26/TheGreatGatsby2012Poster.jpg/220px-TheGreatGatsby2012Poster.jpg', 'Wikipedia');
INSERT INTO Pictures (WorkID, URL, Source) VALUES ('M69', 'https://upload.wikimedia.org/wikipedia/en/thumb/2/21/The_Dam_Keeper_%28poster%29.jpg/220px-The_Dam_Keeper_%28poster%29.jpg', 'Wikipedia');
INSERT INTO Pictures (WorkID, URL, Source) VALUES ('M70', 'http://ia.media-imdb.com/images/M/MV5BMTY1MzQ0NjYzNV5BMl5BanBnXkFtZTgwNDg5MjIxNDE@._V1_SY317_CR175,0,214,317_AL_.jpg', 'IMDb');
INSERT INTO Pictures (WorkID, URL, Source) VALUES ('M71', 'http://ia.media-imdb.com/images/M/MV5BMTQ1OTY3NjAwNF5BMl5BanBnXkFtZTgwMDQ5ODMwNDE@._V1_SY317_CR5,0,214,317_AL_.jpg', 'IMDb');
INSERT INTO Pictures (WorkID, URL, Source) VALUES ('M72', 'https://upload.wikimedia.org/wikipedia/en/thumb/b/bc/Interstellar_film_poster.jpg/220px-Interstellar_film_poster.jpg', 'Wikipedia');
INSERT INTO Pictures (WorkID, URL, Source) VALUES ('M73', 'https://upload.wikimedia.org/wikipedia/en/thumb/6/64/Mr_Turner_poster.jpg/220px-Mr_Turner_poster.jpg', 'Wikipedia');
INSERT INTO Pictures (WorkID, URL, Source) VALUES ('M74', 'https://upload.wikimedia.org/wikipedia/en/thumb/1/10/The_Lego_Movie_poster.jpg/220px-The_Lego_Movie_poster.jpg', 'Wikipedia');
INSERT INTO Pictures (WorkID, URL, Source) VALUES ('M75', 'https://upload.wikimedia.org/wikipedia/en/thumb/a/ae/BeyondtheLightsposter.jpg/220px-BeyondtheLightsposter.jpg', 'Wikipedia');
INSERT INTO Pictures (WorkID, URL, Source) VALUES ('M76', 'https://upload.wikimedia.org/wikipedia/en/thumb/2/2a/Glen_Campbell_I%27ll_Be_Me_Poster.jpg/220px-Glen_Campbell_I%27ll_Be_Me_Poster.jpg', 'Wikipedia');
INSERT INTO Pictures (WorkID, URL, Source) VALUES ('M77', 'https://upload.wikimedia.org/wikipedia/en/thumb/b/bd/Begin_Again_film_poster_2014.jpg/220px-Begin_Again_film_poster_2014.jpg', 'Wikipedia');
INSERT INTO Pictures (WorkID, URL, Source) VALUES ('M78', 'https://upload.wikimedia.org/wikipedia/en/thumb/0/0e/The_Hobbit_-_The_Battle_of_the_Five_Armies.jpg/220px-The_Hobbit_-_The_Battle_of_the_Five_Armies.jpg', 'Wikipedia');
INSERT INTO Pictures (WorkID, URL, Source) VALUES ('M79', 'https://upload.wikimedia.org/wikipedia/en/thumb/7/76/Unbroken_poster.jpg/220px-Unbroken_poster.jpg', 'Wikipedia');
INSERT INTO Pictures (WorkID, URL, Source) VALUES ('M80', 'https://upload.wikimedia.org/wikipedia/en/thumb/8/8f/GOTG-poster.jpg/220px-GOTG-poster.jpg', 'Wikipedia');
INSERT INTO Pictures (WorkID, URL, Source) VALUES ('M81', 'https://upload.wikimedia.org/wikipedia/en/thumb/5/55/Maleficent_poster.jpg/220px-Maleficent_poster.jpg', 'Wikipedia');
INSERT INTO Pictures (WorkID, URL, Source) VALUES ('M82', 'https://upload.wikimedia.org/wikipedia/en/thumb/e/e8/Captain_America_The_Winter_Soldier.jpg/220px-Captain_America_The_Winter_Soldier.jpg', 'Wikipedia');
INSERT INTO Pictures (WorkID, URL, Source) VALUES ('M83', 'https://upload.wikimedia.org/wikipedia/en/thumb/7/77/Dawn_of_the_Planet_of_the_Apes.jpg/220px-Dawn_of_the_Planet_of_the_Apes.jpg', 'Wikipedia');
INSERT INTO Pictures (WorkID, URL, Source) VALUES ('M84', 'https://upload.wikimedia.org/wikipedia/en/thumb/0/0c/X-Men_Days_of_Future_Past_poster.jpg/220px-X-Men_Days_of_Future_Past_poster.jpg', 'Wikipedia');
CREATE TABLE Stage( WorkID VARCHAR(50) PRIMARY KEY, Setting VARCHAR(100) NULL, Title VARCHAR(2000) NULL, Iteration INT NULL, Type VARCHAR(100) NULL, Genre VARCHAR(100) NULL, SongNumber INT NULL, YEAR INT NULL, Theatre VARCHAR(300) NULL, Open DATETIME NULL, Closed DATETIME NULL, Previews INT NULL, Performances INT NULL, Running VARCHAR(3) NOT NULL);
INSERT INTO Stage (WorkID, Setting, Title, Iteration, Type, Genre, SongNumber, Year, Theatre, Open, Closed, Previews, Performances, Running) VALUES ('S1', 'New York', 'Act One', 1, 'Play', 'Autobiography', 0, 2014, 'Vivian Beaumont Theatre', STR_TO_DATE('4/17/2014', '%m/%d/%Y'), STR_TO_DATE('6/15/2014', '%m/%d/%Y'), 31, 67, 'No');
INSERT INTO Stage (WorkID, Setting, Title, Iteration, Type, Genre, SongNumber, Year, Theatre, Open, Closed, Previews, Performances, Running) VALUES ('S2', 'Washington D.C.', 'All the Way', 1, 'Play', 'Drama', 0, 2014, 'Neil Simon Theatre', STR_TO_DATE('3/6/2014', '%m/%d/%Y'), STR_TO_DATE('6/29/2014', '%m/%d/%Y'), 27, 131, 'No');
INSERT INTO Stage (WorkID, Setting, Title, Iteration, Type, Genre, SongNumber, Year, Theatre, Open, Closed, Previews, Performances, Running) VALUES ('S3', 'New York', 'Casa Valentina', 1, 'Play', NULL, 0, 2014, 'Samuel J. Friedman Theatre', STR_TO_DATE('4/23/2014', '%m/%d/%Y'), STR_TO_DATE('6/29/2014', '%m/%d/%Y'), 24, 79, 'No');
INSERT INTO Stage (WorkID, Setting, Title, Iteration, Type, Genre, SongNumber, Year, Theatre, Open, Closed, Previews, Performances, Running) VALUES ('S4', 'New York', 'Mothers and Sons', 1, 'Play', 'Drama', 0, 2014, 'John Golden Theatre', STR_TO_DATE('3/24/2014', '%m/%d/%Y'), STR_TO_DATE('6/22/2014', '%m/%d/%Y'), 33, 104, 'No');
INSERT INTO Stage (WorkID, Setting, Title, Iteration, Type, Genre, SongNumber, Year, Theatre, Open, Closed, Previews, Performances, Running) VALUES ('S5', 'Midlands of Ireland', 'Outside Mullingar', 1, 'Play', 'Romantic Comedy', 0, 2014, 'Samuel J. Friedman Theatre', STR_TO_DATE('1/23/2014', '%m/%d/%Y'), STR_TO_DATE('3/16/2014', '%m/%d/%Y'), 22, 61, 'No');
INSERT INTO Stage (WorkID, Setting, Title, Iteration, Type, Genre, SongNumber, Year, Theatre, Open, Closed, Previews, Performances, Running) VALUES ('S6', 'London', 'A Gentleman''s Guide to Love and Murder', 1, 'Musical', 'Comedy', 22, 2013, 'Walter Kerr Theatre', STR_TO_DATE('11/17/2013', '%m/%d/%Y'), NULL, 30, 545, 'Yes');
INSERT INTO Stage (WorkID, Setting, Title, Iteration, Type, Genre, SongNumber, Year, Theatre, Open, Closed, Previews, Performances, Running) VALUES ('S7', 'New York', 'After Midnight', 1, 'Musical', NULL, 29, 2013, 'Brooks Atkinson Theatre', STR_TO_DATE('11/3/2013', '%m/%d/%Y'), STR_TO_DATE('11/29/2014', '%m/%d/%Y'), 18, 273, 'No');
INSERT INTO Stage (WorkID, Setting, Title, Iteration, Type, Genre, SongNumber, Year, Theatre, Open, Closed, Previews, Performances, Running) VALUES ('S8', 'Agrabah', 'Aladdin', 1, 'Musical', NULL, 20, 2014, 'New Amsterdam Theatre', STR_TO_DATE('3/20/2014', '%m/%d/%Y'), NULL, 21, 405, 'Yes');
INSERT INTO Stage (WorkID, Setting, Title, Iteration, Type, Genre, SongNumber, Year, Theatre, Open, Closed, Previews, Performances, Running) VALUES ('S9', 'New York', 'Beautiful: The Carole King Musical', 1, 'Musical', 'Autobiography', 25, 2014, 'Stephen Sondheim Theatre', STR_TO_DATE('1/12/2014', '%m/%d/%Y'), NULL, 60, 482, 'Yes');
INSERT INTO Stage (WorkID, Setting, Title, Iteration, Type, Genre, SongNumber, Year, Theatre, Open, Closed, Previews, Performances, Running) VALUES ('S10', 'Chicago', 'A Raisin in the Sun', 3, 'Play', 'Domestic Tragedy', 0, 2014, 'Ethel Barrymore Theatre', STR_TO_DATE('4/3/2014', '%m/%d/%Y'), STR_TO_DATE('6/15/2014', '%m/%d/%Y'), 27, 85, 'No');
INSERT INTO Stage (WorkID, Setting, Title, Iteration, Type, Genre, SongNumber, Year, Theatre, Open, Closed, Previews, Performances, Running) VALUES ('S11', 'Ireland', 'The Cripple of Inishmaan', 1, 'Play', 'Black Comedy', 0, 2014, 'Cort Theatre', STR_TO_DATE('4/20/2014', '%m/%d/%Y'), STR_TO_DATE('7/20/2014', '%m/%d/%Y'), 9, 105, 'No');
INSERT INTO Stage (WorkID, Setting, Title, Iteration, Type, Genre, SongNumber, Year, Theatre, Open, Closed, Previews, Performances, Running) VALUES ('S12', 'St. Louis', 'The Glass Menagerie', 7, 'Play', 'Drama', 0, 2013, 'Booth Theatre', STR_TO_DATE('9/26/2013', '%m/%d/%Y'), STR_TO_DATE('2/23/2014', '%m/%d/%Y'), 24, 173, 'No');
INSERT INTO Stage (WorkID, Setting, Title, Iteration, Type, Genre, SongNumber, Year, Theatre, Open, Closed, Previews, Performances, Running) VALUES ('S13', 'Ilyria', 'Twelfth Night', 31, 'Play', 'Comedy', 0, 2013, 'Belasco Theatre', STR_TO_DATE('11/10/2013', '%m/%d/%Y'), STR_TO_DATE('2/16/2014', '%m/%d/%Y'), 18, 82, 'No');
INSERT INTO Stage (WorkID, Setting, Title, Iteration, Type, Genre, SongNumber, Year, Theatre, Open, Closed, Previews, Performances, Running) VALUES ('S14', 'Germany', 'Hedwig and the Angry Inch', 1, 'Musical', NULL, 14, 2014, 'Belasco Theatre', STR_TO_DATE('4/22/2014', '%m/%d/%Y'), NULL, 22, 320, 'Yes');
INSERT INTO Stage (WorkID, Setting, Title, Iteration, Type, Genre, SongNumber, Year, Theatre, Open, Closed, Previews, Performances, Running) VALUES ('S15', 'France', 'Les Miserables', 3, 'Musical', 'Drama', 19, 2014, 'Imperial Theatre', STR_TO_DATE('3/23/2014', '%m/%d/%Y'), NULL, 22, 402, 'Yes');
INSERT INTO Stage (WorkID, Setting, Title, Iteration, Type, Genre, SongNumber, Year, Theatre, Open, Closed, Previews, Performances, Running) VALUES ('S16', 'Oklahoma', 'Violet', 1, 'Musical', 'Drama', 16, 2014, 'American Airlines Theatre', STR_TO_DATE('4/20/2014', '%m/%d/%Y'), STR_TO_DATE('8/10/2014', '%m/%d/%Y'), 27, 128, 'No');
INSERT INTO Stage (WorkID, Setting, Title, Iteration, Type, Genre, SongNumber, Year, Theatre, Open, Closed, Previews, Performances, Running) VALUES ('S17', 'California', 'Of Mice and Men', 3, 'Play', 'Drama', 0, 2014, 'Longacre Theatre', STR_TO_DATE('4/16/2014', '%m/%d/%Y'), STR_TO_DATE('7/27/2014', '%m/%d/%Y'), 31, 118, 'No');
INSERT INTO Stage (WorkID, Setting, Title, Iteration, Type, Genre, SongNumber, Year, Theatre, Open, Closed, Previews, Performances, Running) VALUES ('S18', 'England', 'Richard III', 21, 'Play', 'History', 0, 2013, 'Belasco Theatre', STR_TO_DATE('11/10/2013', '%m/%d/%Y'), STR_TO_DATE('2/16/2014', '%m/%d/%Y'), 10, 31, 'No');
INSERT INTO Stage (WorkID, Setting, Title, Iteration, Type, Genre, SongNumber, Year, Theatre, Open, Closed, Previews, Performances, Running) VALUES ('S19', 'Philadelphia', 'Lady Day at Emerson''s Bar & Grill', 1, 'Play', 'History', 16, 2014, 'Circle in the Square Theatre', STR_TO_DATE('4/13/2014', '%m/%d/%Y'), STR_TO_DATE('10/5/2014', '%m/%d/%Y'), 20, 173, 'No');
INSERT INTO Stage (WorkID, Setting, Title, Iteration, Type, Genre, SongNumber, Year, Theatre, Open, Closed, Previews, Performances, Running) VALUES ('S20', 'New York', 'The Velocity of Autumn', 1, 'Play', 'Comedy', 0, 2014, 'Booth Theatre', STR_TO_DATE('4/21/2014', '%m/%d/%Y'), STR_TO_DATE('5/4/2014', '%m/%d/%Y'), 22, 16, 'No');
INSERT INTO Stage (WorkID, Setting, Title, Iteration, Type, Genre, SongNumber, Year, Theatre, Open, Closed, Previews, Performances, Running) VALUES ('S21', 'Philadelphia', 'Rocky', 1, 'Musical', 'Drama', 21, 2014, 'Winter Garden Theatre', STR_TO_DATE('4/13/2014', '%m/%d/%Y'), STR_TO_DATE('8/17/2014', '%m/%d/%Y'), 28, 180, 'No');
INSERT INTO Stage (WorkID, Setting, Title, Iteration, Type, Genre, SongNumber, Year, Theatre, Open, Closed, Previews, Performances, Running) VALUES ('S22', NULL, 'A Night with Janis Joplin', 1, 'Musical', NULL, 19, 2013, 'Lyceum Theatre', STR_TO_DATE('10/10/2013', '%m/%d/%Y'), STR_TO_DATE('2/9/2014', '%m/%d/%Y'), 22, 140, 'No');
INSERT INTO Stage (WorkID, Setting, Title, Iteration, Type, Genre, SongNumber, Year, Theatre, Open, Closed, Previews, Performances, Running) VALUES ('S23', 'New York', 'If/Then', 1, 'Musical', NULL, 22, 2014, 'Richard Rogers Theatre', STR_TO_DATE('3/30/2014', '%m/%d/%Y'), STR_TO_DATE('3/22/2015', '%m/%d/%Y'), 29, 385, 'No');
INSERT INTO Stage (WorkID, Setting, Title, Iteration, Type, Genre, SongNumber, Year, Theatre, Open, Closed, Previews, Performances, Running) VALUES ('S24', 'Iowa', 'The Bridges of Madison County', 1, 'Musical', NULL, 19, 2014, 'Gerald Schoenfeld Theatre', STR_TO_DATE('2/20/2014', '%m/%d/%Y'), STR_TO_DATE('3/18/2014', '%m/%d/%Y'), 37, 100, 'No');
INSERT INTO Stage (WorkID, Setting, Title, Iteration, Type, Genre, SongNumber, Year, Theatre, Open, Closed, Previews, Performances, Running) VALUES ('S25', 'Germany', 'Cabaret', 4, 'Musical', 'Drama', 25, 2014, 'Studio 54', STR_TO_DATE('4/24/2014', '%m/%d/%Y'), STR_TO_DATE('3/29/2015', '%m/%d/%Y'), 35, 364, 'No');
INSERT INTO Stage (WorkID, Setting, Title, Iteration, Type, Genre, SongNumber, Year, Theatre, Open, Closed, Previews, Performances, Running) VALUES ('S26', 'New York', 'Bullets Over Broadway', 1, 'Musical', 'Comedy', 26, 2014, 'St. James Theatre', STR_TO_DATE('4/10/2014', '%m/%d/%Y'), STR_TO_DATE('8/24/2014', '%m/%d/%Y'), 33, 156, 'No');
INSERT INTO Stage (WorkID, Setting, Title, Iteration, Type, Genre, SongNumber, Year, Theatre, Open, Closed, Previews, Performances, Running) VALUES ('S27', 'New York', 'Machinal', 2, 'Play', NULL, 0, 2014, 'American Airlines Theatre', STR_TO_DATE('1/16/2014', '%m/%d/%Y'), STR_TO_DATE('3/2/2014', '%m/%d/%Y'), 28, 52, 'No');
CREATE TABLE Television(WorkID VARCHAR(200) PRIMARY KEY, Title VARCHAR(400) NULL, Episodes INT NULL, Seasons INT NULL, StillRunning VARCHAR(3), Network VARCHAR(100) NULL, CameraSetup VARCHAR(200) NULL, MinimumRuntime INT NULL, MaximumRuntime INT NULL);
INSERT INTO Television (WorkID, Title, Episodes, Seasons, StillRunning, Network, CameraSetup, MinimumRuntime, MaximumRuntime) VALUES ('T1', 'Modern Family', 137, 6, 'Yes', 'ABC', 'Single-camera', 21, 22);
INSERT INTO Television (WorkID, Title, Episodes, Seasons, StillRunning, Network, CameraSetup, MinimumRuntime, MaximumRuntime) VALUES ('T2', 'The Big Bang Theory', 177, 8, 'Yes', 'CBS', 'Multi-camera', 18, 24);
INSERT INTO Television (WorkID, Title, Episodes, Seasons, StillRunning, Network, CameraSetup, MinimumRuntime, MaximumRuntime) VALUES ('T3', 'Louie', 53, 4, 'Yes', 'FX', 'Single-camera', 23, 23);
INSERT INTO Television (WorkID, Title, Episodes, Seasons, StillRunning, Network, CameraSetup, MinimumRuntime, MaximumRuntime) VALUES ('T4', 'Orange is the New Black', 26, 2, 'Yes', 'Netflix', 'Single-camera', 51, 92);
INSERT INTO Television (WorkID, Title, Episodes, Seasons, StillRunning, Network, CameraSetup, MinimumRuntime, MaximumRuntime) VALUES ('T5', 'Silicon Valley', 8, 1, 'Yes', 'HBO', 'Single-camera', 30, 30);
INSERT INTO Television (WorkID, Title, Episodes, Seasons, StillRunning, Network, CameraSetup, MinimumRuntime, MaximumRuntime) VALUES ('T6', 'Veep', 38, 3, 'Yes', 'HBO', 'Single-camera', 26, 30);
INSERT INTO Television (WorkID, Title, Episodes, Seasons, StillRunning, Network, CameraSetup, MinimumRuntime, MaximumRuntime) VALUES ('T7', 'Breaking Bad', 62, 5, 'No', 'AMC', 'Multi-camera', 43, 58);
INSERT INTO Television (WorkID, Title, Episodes, Seasons, StillRunning, Network, CameraSetup, MinimumRuntime, MaximumRuntime) VALUES ('T8', 'Downton Abbey', 43, 5, 'Yes', 'PBS', 'Single-camera', 47, 92);
INSERT INTO Television (WorkID, Title, Episodes, Seasons, StillRunning, Network, CameraSetup, MinimumRuntime, MaximumRuntime) VALUES ('T9', 'Game of Thrones', 40, 4, 'Yes', 'HBO', 'Single-camera', 50, 65);
INSERT INTO Television (WorkID, Title, Episodes, Seasons, StillRunning, Network, CameraSetup, MinimumRuntime, MaximumRuntime) VALUES ('T10', 'House of Cards', 39, 3, 'Yes', 'Netflix', 'Single-camera', 46, 59);
INSERT INTO Television (WorkID, Title, Episodes, Seasons, StillRunning, Network, CameraSetup, MinimumRuntime, MaximumRuntime) VALUES ('T11', 'Mad Men', 85, 7, 'Yes', 'AMC', NULL, 47, 47);
INSERT INTO Television (WorkID, Title, Episodes, Seasons, StillRunning, Network, CameraSetup, MinimumRuntime, MaximumRuntime) VALUES ('T12', 'True Detective', 8, 1, 'Yes', 'HBO', 'Single-camera', 54, 60);
INSERT INTO Television (WorkID, Title, Episodes, Seasons, StillRunning, Network, CameraSetup, MinimumRuntime, MaximumRuntime) VALUES ('T13', 'The Colbert Report', 1447, 10, 'No', 'Comedy Central', NULL, 22, 22);
INSERT INTO Television (WorkID, Title, Episodes, Seasons, StillRunning, Network, CameraSetup, MinimumRuntime, MaximumRuntime) VALUES ('T14', 'The Daily Show with Jon Stewart', 2606, 20, 'Yes', 'Comedy Central', NULL, 22, 22);
INSERT INTO Television (WorkID, Title, Episodes, Seasons, StillRunning, Network, CameraSetup, MinimumRuntime, MaximumRuntime) VALUES ('T15', 'Jimmy Kimmel Live!', 2224, 12, 'Yes', 'ABC', NULL, 60, 60);
INSERT INTO Television (WorkID, Title, Episodes, Seasons, StillRunning, Network, CameraSetup, MinimumRuntime, MaximumRuntime) VALUES ('T16', 'Real Time with Bill Maher', 345, 12, 'Yes', 'HBO', NULL, 60, 60);
INSERT INTO Television (WorkID, Title, Episodes, Seasons, StillRunning, Network, CameraSetup, MinimumRuntime, MaximumRuntime) VALUES ('T17', 'Saturday Night Live', 781, 40, 'Yes', 'NBC', NULL, 93, 93);
INSERT INTO Television (WorkID, Title, Episodes, Seasons, StillRunning, Network, CameraSetup, MinimumRuntime, MaximumRuntime) VALUES ('T18', 'The Tonight Show Starring Jimmy Fallon', 224, 2, 'Yes', 'NBC', NULL, 62, 63);
INSERT INTO Television (WorkID, Title, Episodes, Seasons, StillRunning, Network, CameraSetup, MinimumRuntime, MaximumRuntime) VALUES ('T19', 'Fargo', 10, 1, 'Yes', 'FX', 'Single-camera', 48, 68);
INSERT INTO Television (WorkID, Title, Episodes, Seasons, StillRunning, Network, CameraSetup, MinimumRuntime, MaximumRuntime) VALUES ('T20', 'American Horror Story: Coven', 13, 1, 'No', 'FX', NULL, 60, 60);
INSERT INTO Television (WorkID, Title, Episodes, Seasons, StillRunning, Network, CameraSetup, MinimumRuntime, MaximumRuntime) VALUES ('T21', 'Bonnie & Clyde', 2, 1, 'No', 'A&E', NULL, 120, 120);
INSERT INTO Television (WorkID, Title, Episodes, Seasons, StillRunning, Network, CameraSetup, MinimumRuntime, MaximumRuntime) VALUES ('T22', 'Luther', 14, 3, 'No', 'BBC', NULL, 57, 57);
INSERT INTO Television (WorkID, Title, Episodes, Seasons, StillRunning, Network, CameraSetup, MinimumRuntime, MaximumRuntime) VALUES ('T23', 'Treme', 36, 4, 'No', 'HBO', 'Single-camera', 60, 60);
INSERT INTO Television (WorkID, Title, Episodes, Seasons, StillRunning, Network, CameraSetup, MinimumRuntime, MaximumRuntime) VALUES ('T24', 'The White Queen', 10, 1, 'No', 'BBC', NULL, 60, 60);
INSERT INTO Television (WorkID, Title, Episodes, Seasons, StillRunning, Network, CameraSetup, MinimumRuntime, MaximumRuntime) VALUES ('T25', 'The Normal Heart', 1, 1, 'No', 'HBO', NULL, 133, 133);
INSERT INTO Television (WorkID, Title, Episodes, Seasons, StillRunning, Network, CameraSetup, MinimumRuntime, MaximumRuntime) VALUES ('T26', 'Killing Kennedy', 1, 1, 'No', 'National Geographic', NULL, 92, 92);
INSERT INTO Television (WorkID, Title, Episodes, Seasons, StillRunning, Network, CameraSetup, MinimumRuntime, MaximumRuntime) VALUES ('T27', 'Muhammad Ali''s Greatest Fight', 1, 1, 'No', 'HBO', NULL, 97, 97);
INSERT INTO Television (WorkID, Title, Episodes, Seasons, StillRunning, Network, CameraSetup, MinimumRuntime, MaximumRuntime) VALUES ('T28', 'Sherlock: "His Last Vow"', 1, 1, 'No', 'BBC', 'Single-camera', 89, 89);
INSERT INTO Television (WorkID, Title, Episodes, Seasons, StillRunning, Network, CameraSetup, MinimumRuntime, MaximumRuntime) VALUES ('T29', 'The Trip to Bountiful', 1, 1, 'No', 'Lifetime', NULL, NULL, NULL);
INSERT INTO Television (WorkID, Title, Episodes, Seasons, StillRunning, Network, CameraSetup, MinimumRuntime, MaximumRuntime) VALUES ('T30', 'The Amazing Race', 297, 26, 'Yes', 'CBS', 'Multi-camera', 43, 43);
INSERT INTO Television (WorkID, Title, Episodes, Seasons, StillRunning, Network, CameraSetup, MinimumRuntime, MaximumRuntime) VALUES ('T31', 'Dancing with the Stars', 345, 19, 'Yes', 'ABC', 'Multi-camera', 40, 80);
INSERT INTO Television (WorkID, Title, Episodes, Seasons, StillRunning, Network, CameraSetup, MinimumRuntime, MaximumRuntime) VALUES ('T32', 'Project Runway', 182, 13, 'Yes', 'Lifetime', 'Multi-camera', 40, 64);
INSERT INTO Television (WorkID, Title, Episodes, Seasons, StillRunning, Network, CameraSetup, MinimumRuntime, MaximumRuntime) VALUES ('T33', 'So You Think You Can Dance', 207, 11, 'Yes', 'FOX', NULL, 60, 60);
INSERT INTO Television (WorkID, Title, Episodes, Seasons, StillRunning, Network, CameraSetup, MinimumRuntime, MaximumRuntime) VALUES ('T34', 'Top Chef', 141, 12, 'Yes', 'Bravo', NULL, 42, 42);
INSERT INTO Television (WorkID, Title, Episodes, Seasons, StillRunning, Network, CameraSetup, MinimumRuntime, MaximumRuntime) VALUES ('T35', 'The Voice', 180, 8, 'Yes', 'NBC', 'Multi-camera', 44, 104);
INSERT INTO Television (WorkID, Title, Episodes, Seasons, StillRunning, Network, CameraSetup, MinimumRuntime, MaximumRuntime) VALUES ('T36', 'House of Lies', 37, 4, 'Yes', 'Showtime', NULL, 30, 30);
INSERT INTO Television (WorkID, Title, Episodes, Seasons, StillRunning, Network, CameraSetup, MinimumRuntime, MaximumRuntime) VALUES ('T37', 'Derek', 14, 2, 'No', 'Netflix', NULL, 24, 24);
INSERT INTO Television (WorkID, Title, Episodes, Seasons, StillRunning, Network, CameraSetup, MinimumRuntime, MaximumRuntime) VALUES ('T38', 'Episodes', 32, 4, 'Yes', 'Showtime', 'Single-camera', 30, 30);
INSERT INTO Television (WorkID, Title, Episodes, Seasons, StillRunning, Network, CameraSetup, MinimumRuntime, MaximumRuntime) VALUES ('T39', 'Shameless', 56, 5, 'Yes', 'Showtime', NULL, 45, 55);
INSERT INTO Television (WorkID, Title, Episodes, Seasons, StillRunning, Network, CameraSetup, MinimumRuntime, MaximumRuntime) VALUES ('T40', 'Girls', 40, 4, 'Yes', 'HBO', 'Single-camera', 30, 30);
INSERT INTO Television (WorkID, Title, Episodes, Seasons, StillRunning, Network, CameraSetup, MinimumRuntime, MaximumRuntime) VALUES ('T41', 'Nurse Jackie', 68, 6, 'Yes', 'Showtime', 'Single-camera', 27, 27);
INSERT INTO Television (WorkID, Title, Episodes, Seasons, StillRunning, Network, CameraSetup, MinimumRuntime, MaximumRuntime) VALUES ('T42', 'Mike & Molly', 105, 5, 'Yes', 'CBS', 'Multi-camera', 18, 22);
INSERT INTO Television (WorkID, Title, Episodes, Seasons, StillRunning, Network, CameraSetup, MinimumRuntime, MaximumRuntime) VALUES ('T43', 'Parks and Recreation', 125, 7, 'No', 'NBC', 'Single-camera', 30, 30);
INSERT INTO Television (WorkID, Title, Episodes, Seasons, StillRunning, Network, CameraSetup, MinimumRuntime, MaximumRuntime) VALUES ('T44', 'The Newsroom', 25, 3, 'No', 'HBO', NULL, 52, 73);
INSERT INTO Television (WorkID, Title, Episodes, Seasons, StillRunning, Network, CameraSetup, MinimumRuntime, MaximumRuntime) VALUES ('T45', 'The Good Wife', 126, 6, 'Yes', 'CBS', NULL, 43, 43);
INSERT INTO Television (WorkID, Title, Episodes, Seasons, StillRunning, Network, CameraSetup, MinimumRuntime, MaximumRuntime) VALUES ('T47', 'Masters of Sex', 24, 2, 'Yes', 'Showtime', NULL, 55, 60);
INSERT INTO Television (WorkID, Title, Episodes, Seasons, StillRunning, Network, CameraSetup, MinimumRuntime, MaximumRuntime) VALUES ('T48', 'Homeland', 48, 4, 'Yes', 'Showtime', 'Single-camera', 46, 65);
INSERT INTO Television (WorkID, Title, Episodes, Seasons, StillRunning, Network, CameraSetup, MinimumRuntime, MaximumRuntime) VALUES ('T49', 'Scandal', 62, 4, 'Yes', 'ABC', 'Single-camera', 43, 43);
INSERT INTO Television (WorkID, Title, Episodes, Seasons, StillRunning, Network, CameraSetup, MinimumRuntime, MaximumRuntime) VALUES ('T50', 'Dancing on the Edge', 5, 1, 'No', 'BBC', NULL, NULL, NULL);
INSERT INTO Television (WorkID, Title, Episodes, Seasons, StillRunning, Network, CameraSetup, MinimumRuntime, MaximumRuntime) VALUES ('T51', 'Burton & Taylor', 1, 1, 'No', 'BBC', NULL, 82, 82);
INSERT INTO Television (WorkID, Title, Episodes, Seasons, StillRunning, Network, CameraSetup, MinimumRuntime, MaximumRuntime) VALUES ('T52', 'Return to Zero', 1, 1, 'No', 'Lifetime', NULL, 107, 107);
INSERT INTO Television (WorkID, Title, Episodes, Seasons, StillRunning, Network, CameraSetup, MinimumRuntime, MaximumRuntime) VALUES ('T53', 'The Spoils of Babylon', 6, 1, 'No', 'IFC', NULL, 23, 23);
INSERT INTO Television (WorkID, Title, Episodes, Seasons, StillRunning, Network, CameraSetup, MinimumRuntime, MaximumRuntime) VALUES ('T54', 'Portlandia', 47, 5, 'Yes', 'IFC', 'Single-camera', 22, 22);
INSERT INTO Television (WorkID, Title, Episodes, Seasons, StillRunning, Network, CameraSetup, MinimumRuntime, MaximumRuntime) VALUES ('T55', 'Brooklyn Nine-Nine', 39, 2, 'Yes', 'FOX', 'Single-camera', 22, 22);
INSERT INTO Television (WorkID, Title, Episodes, Seasons, StillRunning, Network, CameraSetup, MinimumRuntime, MaximumRuntime) VALUES ('T56', 'Mom', 39, 2, 'Yes', 'CBS', 'Multi-camera', 22, 22);
INSERT INTO Television (WorkID, Title, Episodes, Seasons, StillRunning, Network, CameraSetup, MinimumRuntime, MaximumRuntime) VALUES ('T57', 'Ray Donovan', 24, 2, 'Yes', 'Showtime', NULL, 45, 60);
INSERT INTO Television (WorkID, Title, Episodes, Seasons, StillRunning, Network, CameraSetup, MinimumRuntime, MaximumRuntime) VALUES ('T58', 'Flowers in the Attic', 1, 1, 'No', 'Lifetime', NULL, 86, 86);
CREATE TABLE Works(WorkID VARCHAR(200), TitleName VARCHAR(500));
INSERT INTO Works (WorkID, TitleName) VALUES ('S1', 'Act One');
INSERT INTO Works (WorkID, TitleName) VALUES ('S2', 'All the Way');
INSERT INTO Works (WorkID, TitleName) VALUES ('S3', 'Casa Valentina');
INSERT INTO Works (WorkID, TitleName) VALUES ('S4', 'Mothers and Sons');
INSERT INTO Works (WorkID, TitleName) VALUES ('S5', 'Outside Mullingar');
INSERT INTO Works (WorkID, TitleName) VALUES ('S6', 'A Gentleman''s Guide to Love and Murder');
INSERT INTO Works (WorkID, TitleName) VALUES ('S7', 'After Midnight');
INSERT INTO Works (WorkID, TitleName) VALUES ('S8', 'Aladdin');
INSERT INTO Works (WorkID, TitleName) VALUES ('S9', 'Beautiful: The Carole King Musical');
INSERT INTO Works (WorkID, TitleName) VALUES ('S10', 'A Raisin in the Sun');
INSERT INTO Works (WorkID, TitleName) VALUES ('S11', 'The Cripple of Inishmaan');
INSERT INTO Works (WorkID, TitleName) VALUES ('S12', 'The Glass Menagerie');
INSERT INTO Works (WorkID, TitleName) VALUES ('S13', 'Twelfth Night');
INSERT INTO Works (WorkID, TitleName) VALUES ('S14', 'Hedwig and the Angry Inch');
INSERT INTO Works (WorkID, TitleName) VALUES ('S15', 'Les Miserables');
INSERT INTO Works (WorkID, TitleName) VALUES ('S16', 'Violet');
INSERT INTO Works (WorkID, TitleName) VALUES ('S17', 'Of Mice and Men');
INSERT INTO Works (WorkID, TitleName) VALUES ('S18', 'Richard III');
INSERT INTO Works (WorkID, TitleName) VALUES ('S19', 'Lady Day at Emerson''s Bar & Grill');
INSERT INTO Works (WorkID, TitleName) VALUES ('S20', 'The Velocity of Autumn');
INSERT INTO Works (WorkID, TitleName) VALUES ('S21', 'Rocky');
INSERT INTO Works (WorkID, TitleName) VALUES ('S22', 'A Night with Janis Joplin');
INSERT INTO Works (WorkID, TitleName) VALUES ('S23', 'If/Then');
INSERT INTO Works (WorkID, TitleName) VALUES ('S24', 'The Bridges of Madison County');
INSERT INTO Works (WorkID, TitleName) VALUES ('S25', 'Cabaret');
INSERT INTO Works (WorkID, TitleName) VALUES ('S26', 'Bullets Over Broadway');
INSERT INTO Works (WorkID, TitleName) VALUES ('S27', 'Machinal');
INSERT INTO Works (WorkID, TitleName) VALUES ('U1', 'Stay with Me (Darkchild Version)');
INSERT INTO Works (WorkID, TitleName) VALUES ('U2', 'Fancy');
INSERT INTO Works (WorkID, TitleName) VALUES ('U3', 'Chandelier');
INSERT INTO Works (WorkID, TitleName) VALUES ('U4', 'Shake It Off');
INSERT INTO Works (WorkID, TitleName) VALUES ('U5', 'All About That Bass');
INSERT INTO Works (WorkID, TitleName) VALUES ('U6', 'Morning Phase');
INSERT INTO Works (WorkID, TitleName) VALUES ('U7', 'Beyonce');
INSERT INTO Works (WorkID, TitleName) VALUES ('U8', 'x');
INSERT INTO Works (WorkID, TitleName) VALUES ('U9', 'In the Lonely Hour');
INSERT INTO Works (WorkID, TitleName) VALUES ('U10', 'G I R L');
INSERT INTO Works (WorkID, TitleName) VALUES ('U11', 'Take Me to Church');
INSERT INTO Works (WorkID, TitleName) VALUES ('U12', 'Happy (Live)');
INSERT INTO Works (WorkID, TitleName) VALUES ('U13', 'All of Me (Live)');
INSERT INTO Works (WorkID, TitleName) VALUES ('U14', 'Say Something');
INSERT INTO Works (WorkID, TitleName) VALUES ('U15', 'A Sky Full of Stars');
INSERT INTO Works (WorkID, TitleName) VALUES ('U16', 'Bang Bang');
INSERT INTO Works (WorkID, TitleName) VALUES ('U17', 'Dark Horse');
INSERT INTO Works (WorkID, TitleName) VALUES ('U18', 'Ghost Stories');
INSERT INTO Works (WorkID, TitleName) VALUES ('U19', 'Bangerz');
INSERT INTO Works (WorkID, TitleName) VALUES ('U20', 'My Everything');
INSERT INTO Works (WorkID, TitleName) VALUES ('U21', 'Prism');
INSERT INTO Works (WorkID, TitleName) VALUES ('U22', 'Cheek to Cheek');
INSERT INTO Works (WorkID, TitleName) VALUES ('U23', 'Nostalgia');
INSERT INTO Works (WorkID, TitleName) VALUES ('U24', 'Night Songs');
INSERT INTO Works (WorkID, TitleName) VALUES ('U25', 'Sending You a Little Christmas');
INSERT INTO Works (WorkID, TitleName) VALUES ('U26', 'Partners');
INSERT INTO Works (WorkID, TitleName) VALUES ('U27', 'Rather Be');
INSERT INTO Works (WorkID, TitleName) VALUES ('U28', 'Never Say Never');
INSERT INTO Works (WorkID, TitleName) VALUES ('U29', 'F For You');
INSERT INTO Works (WorkID, TitleName) VALUES ('U30', 'I Got U');
INSERT INTO Works (WorkID, TitleName) VALUES ('U31', 'Faded');
INSERT INTO Works (WorkID, TitleName) VALUES ('U32', 'Syro');
INSERT INTO Works (WorkID, TitleName) VALUES ('U33', 'while(1<2)');
INSERT INTO Works (WorkID, TitleName) VALUES ('U34', 'Nabuma Rubberband');
INSERT INTO Works (WorkID, TitleName) VALUES ('U35', 'Do It Again');
INSERT INTO Works (WorkID, TitleName) VALUES ('U36', 'Damage Control');
INSERT INTO Works (WorkID, TitleName) VALUES ('U37', 'Bass & Mandolin');
INSERT INTO Works (WorkID, TitleName) VALUES ('U38', 'Wild Heart');
INSERT INTO Works (WorkID, TitleName) VALUES ('U39', 'Slam Dunk');
INSERT INTO Works (WorkID, TitleName) VALUES ('U40', 'Nathan East');
INSERT INTO Works (WorkID, TitleName) VALUES ('U41', 'Jazz Funk Soul');
INSERT INTO Works (WorkID, TitleName) VALUES ('U42', 'Lazaretto');
INSERT INTO Works (WorkID, TitleName) VALUES ('U43', 'Gimme Something Good');
INSERT INTO Works (WorkID, TitleName) VALUES ('U44', 'Do I Wanna Know?');
INSERT INTO Works (WorkID, TitleName) VALUES ('U45', 'Blue Moon');
INSERT INTO Works (WorkID, TitleName) VALUES ('U46', 'Fever');
INSERT INTO Works (WorkID, TitleName) VALUES ('U47', 'The Last in Line');
INSERT INTO Works (WorkID, TitleName) VALUES ('U48', 'Neon Knights');
INSERT INTO Works (WorkID, TitleName) VALUES ('U49', 'High Road');
INSERT INTO Works (WorkID, TitleName) VALUES ('U50', 'Heartbreaker');
INSERT INTO Works (WorkID, TitleName) VALUES ('U51', 'The Negative One');
INSERT INTO Works (WorkID, TitleName) VALUES ('U52', 'Ain''t It Fun');
INSERT INTO Works (WorkID, TitleName) VALUES ('U53', 'Fever');
INSERT INTO Works (WorkID, TitleName) VALUES ('U54', 'Ryan Adams');
INSERT INTO Works (WorkID, TitleName) VALUES ('U55', 'Turn Blue');
INSERT INTO Works (WorkID, TitleName) VALUES ('U56', 'Hypnotic Eye');
INSERT INTO Works (WorkID, TitleName) VALUES ('U57', 'Songs of Innocence');
INSERT INTO Works (WorkID, TitleName) VALUES ('U58', 'St. Vincent');
INSERT INTO Works (WorkID, TitleName) VALUES ('U59', 'This Is All Yours');
INSERT INTO Works (WorkID, TitleName) VALUES ('U60', 'Reflektor');
INSERT INTO Works (WorkID, TitleName) VALUES ('U61', 'Melophobia');
INSERT INTO Works (WorkID, TitleName) VALUES ('U62', 'Drunk in Love');
INSERT INTO Works (WorkID, TitleName) VALUES ('U63', 'Good Kisser');
INSERT INTO Works (WorkID, TitleName) VALUES ('U64', 'New Flame');
INSERT INTO Works (WorkID, TitleName) VALUES ('U65', 'Options');
INSERT INTO Works (WorkID, TitleName) VALUES ('U66', 'The Worst');
INSERT INTO Works (WorkID, TitleName) VALUES ('U67', 'Sail Out');
INSERT INTO Works (WorkID, TitleName) VALUES ('U68', 'Mali is...');
INSERT INTO Works (WorkID, TitleName) VALUES ('U69', 'Love, Marriage & Divorce');
INSERT INTO Works (WorkID, TitleName) VALUES ('U70', 'Islander');
INSERT INTO Works (WorkID, TitleName) VALUES ('U71', 'Lift Your Spirit');
INSERT INTO Works (WorkID, TitleName) VALUES ('U72', 'Black Radio 2');
INSERT INTO Works (WorkID, TitleName) VALUES ('U73', 'Give The People What They Want');
INSERT INTO Works (WorkID, TitleName) VALUES ('U74', 'i');
INSERT INTO Works (WorkID, TitleName) VALUES ('U75', 'Anaconda');
INSERT INTO Works (WorkID, TitleName) VALUES ('U76', 'Bound 2');
INSERT INTO Works (WorkID, TitleName) VALUES ('U77', 'Me Dem Boyz');
INSERT INTO Works (WorkID, TitleName) VALUES ('U78', '0 to 100 / The Catch Up');
INSERT INTO Works (WorkID, TitleName) VALUES ('U79', 'The MArshall Mathers LP 2');
INSERT INTO Works (WorkID, TitleName) VALUES ('U80', 'The New Classic');
INSERT INTO Works (WorkID, TitleName) VALUES ('U81', 'Because the Internet');
INSERT INTO Works (WorkID, TitleName) VALUES ('U82', 'Nobody''s Smiling');
INSERT INTO Works (WorkID, TitleName) VALUES ('U83', 'Oxymoron');
INSERT INTO Works (WorkID, TitleName) VALUES ('U84', 'Blacc Hollywood');
INSERT INTO Works (WorkID, TitleName) VALUES ('U85', 'I''m Not Gonna Miss You');
INSERT INTO Works (WorkID, TitleName) VALUES ('U86', 'American Kids');
INSERT INTO Works (WorkID, TitleName) VALUES ('U87', 'Automatic');
INSERT INTO Works (WorkID, TitleName) VALUES ('U88', 'Give Me Back My Hometown');
INSERT INTO Works (WorkID, TitleName) VALUES ('U89', 'Meanwhile Back at Mama''s');
INSERT INTO Works (WorkID, TitleName) VALUES ('U90', 'Platinum');
INSERT INTO Works (WorkID, TitleName) VALUES ('U91', 'Riser');
INSERT INTO Works (WorkID, TitleName) VALUES ('U92', 'The Outsiders');
INSERT INTO Works (WorkID, TitleName) VALUES ('U93', '12 Stories');
INSERT INTO Works (WorkID, TitleName) VALUES ('U94', 'The Way I''m Livin''');
INSERT INTO Works (WorkID, TitleName) VALUES ('T1', 'Modern Family');
INSERT INTO Works (WorkID, TitleName) VALUES ('T2', 'The Big Bang Theory');
INSERT INTO Works (WorkID, TitleName) VALUES ('T3', 'Louie');
INSERT INTO Works (WorkID, TitleName) VALUES ('T4', 'Orange is the New Black');
INSERT INTO Works (WorkID, TitleName) VALUES ('T5', 'Silicon Valley');
INSERT INTO Works (WorkID, TitleName) VALUES ('T6', 'Veep');
INSERT INTO Works (WorkID, TitleName) VALUES ('T7', 'Breaking Bad');
INSERT INTO Works (WorkID, TitleName) VALUES ('T8', 'Downton Abbey');
INSERT INTO Works (WorkID, TitleName) VALUES ('T9', 'Game of Thrones');
INSERT INTO Works (WorkID, TitleName) VALUES ('T10', 'House of Cards');
INSERT INTO Works (WorkID, TitleName) VALUES ('T11', 'Mad Men');
INSERT INTO Works (WorkID, TitleName) VALUES ('T12', 'True Detective');
INSERT INTO Works (WorkID, TitleName) VALUES ('T13', 'The Colbert Report');
INSERT INTO Works (WorkID, TitleName) VALUES ('T14', 'The Daily Show with Jon Stewart');
INSERT INTO Works (WorkID, TitleName) VALUES ('T15', 'Jimmy Kimmel Live!');
INSERT INTO Works (WorkID, TitleName) VALUES ('T16', 'Real Time with Bill Maher');
INSERT INTO Works (WorkID, TitleName) VALUES ('T17', 'Saturday Night Live');
INSERT INTO Works (WorkID, TitleName) VALUES ('T18', 'The Tonight Show Starring Jimmy Fallon');
INSERT INTO Works (WorkID, TitleName) VALUES ('T19', 'Fargo');
INSERT INTO Works (WorkID, TitleName) VALUES ('T20', 'American Horror Story: Coven');
INSERT INTO Works (WorkID, TitleName) VALUES ('T21', 'Bonnie & Clyde');
INSERT INTO Works (WorkID, TitleName) VALUES ('T22', 'Luther');
INSERT INTO Works (WorkID, TitleName) VALUES ('T23', 'Treme');
INSERT INTO Works (WorkID, TitleName) VALUES ('T24', 'The White Queen');
INSERT INTO Works (WorkID, TitleName) VALUES ('T25', 'The Normal Heart');
INSERT INTO Works (WorkID, TitleName) VALUES ('T26', 'Killing Kennedy');
INSERT INTO Works (WorkID, TitleName) VALUES ('T27', 'Muhammad Ali''s Greatest Fight');
INSERT INTO Works (WorkID, TitleName) VALUES ('T28', 'Sherlock: "His Last Vow"');
INSERT INTO Works (WorkID, TitleName) VALUES ('T29', 'The Trip to Bountiful');
INSERT INTO Works (WorkID, TitleName) VALUES ('T30', 'The Amazing Race');
INSERT INTO Works (WorkID, TitleName) VALUES ('T31', 'Dancing with the Stars');
INSERT INTO Works (WorkID, TitleName) VALUES ('T32', 'Project Runway');
INSERT INTO Works (WorkID, TitleName) VALUES ('T33', 'So You Think You Can Dance');
INSERT INTO Works (WorkID, TitleName) VALUES ('T34', 'Top Chef');
INSERT INTO Works (WorkID, TitleName) VALUES ('T35', 'The Voice');
INSERT INTO Works (WorkID, TitleName) VALUES ('T36', 'House of Lies');
INSERT INTO Works (WorkID, TitleName) VALUES ('T37', 'Derek');
INSERT INTO Works (WorkID, TitleName) VALUES ('T38', 'Episodes');
INSERT INTO Works (WorkID, TitleName) VALUES ('T39', 'Shameless');
INSERT INTO Works (WorkID, TitleName) VALUES ('T40', 'Girls');
INSERT INTO Works (WorkID, TitleName) VALUES ('T41', 'Nurse Jackie');
INSERT INTO Works (WorkID, TitleName) VALUES ('T42', 'Mike & Molly');
INSERT INTO Works (WorkID, TitleName) VALUES ('T43', 'Parks and Recreation');
INSERT INTO Works (WorkID, TitleName) VALUES ('T44', 'The Newsroom');
INSERT INTO Works (WorkID, TitleName) VALUES ('T45', 'The Good Wife');
INSERT INTO Works (WorkID, TitleName) VALUES ('T47', 'Masters of Sex');
INSERT INTO Works (WorkID, TitleName) VALUES ('T48', 'Homeland');
INSERT INTO Works (WorkID, TitleName) VALUES ('T49', 'Scandal');
INSERT INTO Works (WorkID, TitleName) VALUES ('T50', 'Dancing on the Edge');
INSERT INTO Works (WorkID, TitleName) VALUES ('T51', 'Burton & Taylor');
INSERT INTO Works (WorkID, TitleName) VALUES ('T52', 'Return to Zero');
INSERT INTO Works (WorkID, TitleName) VALUES ('T53', 'The Spoils of Babylon');
INSERT INTO Works (WorkID, TitleName) VALUES ('T54', 'Portlandia');
INSERT INTO Works (WorkID, TitleName) VALUES ('T55', 'Brooklyn Nine-Nine');
INSERT INTO Works (WorkID, TitleName) VALUES ('T56', 'Mom');
INSERT INTO Works (WorkID, TitleName) VALUES ('T57', 'Ray Donovan');
INSERT INTO Works (WorkID, TitleName) VALUES ('T58', 'Flowers in the Attic');
INSERT INTO Works (WorkID, TitleName) VALUES ('M1', 'Birdman or (The Unexpected Virtue of Ignorance)');
INSERT INTO Works (WorkID, TitleName) VALUES ('M2', 'American Sniper');
INSERT INTO Works (WorkID, TitleName) VALUES ('M3', 'Boyhood');
INSERT INTO Works (WorkID, TitleName) VALUES ('M4', 'The Grand Budapest Hotel');
INSERT INTO Works (WorkID, TitleName) VALUES ('M5', 'The Imitation Game');
INSERT INTO Works (WorkID, TitleName) VALUES ('M6', 'Selma');
INSERT INTO Works (WorkID, TitleName) VALUES ('M7', 'The Theory of Everything');
INSERT INTO Works (WorkID, TitleName) VALUES ('M8', 'Whiplash');
INSERT INTO Works (WorkID, TitleName) VALUES ('M9', 'Foxcatcher');
INSERT INTO Works (WorkID, TitleName) VALUES ('M10', 'Still Alice');
INSERT INTO Works (WorkID, TitleName) VALUES ('M11', 'Two Days, One Night');
INSERT INTO Works (WorkID, TitleName) VALUES ('M12', 'Gone Girl');
INSERT INTO Works (WorkID, TitleName) VALUES ('M13', 'Wild');
INSERT INTO Works (WorkID, TitleName) VALUES ('M14', 'The Judge');
INSERT INTO Works (WorkID, TitleName) VALUES ('M15', 'Into the Woods');
INSERT INTO Works (WorkID, TitleName) VALUES ('M16', 'Nightcrawler');
INSERT INTO Works (WorkID, TitleName) VALUES ('M17', 'Inherent Vice');
INSERT INTO Works (WorkID, TitleName) VALUES ('M18', 'Big Hero 6');
INSERT INTO Works (WorkID, TitleName) VALUES ('M19', 'The Boxtrolls');
INSERT INTO Works (WorkID, TitleName) VALUES ('M20', 'How to Train Your Dragon 2');
INSERT INTO Works (WorkID, TitleName) VALUES ('M21', 'Song of the Sea');
INSERT INTO Works (WorkID, TitleName) VALUES ('M22', 'The Tale of Princess Kaguya');
INSERT INTO Works (WorkID, TitleName) VALUES ('M23', 'Ida');
INSERT INTO Works (WorkID, TitleName) VALUES ('M24', 'Leviathan');
INSERT INTO Works (WorkID, TitleName) VALUES ('M25', 'Tanagerines');
INSERT INTO Works (WorkID, TitleName) VALUES ('M26', 'Timbuktu');
INSERT INTO Works (WorkID, TitleName) VALUES ('M27', 'Wild Tales');
INSERT INTO Works (WorkID, TitleName) VALUES ('M28', 'Citizenfour');
INSERT INTO Works (WorkID, TitleName) VALUES ('M29', 'Finding Vivian Maier');
INSERT INTO Works (WorkID, TitleName) VALUES ('M30', 'Last Days in Vietnam');
INSERT INTO Works (WorkID, TitleName) VALUES ('M31', 'The Salt of the Earth');
INSERT INTO Works (WorkID, TitleName) VALUES ('M32', 'Virunga');
INSERT INTO Works (WorkID, TitleName) VALUES ('M33', 'Crisis Hotline: Veterans Press 1');
INSERT INTO Works (WorkID, TitleName) VALUES ('M34', 'Joanna');
INSERT INTO Works (WorkID, TitleName) VALUES ('M35', 'Our Curse');
INSERT INTO Works (WorkID, TitleName) VALUES ('M36', 'The Reaper');
INSERT INTO Works (WorkID, TitleName) VALUES ('M37', 'White Earth');
INSERT INTO Works (WorkID, TitleName) VALUES ('M38', 'The Phone Call');
INSERT INTO Works (WorkID, TitleName) VALUES ('M39', 'Aya');
INSERT INTO Works (WorkID, TitleName) VALUES ('M40', 'Boogaloo and Graham');
INSERT INTO Works (WorkID, TitleName) VALUES ('M41', 'Butter Lamp');
INSERT INTO Works (WorkID, TitleName) VALUES ('M42', 'Parvaneh');
INSERT INTO Works (WorkID, TitleName) VALUES ('M43', 'Feast');
INSERT INTO Works (WorkID, TitleName) VALUES ('M44', 'The Bigger Picture');
INSERT INTO Works (WorkID, TitleName) VALUES ('M45', '12 Years a Slave');
INSERT INTO Works (WorkID, TitleName) VALUES ('M46', 'American Hustle');
INSERT INTO Works (WorkID, TitleName) VALUES ('M47', 'Captain Phillips');
INSERT INTO Works (WorkID, TitleName) VALUES ('M48', 'Dallas Buyers Club');
INSERT INTO Works (WorkID, TitleName) VALUES ('M49', 'Gravity');
INSERT INTO Works (WorkID, TitleName) VALUES ('M50', 'Her');
INSERT INTO Works (WorkID, TitleName) VALUES ('M51', 'Nebraska');
INSERT INTO Works (WorkID, TitleName) VALUES ('M52', 'Philomena');
INSERT INTO Works (WorkID, TitleName) VALUES ('M53', 'The Wolf of Wall Street');
INSERT INTO Works (WorkID, TitleName) VALUES ('M54', 'Blue Jasmine');
INSERT INTO Works (WorkID, TitleName) VALUES ('M55', 'August: Osage County');
INSERT INTO Works (WorkID, TitleName) VALUES ('M56', 'Before Midnight');
INSERT INTO Works (WorkID, TitleName) VALUES ('M57', 'Frozen');
INSERT INTO Works (WorkID, TitleName) VALUES ('M58', 'The Croods');
INSERT INTO Works (WorkID, TitleName) VALUES ('M59', 'Despicable Me 2');
INSERT INTO Works (WorkID, TitleName) VALUES ('M60', 'Ernest & Celestine');
INSERT INTO Works (WorkID, TitleName) VALUES ('M61', 'The Wind Rises');
INSERT INTO Works (WorkID, TitleName) VALUES ('M62', 'Saving Mr. Banks');
INSERT INTO Works (WorkID, TitleName) VALUES ('M63', 'Mandela: Long Walk to Freedom');
INSERT INTO Works (WorkID, TitleName) VALUES ('M64', 'All is Lost');
INSERT INTO Works (WorkID, TitleName) VALUES ('M65', 'The Hobbit: The Desolation of Smaug');
INSERT INTO Works (WorkID, TitleName) VALUES ('M66', 'Lone Survivor');
INSERT INTO Works (WorkID, TitleName) VALUES ('M67', 'Inside Llewyn Davis');
INSERT INTO Works (WorkID, TitleName) VALUES ('M68', 'The Great Gatsby');
INSERT INTO Works (WorkID, TitleName) VALUES ('M69', 'The Dam Keeper');
INSERT INTO Works (WorkID, TitleName) VALUES ('M70', 'Me and My Moulton');
INSERT INTO Works (WorkID, TitleName) VALUES ('M71', 'A Single Life');
INSERT INTO Works (WorkID, TitleName) VALUES ('M72', 'Interstellar');
INSERT INTO Works (WorkID, TitleName) VALUES ('M73', 'Mr. Turner');
INSERT INTO Works (WorkID, TitleName) VALUES ('M74', 'The Lego Movie');
INSERT INTO Works (WorkID, TitleName) VALUES ('M75', 'Beyond the Lights');
INSERT INTO Works (WorkID, TitleName) VALUES ('M76', 'Glen Campbell: I''ll Be Me');
INSERT INTO Works (WorkID, TitleName) VALUES ('M77', 'Begin Again');
INSERT INTO Works (WorkID, TitleName) VALUES ('M78', 'The Hobbit: The Battle of the Five Armies');
INSERT INTO Works (WorkID, TitleName) VALUES ('M79', 'Unbroken');
INSERT INTO Works (WorkID, TitleName) VALUES ('M80', 'Guardians of the Galaxy');
INSERT INTO Works (WorkID, TitleName) VALUES ('M81', 'Maleficent');
INSERT INTO Works (WorkID, TitleName) VALUES ('M82', 'Captain America: The Winter Soldier');
INSERT INTO Works (WorkID, TitleName) VALUES ('M83', 'Dawn of the Planet of the Apes');
INSERT INTO Works (WorkID, TitleName) VALUES ('M84', 'X-Men: Days of Future Past');